src/autoflow/infrastructure/database/migrations/versions/0003_merge_proxy_models.py:9: error: Function is missing a return type annotation  [no-untyped-def]
src/autoflow/infrastructure/database/migrations/versions/0003_merge_proxy_models.py:9: note: Use "-> None" if function does not return a value
src/autoflow/infrastructure/database/migrations/versions/0003_merge_proxy_models.py:13: error: Function is missing a return type annotation  [no-untyped-def]
src/autoflow/infrastructure/database/migrations/versions/0003_merge_proxy_models.py:13: note: Use "-> None" if function does not return a value
src/autoflow/domain/proxies/errors.py:4: error: Missing type arguments for generic type "dict"  [type-arg]
src/autoflow/domain/proxies/errors.py:44: error: Missing type arguments for generic type "dict"  [type-arg]
src/autoflow/domain/workflows/graph.py:27: error: Returning Any from function declared to return "str"  [no-any-return]
src/autoflow/application/workflows/executors/safe_expr.py:265: error: Call to untyped function (unknown) in typed context  [no-untyped-call]
src/autoflow/application/kernels/operations.py:107: error: Redundant cast to "Literal['queued', 'downloading', 'verifying', 'extracting', 'cancelling', 'cancelled', 'completed', 'failed']"  [redundant-cast]
src/autoflow/application/workflows/image_assets.py:302: error: Returning Any from function declared to return "dict[str, Any]"  [no-any-return]
src/autoflow/domain/proxies/remote.py:52: error: Missing type arguments for generic type "dict"  [type-arg]
src/autoflow/domain/proxies/remote.py:53: error: Missing type arguments for generic type "dict"  [type-arg]
src/autoflow/domain/proxies/remote.py:58: error: Missing type arguments for generic type "dict"  [type-arg]
src/autoflow/domain/proxies/remote.py:66: error: Missing type arguments for generic type "dict"  [type-arg]
src/autoflow/domain/proxies/remote.py:83: error: Missing type arguments for generic type "dict"  [type-arg]
src/autoflow/domain/proxies/remote.py:84: error: Missing type arguments for generic type "dict"  [type-arg]
src/autoflow/domain/proxies/ports.py:26: error: Missing type arguments for generic type "dict"  [type-arg]
src/autoflow/domain/proxies/ports.py:48: error: Missing type arguments for generic type "dict"  [type-arg]
src/autoflow/domain/proxies/ports.py:100: error: Function is missing a type annotation for one or more parameters  [no-untyped-def]
src/autoflow/domain/project_data/ports.py:13: error: Missing type arguments for generic type "dict"  [type-arg]
src/autoflow/domain/project_data/ports.py:19: error: Missing type arguments for generic type "dict"  [type-arg]
src/autoflow/domain/project_data/ports.py:22: error: Missing type arguments for generic type "dict"  [type-arg]
src/autoflow/domain/project_data/ports.py:24: error: Missing type arguments for generic type "dict"  [type-arg]
src/autoflow/domain/project_data/ports.py:34: error: Missing type arguments for generic type "dict"  [type-arg]
src/autoflow/application/proxies/sync.py:73: error: Missing type arguments for generic type "dict"  [type-arg]
src/autoflow/application/proxies/projections.py:21: error: Function is missing a type annotation for one or more parameters  [no-untyped-def]
src/autoflow/application/projects/service.py:29: error: Function is missing a return type annotation  [no-untyped-def]
src/autoflow/application/projects/service.py:42: error: Call to untyped function "_operation" in typed context  [no-untyped-call]
src/autoflow/application/projects/service.py:52: error: Function is missing a return type annotation  [no-untyped-def]
src/autoflow/application/projects/service.py:54: error: Call to untyped function "_validation" in typed context  [no-untyped-call]
src/autoflow/application/projects/service.py:57: error: Call to untyped function "_validation" in typed context  [no-untyped-call]
src/autoflow/application/projects/service.py:65: error: Call to untyped function "_operation" in typed context  [no-untyped-call]
src/autoflow/application/projects/service.py:81: error: Function is missing a type annotation  [no-untyped-def]
src/autoflow/application/projects/service.py:87: error: Function is missing a type annotation  [no-untyped-def]
src/autoflow/application/projects/service.py:90: error: Function is missing a type annotation  [no-untyped-def]
src/autoflow/application/projects/service.py:93: error: Function is missing a type annotation  [no-untyped-def]
src/autoflow/application/projects/service.py:95: error: Call to untyped function "get" in typed context  [no-untyped-call]
src/autoflow/application/projects/service.py:106: error: Function is missing a type annotation  [no-untyped-def]
src/autoflow/application/projects/service.py:107: error: Call to untyped function "get" in typed context  [no-untyped-call]
src/autoflow/application/projects/service.py:110: error: Function is missing a type annotation  [no-untyped-def]
src/autoflow/application/projects/service.py:111: error: Call to untyped function "operation" in typed context  [no-untyped-call]
src/autoflow/application/projects/service.py:114: error: Function is missing a return type annotation  [no-untyped-def]
src/autoflow/application/projects/service.py:118: error: Call to untyped function "_validation" in typed context  [no-untyped-call]
src/autoflow/application/projects/service.py:121: error: Call to untyped function "_validation" in typed context  [no-untyped-call]
src/autoflow/application/projects/service.py:124: error: Call to untyped function "_validation" in typed context  [no-untyped-call]
src/autoflow/application/projects/service.py:127: error: Call to untyped function "_validation" in typed context  [no-untyped-call]
src/autoflow/application/projects/service.py:132: error: Call to untyped function "_validation" in typed context  [no-untyped-call]
src/autoflow/application/projects/service.py:135: error: Call to untyped function "_validation" in typed context  [no-untyped-call]
src/autoflow/application/projects/service.py:141: error: Call to untyped function "_resources" in typed context  [no-untyped-call]
src/autoflow/application/projects/service.py:145: error: Function is missing a type annotation  [no-untyped-def]
src/autoflow/application/projects/service.py:151: error: Call to untyped function "_validation" in typed context  [no-untyped-call]
src/autoflow/application/projects/service.py:161: error: Call to untyped function "_validation" in typed context  [no-untyped-call]
src/autoflow/application/projects/service.py:169: error: Call to untyped function "_validation" in typed context  [no-untyped-call]
src/autoflow/application/projects/service.py:176: error: Call to untyped function "_validation" in typed context  [no-untyped-call]
src/autoflow/application/projects/service.py:183: error: Call to untyped function "_validation" in typed context  [no-untyped-call]
src/autoflow/application/projects/service.py:186: error: Function is missing a type annotation  [no-untyped-def]
src/autoflow/application/projects/service.py:199: error: Function is missing a type annotation  [no-untyped-def]
src/autoflow/domain/project_runs/input_selection.py:473: error: Function is missing a type annotation for one or more parameters  [no-untyped-def]
src/autoflow/application/project_data/tables.py:21: error: Missing type arguments for generic type "dict"  [type-arg]
src/autoflow/application/project_data/tables.py:51: error: Missing type arguments for generic type "dict"  [type-arg]
src/autoflow/application/project_data/tables.py:71: error: Missing type arguments for generic type "dict"  [type-arg]
src/autoflow/application/project_data/tables.py:87: error: Missing type arguments for generic type "dict"  [type-arg]
src/autoflow/application/environments/retention.py:32: error: Function is missing a return type annotation  [no-untyped-def]
src/autoflow/application/environments/retention.py:32: error: Function is missing a type annotation for one or more parameters  [no-untyped-def]
src/autoflow/application/environments/retention.py:216: error: Function is missing a return type annotation  [no-untyped-def]
src/autoflow/application/environments/retention.py:216: error: Function is missing a type annotation for one or more parameters  [no-untyped-def]
src/autoflow/application/environments/retention.py:260: error: Function is missing a return type annotation  [no-untyped-def]
src/autoflow/application/environments/retention.py:260: error: Function is missing a type annotation for one or more parameters  [no-untyped-def]
src/autoflow/application/environments/retention.py:305: error: Function is missing a type annotation  [no-untyped-def]
src/autoflow/application/environments/retention.py:318: error: Call to untyped function "record" in typed context  [no-untyped-call]
src/autoflow/application/environments/retention.py:326: error: Call to untyped function "record" in typed context  [no-untyped-call]
src/autoflow/application/environments/retention.py:329: error: Call to untyped function "record" in typed context  [no-untyped-call]
src/autoflow/application/environments/retention.py:331: error: Call to untyped function "record" in typed context  [no-untyped-call]
src/autoflow/application/environments/retention.py:361: error: Call to untyped function "record" in typed context  [no-untyped-call]
src/autoflow/application/environments/retention.py:362: error: Call to untyped function "record" in typed context  [no-untyped-call]
src/autoflow/application/environments/retention.py:364: error: Call to untyped function "record" in typed context  [no-untyped-call]
src/autoflow/application/environments/retention.py:366: error: Call to untyped function "record" in typed context  [no-untyped-call]
src/autoflow/application/environments/retention.py:386: error: Call to untyped function "record" in typed context  [no-untyped-call]
src/autoflow/application/environments/retention.py:401: error: Function is missing a type annotation for one or more parameters  [no-untyped-def]
src/autoflow/application/environments/retention.py:413: error: Function is missing a type annotation for one or more parameters  [no-untyped-def]
src/autoflow/application/environments/retention.py:428: error: Function is missing a return type annotation  [no-untyped-def]
src/autoflow/application/environments/retention.py:428: error: Function is missing a type annotation for one or more parameters  [no-untyped-def]
src/autoflow/application/workflows/executors/text_to_speech.py:20: error: Missing type arguments for generic type "dict"  [type-arg]
src/autoflow/application/workflows/executors/js_script.py:21: error: Missing type arguments for generic type "dict"  [type-arg]
src/autoflow/domain/project_data/schema.py:28: error: Missing type arguments for generic type "dict"  [type-arg]
src/autoflow/domain/project_data/query.py:263: error: Returning Any from function declared to return "int | None"  [no-any-return]
src/autoflow/domain/project_data/query.py:310: error: Returning Any from function declared to return "bool"  [no-any-return]
src/autoflow/domain/project_data/excel.py:66: error: Missing type arguments for generic type "dict"  [type-arg]
src/autoflow/application/environments/manual.py:12: error: Function is missing a type annotation for one or more parameters  [no-untyped-def]
src/autoflow/application/environments/manual.py:38: error: Returning Any from function declared to return "dict[str, Any]"  [no-any-return]
src/autoflow/application/environments/manual.py:41: error: Function is missing a return type annotation  [no-untyped-def]
src/autoflow/application/environments/manual.py:41: error: Function is missing a type annotation for one or more parameters  [no-untyped-def]
src/autoflow/application/environments/manual.py:79: error: Function is missing a return type annotation  [no-untyped-def]
src/autoflow/application/environments/manual.py:79: error: Function is missing a type annotation for one or more parameters  [no-untyped-def]
src/autoflow/application/environments/manual.py:93: error: Function is missing a return type annotation  [no-untyped-def]
src/autoflow/application/environments/manual.py:93: error: Function is missing a type annotation for one or more parameters  [no-untyped-def]
src/autoflow/application/environments/manual.py:157: error: Function is missing a return type annotation  [no-untyped-def]
src/autoflow/application/environments/manual.py:157: error: Function is missing a type annotation for one or more parameters  [no-untyped-def]
src/autoflow/application/environments/manual.py:170: error: Function is missing a return type annotation  [no-untyped-def]
src/autoflow/application/environments/manual.py:170: error: Function is missing a type annotation for one or more parameters  [no-untyped-def]
src/autoflow/domain/project_automations/rules.py:100: error: Call to untyped function "_record_ref" in typed context  [no-untyped-call]
src/autoflow/domain/project_automations/rules.py:107: error: Call to untyped function "_field_bindings" in typed context  [no-untyped-call]
src/autoflow/domain/project_automations/rules.py:116: error: Call to untyped function "_filter_field_types" in typed context  [no-untyped-call]
src/autoflow/domain/project_automations/rules.py:117: error: Call to untyped function "_filter_statuses" in typed context  [no-untyped-call]
src/autoflow/domain/project_automations/rules.py:126: error: Call to untyped function "_relation" in typed context  [no-untyped-call]
src/autoflow/domain/project_automations/rules.py:160: error: Function is missing a type annotation  [no-untyped-def]
src/autoflow/domain/project_automations/rules.py:177: error: Call to untyped function "_field_ref" in typed context  [no-untyped-call]
src/autoflow/domain/project_automations/rules.py:183: error: Function is missing a type annotation  [no-untyped-def]
src/autoflow/domain/project_automations/rules.py:201: error: Function is missing a type annotation  [no-untyped-def]
src/autoflow/domain/project_automations/rules.py:237: error: Function is missing a type annotation  [no-untyped-def]
src/autoflow/domain/project_automations/rules.py:272: error: Call to untyped function "_field_ref" in typed context  [no-untyped-call]
src/autoflow/domain/project_automations/rules.py:279: error: Call to untyped function "_field_ref" in typed context  [no-untyped-call]
src/autoflow/domain/project_automations/rules.py:288: error: Function is missing a type annotation  [no-untyped-def]
src/autoflow/domain/project_automations/rules.py:293: error: Function is missing a type annotation  [no-untyped-def]
src/autoflow/domain/project_automations/rules.py:301: error: Call to untyped function "walk" in typed context  [no-untyped-call]
src/autoflow/domain/project_automations/rules.py:303: error: Call to untyped function "walk" in typed context  [no-untyped-call]
src/autoflow/domain/project_automations/rules.py:331: error: Call to untyped function "walk" in typed context  [no-untyped-call]
src/autoflow/domain/project_automations/rules.py:418: error: Function is missing a type annotation  [no-untyped-def]
src/autoflow/domain/project_automations/rules.py:421: error: Function is missing a type annotation  [no-untyped-def]
src/autoflow/domain/project_automations/rules.py:429: error: Call to untyped function "walk" in typed context  [no-untyped-call]
src/autoflow/domain/project_automations/rules.py:431: error: Call to untyped function "walk" in typed context  [no-untyped-call]
src/autoflow/domain/project_automations/rules.py:433: error: Call to untyped function "walk" in typed context  [no-untyped-call]
src/autoflow/domain/project_automations/rules.py:620: error: Returning Any from function declared to return "str"  [no-any-return]
src/autoflow/application/project_data/schema.py:15: error: Function is missing a type annotation  [no-untyped-def]
src/autoflow/application/project_data/schema.py:18: error: Missing type arguments for generic type "dict"  [type-arg]
src/autoflow/application/project_data/schema.py:20: error: Returning Any from function declared to return "dict[Any, Any]"  [no-any-return]
src/autoflow/application/project_data/schema.py:22: error: Function is missing a return type annotation  [no-untyped-def]
src/autoflow/application/project_data/schema.py:22: error: Missing type arguments for generic type "dict"  [type-arg]
src/autoflow/application/workflows/executors/ai_tasks.py:80: error: Missing type arguments for generic type "dict"  [type-arg]
src/autoflow/application/workflows/executors/ai_tasks.py:119: error: Missing type arguments for generic type "dict"  [type-arg]
src/autoflow/application/workflows/executors/ai_tasks.py:160: error: Missing type arguments for generic type "dict"  [type-arg]
src/autoflow/application/workflows/executors/ai_tasks.py:188: error: Missing type arguments for generic type "dict"  [type-arg]
src/autoflow/application/workflows/executors/ai_tasks.py:214: error: Missing type arguments for generic type "dict"  [type-arg]
src/autoflow/application/workflows/executors/ai_tasks.py:263: error: Missing type arguments for generic type "dict"  [type-arg]
src/autoflow/application/workflows/executors/ai_tasks.py:297: error: Missing type arguments for generic type "dict"  [type-arg]
src/autoflow/application/workflows/executors/ai_tasks.py:301: error: Missing type arguments for generic type "list"  [type-arg]
src/autoflow/application/workflows/executors/ai_tasks.py:359: error: Missing type arguments for generic type "dict"  [type-arg]
src/autoflow/application/project_data/capabilities.py:21: error: Function is missing a type annotation  [no-untyped-def]
src/autoflow/application/project_data/capabilities.py:30: error: Returning Any from function declared to return "TaskCapabilityScope"  [no-any-return]
src/autoflow/application/project_data/capabilities.py:32: error: Function is missing a return type annotation  [no-untyped-def]
src/autoflow/application/project_data/capabilities.py:37: error: Function is missing a return type annotation  [no-untyped-def]
src/autoflow/application/project_data/capabilities.py:42: error: Function is missing a return type annotation  [no-untyped-def]
src/autoflow/application/project_data/capabilities.py:47: error: Function is missing a return type annotation  [no-untyped-def]
src/autoflow/application/project_data/capabilities.py:52: error: Function is missing a return type annotation  [no-untyped-def]
src/autoflow/application/project_data/capabilities.py:57: error: Function is missing a return type annotation  [no-untyped-def]
src/autoflow/application/project_data/capabilities.py:62: error: Function is missing a return type annotation  [no-untyped-def]
src/autoflow/application/project_data/capabilities.py:65: error: Function is missing a return type annotation  [no-untyped-def]
src/autoflow/application/project_data/capabilities.py:70: error: Function is missing a return type annotation  [no-untyped-def]
src/autoflow/application/project_data/capabilities.py:75: error: Function is missing a return type annotation  [no-untyped-def]
src/autoflow/application/project_data/capabilities.py:80: error: Function is missing a return type annotation  [no-untyped-def]
src/autoflow/application/project_automations/service.py:27: error: Function is missing a type annotation for one or more parameters  [no-untyped-def]
src/autoflow/application/project_automations/service.py:42: error: Function is missing a return type annotation  [no-untyped-def]
src/autoflow/application/project_automations/service.py:42: error: Function is missing a type annotation for one or more parameters  [no-untyped-def]
src/autoflow/application/project_automations/service.py:43: error: Call to untyped function "_project" in typed context  [no-untyped-call]
src/autoflow/application/project_automations/service.py:46: error: Function is missing a return type annotation  [no-untyped-def]
src/autoflow/application/project_automations/service.py:63: error: Call to untyped function "_operation" in typed context  [no-untyped-call]
src/autoflow/application/project_automations/service.py:73: error: Function is missing a return type annotation  [no-untyped-def]
src/autoflow/application/project_automations/service.py:74: error: Call to untyped function "_project" in typed context  [no-untyped-call]
src/autoflow/application/project_automations/service.py:80: error: Function is missing a return type annotation  [no-untyped-def]
src/autoflow/application/project_automations/service.py:104: error: Call to untyped function "_operation" in typed context  [no-untyped-call]
src/autoflow/application/project_automations/service.py:116: error: Function is missing a return type annotation  [no-untyped-def]
src/autoflow/application/project_automations/service.py:117: error: Call to untyped function "_project" in typed context  [no-untyped-call]
src/autoflow/application/project_automations/service.py:120: error: Function is missing a return type annotation  [no-untyped-def]
src/autoflow/application/project_automations/service.py:123: error: Call to untyped function "_writable_project" in typed context  [no-untyped-call]
src/autoflow/application/project_automations/service.py:143: error: Call to untyped function "_operation" in typed context  [no-untyped-call]
src/autoflow/application/project_automations/service.py:273: error: Function is missing a type annotation  [no-untyped-def]
src/autoflow/application/project_automations/service.py:279: error: Function is missing a type annotation  [no-untyped-def]
src/autoflow/application/project_automations/service.py:280: error: Call to untyped function "_project" in typed context  [no-untyped-call]
src/autoflow/application/project_automations/service.py:288: error: Function is missing a type annotation  [no-untyped-def]
src/autoflow/adapters/http/project_environment_schemas.py:57: error: Function is missing a return type annotation  [no-untyped-def]
src/autoflow/adapters/http/project_environment_schemas.py:127: error: Missing type arguments for generic type "dict"  [type-arg]
src/autoflow/adapters/http/project_environment_schemas.py:156: error: Missing type arguments for generic type "dict"  [type-arg]
src/autoflow/adapters/http/project_environment_schemas.py:180: error: Missing type arguments for generic type "dict"  [type-arg]
src/autoflow/adapters/http/project_environment_schemas.py:201: error: Missing type arguments for generic type "dict"  [type-arg]
src/autoflow/adapters/http/project_environment_schemas.py:215: error: Missing type arguments for generic type "dict"  [type-arg]
src/autoflow/application/project_data/status_batches.py:28: error: Function is missing a return type annotation  [no-untyped-def]
src/autoflow/application/project_data/status_batches.py:28: note: Use "-> None" if function does not return a value
src/autoflow/application/project_data/status_batches.py:44: error: Function is missing a type annotation for one or more parameters  [no-untyped-def]
src/autoflow/application/project_data/status_batches.py:59: error: Call to untyped function "mutation" in typed context  [no-untyped-call]
src/autoflow/infrastructure/process/proxy_worker_requests.py:10: error: Function is missing a type annotation for one or more parameters  [no-untyped-def]
src/autoflow/infrastructure/process/proxy_worker_requests.py:23: error: Missing type arguments for generic type "Task"  [type-arg]
src/autoflow/infrastructure/process/proxy_worker_requests.py:24: error: Missing type arguments for generic type "dict"  [type-arg]
src/autoflow/infrastructure/process/proxy_worker_requests.py:25: error: Missing type arguments for generic type "dict"  [type-arg]
src/autoflow/infrastructure/process/proxy_worker_requests.py:26: error: Call to untyped function "_scan" in typed context  [no-untyped-call]
src/autoflow/infrastructure/process/proxy_worker_requests.py:28: error: Function is missing a type annotation  [no-untyped-def]
src/autoflow/infrastructure/process/proxy_worker_requests.py:40: error: Call to untyped function "_scan" in typed context  [no-untyped-call]
src/autoflow/infrastructure/process/proxy_worker_requests.py:43: error: Call to untyped function "_scan" in typed context  [no-untyped-call]
src/autoflow/infrastructure/process/proxy_worker_requests.py:45: error: Function is missing a type annotation  [no-untyped-def]
src/autoflow/infrastructure/process/proxy_worker_requests.py:64: error: Function is missing a type annotation  [no-untyped-def]
src/autoflow/infrastructure/process/proxy_worker_requests.py:81: error: Argument 1 to "get" of "dict" has incompatible type "Any | None"; expected "str"  [arg-type]
src/autoflow/infrastructure/process/proxy_worker_requests.py:84: error: Argument 1 to "get" of "dict" has incompatible type "Any | None"; expected "str"  [arg-type]
src/autoflow/infrastructure/process/proxy_worker_requests.py:94: error: Call to untyped function "_serve" in typed context  [no-untyped-call]
src/autoflow/infrastructure/process/proxy_worker_requests.py:104: error: Function is missing a type annotation  [no-untyped-def]
src/autoflow/infrastructure/process/proxy_worker_requests.py:105: error: Function is missing a return type annotation  [no-untyped-def]
src/autoflow/infrastructure/process/proxy_worker_requests.py:131: error: Call to untyped function "active" in typed context  [no-untyped-call]
src/autoflow/infrastructure/process/proxy_worker_requests.py:136: error: Call to untyped function "active" in typed context  [no-untyped-call]
src/autoflow/infrastructure/process/proxy_worker_requests.py:157: error: Function is missing a return type annotation  [no-untyped-def]
src/autoflow/infrastructure/process/proxy_worker_requests.py:157: note: Use "-> None" if function does not return a value
src/autoflow/application/workflows/schedules.py:187: error: Returning Any from function declared to return "list[dict[str, Any]]"  [no-any-return]
src/autoflow/application/workflows/schedules.py:193: error: Returning Any from function declared to return "dict[str, Any]"  [no-any-return]
src/autoflow/application/workflows/schedules.py:212: error: Returning Any from function declared to return "dict[str, Any]"  [no-any-return]
src/autoflow/application/workflows/schedules.py:227: error: Returning Any from function declared to return "dict[str, Any]"  [no-any-return]
src/autoflow/application/workflows/schedules.py:235: error: Returning Any from function declared to return "dict[str, Any]"  [no-any-return]
src/autoflow/application/workflows/schedules.py:296: error: Returning Any from function declared to return "dict[str, Any]"  [no-any-return]
src/autoflow/application/workflows/schedules.py:402: error: Returning Any from function declared to return "dict[str, Any]"  [no-any-return]
src/autoflow/application/workflows/schedules.py:440: error: Returning Any from function declared to return "dict[str, Any]"  [no-any-return]
src/autoflow/application/workflows/schedules.py:453: error: Returning Any from function declared to return "list[dict[str, Any]]"  [no-any-return]
src/autoflow/application/workflows/executors/utility_tools.py:35: error: Missing type arguments for generic type "dict"  [type-arg]
src/autoflow/application/workflows/executors/utility_tools.py:116: error: Missing type arguments for generic type "dict"  [type-arg]
src/autoflow/application/workflows/executors/utility_tools.py:149: error: Missing type arguments for generic type "dict"  [type-arg]
src/autoflow/application/workflows/executors/utility_tools.py:186: error: Missing type arguments for generic type "dict"  [type-arg]
src/autoflow/application/workflows/executors/utility_tools.py:228: error: Missing type arguments for generic type "dict"  [type-arg]
src/autoflow/application/workflows/executors/utility_tools.py:290: error: Missing type arguments for generic type "dict"  [type-arg]
src/autoflow/application/workflows/executors/utility_tools.py:339: error: Missing type arguments for generic type "dict"  [type-arg]
src/autoflow/application/workflows/executors/utility_tools.py:395: error: Missing type arguments for generic type "dict"  [type-arg]
src/autoflow/application/workflows/executors/utility_tools.py:468: error: Missing type arguments for generic type "dict"  [type-arg]
src/autoflow/application/workflows/executors/sound_trigger.py:66: error: Unused "type: ignore[import-untyped]" comment  [unused-ignore]
src/autoflow/application/workflows/executors/sound_trigger.py:67: error: Unused "type: ignore[import-untyped]" comment  [unused-ignore]
src/autoflow/application/workflows/executors/proxy_control.py:60: error: Returning Any from function declared to return "bool"  [no-any-return]
src/autoflow/application/workflows/executors/proxy_control.py:179: error: Call to untyped function "_attempts" in typed context  [no-untyped-call]
src/autoflow/application/workflows/executors/proxy_control.py:215: error: Function is missing a type annotation  [no-untyped-def]
src/autoflow/application/workflows/executors/printer.py:67: error: Unused "type: ignore[import-not-found]" comment  [unused-ignore]
src/autoflow/application/workflows/executors/printer.py:68: error: Unused "type: ignore[import-not-found]" comment  [unused-ignore]
src/autoflow/application/workflows/executors/math_advanced.py:654: error: Function is missing a type annotation  [no-untyped-def]
src/autoflow/application/workflows/executors/math_advanced.py:677: error: Call to untyped function "_round" in typed context  [no-untyped-call]
src/autoflow/application/workflows/executors/math_advanced.py:686: error: Call to untyped function "_round" in typed context  [no-untyped-call]
src/autoflow/application/workflows/executors/math_advanced.py:694: error: Call to untyped function "_round" in typed context  [no-untyped-call]
src/autoflow/application/workflows/executors/list_advanced.py:53: error: Missing type arguments for generic type "dict"  [type-arg]
src/autoflow/application/workflows/executors/list_advanced.py:99: error: Missing type arguments for generic type "dict"  [type-arg]
src/autoflow/application/workflows/executors/list_advanced.py:150: error: Missing type arguments for generic type "dict"  [type-arg]
src/autoflow/application/workflows/executors/list_advanced.py:194: error: Missing type arguments for generic type "dict"  [type-arg]
src/autoflow/application/workflows/executors/list_advanced.py:310: error: Missing type arguments for generic type "dict"  [type-arg]
src/autoflow/application/workflows/executors/list_advanced.py:411: error: Missing type arguments for generic type "dict"  [type-arg]
src/autoflow/application/workflows/executors/list_advanced.py:414: error: Call to untyped function "_collect_var_names" of "ListMergeExecutor" in typed context  [no-untyped-call]
src/autoflow/application/workflows/executors/list_advanced.py:437: error: Function is missing a type annotation  [no-untyped-def]
src/autoflow/application/workflows/executors/list_advanced.py:461: error: Missing type arguments for generic type "dict"  [type-arg]
src/autoflow/application/workflows/executors/list_advanced.py:484: error: Function is missing a type annotation  [no-untyped-def]
src/autoflow/application/workflows/executors/list_advanced.py:501: error: Call to untyped function "flatten" in typed context  [no-untyped-call]
src/autoflow/application/workflows/executors/list_advanced.py:509: error: Call to untyped function "flatten" in typed context  [no-untyped-call]
src/autoflow/application/workflows/executors/list_advanced.py:528: error: Missing type arguments for generic type "dict"  [type-arg]
src/autoflow/application/workflows/executors/list_advanced.py:573: error: Missing type arguments for generic type "dict"  [type-arg]
src/autoflow/application/workflows/executors/list_advanced.py:615: error: Missing type arguments for generic type "dict"  [type-arg]
src/autoflow/application/workflows/executors/list_advanced.py:661: error: Missing type arguments for generic type "dict"  [type-arg]
src/autoflow/application/workflows/executors/list_advanced.py:707: error: Missing type arguments for generic type "dict"  [type-arg]
src/autoflow/application/workflows/executors/list_advanced.py:753: error: Missing type arguments for generic type "dict"  [type-arg]
src/autoflow/application/workflows/executors/list_advanced.py:756: error: Call to untyped function "_collect_var_names" of "ListMergeExecutor" in typed context  [no-untyped-call]
src/autoflow/application/workflows/executors/list_advanced.py:810: error: Missing type arguments for generic type "dict"  [type-arg]
src/autoflow/application/workflows/executors/list_advanced.py:855: error: Missing type arguments for generic type "dict"  [type-arg]
src/autoflow/application/workflows/executors/input_triggers.py:30: error: Unused "type: ignore" comment  [unused-ignore]
src/autoflow/application/workflows/executors/dict_advanced.py:45: error: Missing type arguments for generic type "dict"  [type-arg]
src/autoflow/application/workflows/executors/dict_advanced.py:90: error: Missing type arguments for generic type "dict"  [type-arg]
src/autoflow/application/workflows/executors/dict_advanced.py:183: error: Missing type arguments for generic type "dict"  [type-arg]
src/autoflow/application/workflows/executors/dict_advanced.py:283: error: Missing type arguments for generic type "dict"  [type-arg]
src/autoflow/application/workflows/executors/dict_advanced.py:329: error: Missing type arguments for generic type "dict"  [type-arg]
src/autoflow/application/workflows/executors/dict_advanced.py:397: error: Missing type arguments for generic type "dict"  [type-arg]
src/autoflow/application/workflows/executors/dict_advanced.py:438: error: Missing type arguments for generic type "dict"  [type-arg]
src/autoflow/application/workflows/executors/dict_advanced.py:489: error: Missing type arguments for generic type "dict"  [type-arg]
src/autoflow/application/workflows/executors/dict_advanced.py:510: error: Function is missing a type annotation  [no-untyped-def]
src/autoflow/application/workflows/executors/dict_advanced.py:525: error: Call to untyped function "flatten_dict" in typed context  [no-untyped-call]
src/autoflow/application/workflows/executors/dict_advanced.py:535: error: Call to untyped function "flatten_dict" in typed context  [no-untyped-call]
src/autoflow/application/proxies/remote_controls.py:53: error: Missing type arguments for generic type "Task"  [type-arg]
src/autoflow/application/proxies/remote_controls.py:57: error: Function is missing a return type annotation  [no-untyped-def]
src/autoflow/application/proxies/remote_controls.py:68: error: Function is missing a return type annotation  [no-untyped-def]
src/autoflow/application/proxies/remote_controls.py:78: error: Function is missing a return type annotation  [no-untyped-def]
src/autoflow/application/proxies/remote_controls.py:92: error: Function is missing a return type annotation  [no-untyped-def]
src/autoflow/application/proxies/remote_controls.py:102: error: Missing type arguments for generic type "dict"  [type-arg]
src/autoflow/application/proxies/remote_controls.py:125: error: Returning Any from function declared to return "RemoteOperation"  [no-any-return]
src/autoflow/application/proxies/remote_controls.py:125: error: Call to untyped function "_same_request" of "ProxyRemoteControls" in typed context  [no-untyped-call]
src/autoflow/application/proxies/remote_controls.py:146: error: Call to untyped function "_same_request" of "ProxyRemoteControls" in typed context  [no-untyped-call]
src/autoflow/application/proxies/remote_controls.py:154: error: Function is missing a type annotation  [no-untyped-def]
src/autoflow/application/proxies/remote_controls.py:159: error: Function is missing a return type annotation  [no-untyped-def]
src/autoflow/application/proxies/remote_controls.py:194: error: Function is missing a return type annotation  [no-untyped-def]
src/autoflow/application/proxies/remote_controls.py:194: error: Function is missing a type annotation for one or more parameters  [no-untyped-def]
src/autoflow/application/proxies/remote_controls.py:201: error: Function is missing a return type annotation  [no-untyped-def]
src/autoflow/application/proxies/remote_controls.py:257: error: Call to untyped function "_schedule_matches" of "ProxyRemoteControls" in typed context  [no-untyped-call]
src/autoflow/application/proxies/remote_controls.py:328: error: Function is missing a return type annotation  [no-untyped-def]
src/autoflow/application/proxies/remote_controls.py:328: error: Missing type arguments for generic type "dict"  [type-arg]
src/autoflow/application/proxies/remote_controls.py:337: error: Call to untyped function "_schedule_matches" of "ProxyRemoteControls" in typed context  [no-untyped-call]
src/autoflow/application/proxies/remote_controls.py:417: error: Function is missing a type annotation  [no-untyped-def]
src/autoflow/application/proxies/remote_controls.py:426: error: Function is missing a return type annotation  [no-untyped-def]
src/autoflow/application/proxies/remote_controls.py:426: error: Function is missing a type annotation for one or more parameters  [no-untyped-def]
src/autoflow/application/proxies/remote_controls.py:462: error: Function is missing a return type annotation  [no-untyped-def]
src/autoflow/application/proxies/remote_controls.py:462: note: Use "-> None" if function does not return a value
src/autoflow/application/proxies/facade.py:189: error: Function is missing a type annotation for one or more parameters  [no-untyped-def]
src/autoflow/application/proxies/facade.py:197: error: Function is missing a type annotation for one or more parameters  [no-untyped-def]
src/autoflow/application/proxies/facade.py:203: error: Function is missing a return type annotation  [no-untyped-def]
src/autoflow/application/proxies/facade.py:224: error: Function is missing a type annotation for one or more parameters  [no-untyped-def]
src/autoflow/application/proxies/facade.py:234: error: Function is missing a type annotation for one or more parameters  [no-untyped-def]
src/autoflow/application/proxies/facade.py:247: error: Function is missing a return type annotation  [no-untyped-def]
src/autoflow/application/proxies/facade.py:257: error: Missing type arguments for generic type "dict"  [type-arg]
src/autoflow/application/projects/lifecycle.py:127: error: Call to untyped function "_missing" in typed context  [no-untyped-call]
src/autoflow/application/projects/lifecycle.py:260: error: Returning Any from function declared to return "str"  [no-any-return]
src/autoflow/application/projects/lifecycle.py:272: error: Function is missing a return type annotation  [no-untyped-def]
src/autoflow/application/projects/lifecycle.py:272: note: Use "-> None" if function does not return a value
src/autoflow/application/android/console.py:80: error: Returning Any from function declared to return "dict[str, Any]"  [no-any-return]
src/autoflow/application/android/console.py:238: error: Returning Any from function declared to return "dict[str, Any]"  [no-any-return]
src/autoflow/application/android/console.py:263: error: Returning Any from function declared to return "dict[str, Any]"  [no-any-return]
src/autoflow/application/android/console.py:276: error: Returning Any from function declared to return "dict[str, Any]"  [no-any-return]
src/autoflow/application/android/console.py:370: error: Returning Any from function declared to return "dict[str, Any]"  [no-any-return]
src/autoflow/application/android/console.py:376: error: Returning Any from function declared to return "dict[str, Any]"  [no-any-return]
src/autoflow/application/android/console.py:393: error: Returning Any from function declared to return "dict[str, Any]"  [no-any-return]
src/autoflow/adapters/http/project_sheets_schemas.py:186: error: Missing type arguments for generic type "dict"  [type-arg]
src/autoflow/adapters/http/project_sheets_schemas.py:242: error: Missing type arguments for generic type "dict"  [type-arg]
src/autoflow/adapters/http/project_automation_schemas.py:154: error: Function is missing a return type annotation  [no-untyped-def]
src/autoflow/adapters/http/project_automation_schemas.py:200: error: Function is missing a return type annotation  [no-untyped-def]
src/autoflow/infrastructure/database/models.py:26: error: Missing type arguments for generic type "dict"  [type-arg]
src/autoflow/infrastructure/database/models.py:61: error: Missing type arguments for generic type "dict"  [type-arg]
src/autoflow/infrastructure/database/models.py:62: error: Missing type arguments for generic type "dict"  [type-arg]
src/autoflow/infrastructure/database/models.py:139: error: Missing type arguments for generic type "dict"  [type-arg]
src/autoflow/infrastructure/database/models.py:157: error: Missing type arguments for generic type "dict"  [type-arg]
src/autoflow/infrastructure/database/models.py:158: error: Missing type arguments for generic type "dict"  [type-arg]
src/autoflow/infrastructure/database/models.py:159: error: Missing type arguments for generic type "dict"  [type-arg]
src/autoflow/providers/android/management.py:37: error: Returning Any from function declared to return "list[dict[str, Any]]"  [no-any-return]
src/autoflow/application/proxies/workflow.py:48: error: Function is missing a type annotation for one or more parameters  [no-untyped-def]
src/autoflow/application/proxies/workflow.py:60: error: Function is missing a type annotation for one or more parameters  [no-untyped-def]
src/autoflow/application/proxies/workflow.py:69: error: Function is missing a type annotation for one or more parameters  [no-untyped-def]
src/autoflow/application/proxies/workflow.py:90: error: Call to untyped function "_validate" of "WorkflowProxyService" in typed context  [no-untyped-call]
src/autoflow/application/proxies/workflow.py:101: error: Returning Any from function declared to return "dict[str, Any]"  [no-any-return]
src/autoflow/application/proxies/workflow.py:101: error: Call to untyped function "_query" in typed context  [no-untyped-call]
src/autoflow/application/proxies/workflow.py:103: error: Returning Any from function declared to return "dict[str, Any]"  [no-any-return]
src/autoflow/application/proxies/workflow.py:103: error: Call to untyped function "_prepare" in typed context  [no-untyped-call]
src/autoflow/application/proxies/workflow.py:105: error: Returning Any from function declared to return "dict[str, Any]"  [no-any-return]
src/autoflow/application/proxies/workflow.py:105: error: Call to untyped function "_attempt" in typed context  [no-untyped-call]
src/autoflow/application/proxies/workflow.py:124: error: Call to untyped function "_count_request" of "WorkflowProxyService" in typed context  [no-untyped-call]
src/autoflow/application/proxies/workflow.py:138: error: Call to untyped function "_count_request" of "WorkflowProxyService" in typed context  [no-untyped-call]
src/autoflow/application/proxies/workflow.py:155: error: Function is missing a type annotation  [no-untyped-def]
src/autoflow/application/proxies/workflow.py:194: error: Function is missing a type annotation  [no-untyped-def]
src/autoflow/application/proxies/workflow.py:220: error: Function is missing a type annotation  [no-untyped-def]
src/autoflow/application/proxies/workflow.py:222: error: Call to untyped function "_configuration" of "WorkflowProxyService" in typed context  [no-untyped-call]
src/autoflow/application/proxies/workflow.py:225: error: Call to untyped function "_target" in typed context  [no-untyped-call]
src/autoflow/application/proxies/workflow.py:242: error: Call to untyped function "_probe" in typed context  [no-untyped-call]
src/autoflow/application/proxies/workflow.py:260: error: Call to untyped function "_configuration" of "WorkflowProxyService" in typed context  [no-untyped-call]
src/autoflow/application/proxies/workflow.py:267: error: Function is missing a type annotation  [no-untyped-def]
src/autoflow/application/proxies/workflow.py:281: error: Function is missing a type annotation  [no-untyped-def]
src/autoflow/application/proxies/workflow.py:291: error: Function is missing a type annotation  [no-untyped-def]
src/autoflow/application/proxies/workflow.py:292: error: Call to untyped function "_target" in typed context  [no-untyped-call]
src/autoflow/application/proxies/workflow.py:317: error: Call to untyped function "_operation_error" of "WorkflowProxyService" in typed context  [no-untyped-call]
src/autoflow/application/proxies/workflow.py:321: error: Function is missing a type annotation  [no-untyped-def]
src/autoflow/application/proxies/workflow.py:348: error: Function is missing a type annotation  [no-untyped-def]
src/autoflow/application/proxies/workflow.py:352: error: Call to untyped function "_configuration" of "WorkflowProxyService" in typed context  [no-untyped-call]
src/autoflow/application/proxies/workflow.py:427: error: Call to untyped function "_operation_error" of "WorkflowProxyService" in typed context  [no-untyped-call]
src/autoflow/application/proxies/workflow.py:433: error: Call to untyped function "_probe" in typed context  [no-untyped-call]
src/autoflow/application/proxies/workflow.py:434: error: Call to untyped function "_count_request" of "WorkflowProxyService" in typed context  [no-untyped-call]
src/autoflow/application/proxies/workflow.py:439: error: Function is missing a type annotation  [no-untyped-def]
src/autoflow/application/workflows/executors/firecrawl.py:19: error: Unused "type: ignore" comment  [unused-ignore]
src/autoflow/application/workflows/executors/firecrawl.py:22: error: Unused "type: ignore" comment  [unused-ignore]
src/autoflow/infrastructure/database/workflow_runtime_models.py:46: error: Missing type arguments for generic type "dict"  [type-arg]
src/autoflow/infrastructure/database/workflow_runtime_models.py:47: error: Missing type arguments for generic type "dict"  [type-arg]
src/autoflow/infrastructure/database/workflow_runtime_models.py:50: error: Missing type arguments for generic type "dict"  [type-arg]
src/autoflow/infrastructure/database/workflow_runtime_models.py:80: error: Missing type arguments for generic type "dict"  [type-arg]
src/autoflow/infrastructure/database/workflow_runtime_models.py:81: error: Missing type arguments for generic type "dict"  [type-arg]
src/autoflow/infrastructure/database/workflow_runtime_models.py:82: error: Missing type arguments for generic type "dict"  [type-arg]
src/autoflow/infrastructure/database/workflow_runtime_models.py:83: error: Missing type arguments for generic type "dict"  [type-arg]
src/autoflow/infrastructure/database/workflow_runtime_models.py:96: error: Missing type arguments for generic type "dict"  [type-arg]
src/autoflow/infrastructure/database/workflow_runtime_models.py:129: error: Missing type arguments for generic type "dict"  [type-arg]
src/autoflow/infrastructure/database/workflow_runtime_models.py:155: error: Missing type arguments for generic type "dict"  [type-arg]
src/autoflow/infrastructure/database/workflow_models.py:25: error: Missing type arguments for generic type "dict"  [type-arg]
src/autoflow/infrastructure/database/workflow_models.py:26: error: Missing type arguments for generic type "dict"  [type-arg]
src/autoflow/infrastructure/database/workflow_models.py:43: error: Missing type arguments for generic type "dict"  [type-arg]
src/autoflow/infrastructure/database/workflow_core_models.py:28: error: Missing type arguments for generic type "dict"  [type-arg]
src/autoflow/infrastructure/database/proxy_models.py:31: error: Missing type arguments for generic type "dict"  [type-arg]
src/autoflow/infrastructure/database/proxy_models.py:32: error: Missing type arguments for generic type "list"  [type-arg]
src/autoflow/infrastructure/database/proxy_models.py:61: error: Missing type arguments for generic type "dict"  [type-arg]
src/autoflow/infrastructure/database/proxy_models.py:67: error: Missing type arguments for generic type "list"  [type-arg]
src/autoflow/infrastructure/database/proxy_models.py:107: error: Missing type arguments for generic type "dict"  [type-arg]
src/autoflow/infrastructure/database/proxy_models.py:108: error: Missing type arguments for generic type "dict"  [type-arg]
src/autoflow/infrastructure/database/proxy_models.py:113: error: Missing type arguments for generic type "dict"  [type-arg]
src/autoflow/infrastructure/database/projects.py:31: error: Function is missing a type annotation  [no-untyped-def]
src/autoflow/infrastructure/database/projects.py:40: error: Call to untyped function "_match" of "SqlAlchemyProjects" in typed context  [no-untyped-call]
src/autoflow/infrastructure/database/projects.py:41: error: Call to untyped function "_project_from_result" in typed context  [no-untyped-call]
src/autoflow/infrastructure/database/projects.py:42: error: Call to untyped function "_operation" in typed context  [no-untyped-call]
src/autoflow/infrastructure/database/projects.py:46: error: Call to untyped function "_project_row" in typed context  [no-untyped-call]
src/autoflow/infrastructure/database/projects.py:49: error: Call to untyped function "_operation_row" in typed context  [no-untyped-call]
src/autoflow/infrastructure/database/projects.py:65: error: Function is missing a type annotation  [no-untyped-def]
src/autoflow/infrastructure/database/projects.py:74: error: Call to untyped function "_match" of "SqlAlchemyProjects" in typed context  [no-untyped-call]
src/autoflow/infrastructure/database/projects.py:75: error: Call to untyped function "_project_from_result" in typed context  [no-untyped-call]
src/autoflow/infrastructure/database/projects.py:76: error: Call to untyped function "_operation" in typed context  [no-untyped-call]
src/autoflow/infrastructure/database/projects.py:91: error: Call to untyped function "_project" in typed context  [no-untyped-call]
src/autoflow/infrastructure/database/projects.py:121: error: Call to untyped function "_operation_row" in typed context  [no-untyped-call]
src/autoflow/infrastructure/database/projects.py:133: error: Function is missing a type annotation  [no-untyped-def]
src/autoflow/infrastructure/database/projects.py:136: error: Call to untyped function "_project" in typed context  [no-untyped-call]
src/autoflow/infrastructure/database/projects.py:138: error: Function is missing a type annotation  [no-untyped-def]
src/autoflow/infrastructure/database/projects.py:192: error: Call to untyped function "_project" in typed context  [no-untyped-call]
src/autoflow/infrastructure/database/projects.py:194: error: Function is missing a type annotation  [no-untyped-def]
src/autoflow/infrastructure/database/projects.py:206: error: Call to untyped function "_project" in typed context  [no-untyped-call]
src/autoflow/infrastructure/database/projects.py:210: error: Function is missing a type annotation  [no-untyped-def]
src/autoflow/infrastructure/database/projects.py:229: error: Call to untyped function "_operation" in typed context  [no-untyped-call]
src/autoflow/infrastructure/database/projects.py:231: error: Function is missing a type annotation  [no-untyped-def]
src/autoflow/infrastructure/database/projects.py:262: error: Call to untyped function "_operation" in typed context  [no-untyped-call]
src/autoflow/infrastructure/database/projects.py:265: error: Function is missing a type annotation  [no-untyped-def]
src/autoflow/infrastructure/database/projects.py:278: error: Function is missing a type annotation  [no-untyped-def]
src/autoflow/infrastructure/database/projects.py:282: error: Function is missing a type annotation  [no-untyped-def]
src/autoflow/infrastructure/database/projects.py:290: error: Call to untyped function "_aware" in typed context  [no-untyped-call]
src/autoflow/infrastructure/database/projects.py:291: error: Call to untyped function "_aware" in typed context  [no-untyped-call]
src/autoflow/infrastructure/database/projects.py:292: error: Call to untyped function "_aware" in typed context  [no-untyped-call]
src/autoflow/infrastructure/database/projects.py:296: error: Function is missing a type annotation  [no-untyped-def]
src/autoflow/infrastructure/database/projects.py:312: error: Function is missing a type annotation  [no-untyped-def]
src/autoflow/infrastructure/database/projects.py:324: error: Call to untyped function "_aware" in typed context  [no-untyped-call]
src/autoflow/infrastructure/database/projects.py:325: error: Call to untyped function "_aware" in typed context  [no-untyped-call]
src/autoflow/infrastructure/database/projects.py:326: error: Call to untyped function "_aware" in typed context  [no-untyped-call]
src/autoflow/infrastructure/database/projects.py:330: error: Function is missing a type annotation  [no-untyped-def]
src/autoflow/infrastructure/database/projects.py:340: error: Call to untyped function "_json_dates" in typed context  [no-untyped-call]
src/autoflow/infrastructure/database/projects.py:348: error: Function is missing a type annotation  [no-untyped-def]
src/autoflow/infrastructure/database/projects.py:356: error: Function is missing a type annotation  [no-untyped-def]
src/autoflow/infrastructure/database/project_sync_models.py:69: error: Missing type arguments for generic type "dict"  [type-arg]
src/autoflow/infrastructure/database/project_sync_models.py:70: error: Missing type arguments for generic type "dict"  [type-arg]
src/autoflow/infrastructure/database/project_sync_models.py:134: error: Missing type arguments for generic type "dict"  [type-arg]
src/autoflow/infrastructure/database/project_sync_models.py:135: error: Missing type arguments for generic type "dict"  [type-arg]
src/autoflow/infrastructure/database/project_sync_models.py:136: error: Missing type arguments for generic type "dict"  [type-arg]
src/autoflow/infrastructure/database/project_sync_models.py:138: error: Missing type arguments for generic type "dict"  [type-arg]
src/autoflow/infrastructure/database/project_sync_models.py:159: error: Missing type arguments for generic type "dict"  [type-arg]
src/autoflow/infrastructure/database/project_run_models.py:40: error: Missing type arguments for generic type "dict"  [type-arg]
src/autoflow/infrastructure/database/project_run_models.py:46: error: Missing type arguments for generic type "dict"  [type-arg]
src/autoflow/infrastructure/database/project_run_models.py:78: error: Missing type arguments for generic type "dict"  [type-arg]
src/autoflow/infrastructure/database/project_run_models.py:79: error: Missing type arguments for generic type "list"  [type-arg]
src/autoflow/infrastructure/database/project_run_models.py:111: error: Missing type arguments for generic type "dict"  [type-arg]
src/autoflow/infrastructure/database/project_run_models.py:134: error: Missing type arguments for generic type "dict"  [type-arg]
src/autoflow/infrastructure/database/project_run_models.py:177: error: Missing type arguments for generic type "list"  [type-arg]
src/autoflow/infrastructure/database/project_run_models.py:182: error: Missing type arguments for generic type "dict"  [type-arg]
src/autoflow/infrastructure/database/project_run_models.py:207: error: Missing type arguments for generic type "dict"  [type-arg]
src/autoflow/infrastructure/database/project_run_models.py:221: error: Missing type arguments for generic type "dict"  [type-arg]
src/autoflow/infrastructure/database/project_excel_common.py:10: error: Missing type arguments for generic type "dict"  [type-arg]
src/autoflow/infrastructure/database/project_automation_models.py:39: error: Missing type arguments for generic type "dict"  [type-arg]
src/autoflow/infrastructure/database/project_automation_models.py:40: error: Missing type arguments for generic type "list"  [type-arg]
src/autoflow/infrastructure/database/project_automation_models.py:41: error: Missing type arguments for generic type "dict"  [type-arg]
src/autoflow/infrastructure/database/project_automation_models.py:42: error: Missing type arguments for generic type "dict"  [type-arg]
src/autoflow/infrastructure/database/android_models.py:12: error: Missing type arguments for generic type "dict"  [type-arg]
src/autoflow/infrastructure/database/android_models.py:20: error: Missing type arguments for generic type "dict"  [type-arg]
src/autoflow/infrastructure/process/project_workflow_worker.py:209: error: Call to untyped function "receive" in typed context  [no-untyped-call]
src/autoflow/infrastructure/process/project_workflow_worker.py:221: error: Call to untyped function "observe" in typed context  [no-untyped-call]
src/autoflow/infrastructure/process/project_workflow_worker.py:441: error: Call to untyped function "close" in typed context  [no-untyped-call]
src/autoflow/application/android/fleet.py:49: error: Returning Any from function declared to return "list[dict[str, Any]]"  [no-any-return]
src/autoflow/application/android/fleet.py:102: error: Returning Any from function declared to return "dict[str, Any] | None"  [no-any-return]
src/autoflow/application/android/fleet.py:144: error: Returning Any from function declared to return "dict[str, Any]"  [no-any-return]
src/autoflow/application/android/fleet.py:230: error: Returning Any from function declared to return "dict[str, Any]"  [no-any-return]
src/autoflow/infrastructure/gesture/service.py:118: error: Unused "type: ignore" comment  [unused-ignore]
src/autoflow/infrastructure/gesture/service.py:168: error: Unused "type: ignore" comment  [unused-ignore]
src/autoflow/infrastructure/gesture/service.py:197: error: Unused "type: ignore" comment  [unused-ignore]
src/autoflow/infrastructure/gesture/service.py:254: error: Unused "type: ignore" comment  [unused-ignore]
src/autoflow/infrastructure/gesture/service.py:305: error: Unused "type: ignore" comment  [unused-ignore]
src/autoflow/application/workflows/executors/face_trigger.py:120: error: Unused "type: ignore" comment  [unused-ignore]
src/autoflow/application/workflows/executors/face_trigger.py:128: error: Unused "type: ignore" comment  [unused-ignore]
src/autoflow/application/workflows/executors/face_trigger.py:129: error: Unused "type: ignore" comment  [unused-ignore]
src/autoflow/infrastructure/database/settings_runtime.py:23: error: Function is missing a type annotation for one or more parameters  [no-untyped-def]
src/autoflow/infrastructure/database/settings_runtime.py:67: error: Function is missing a type annotation for one or more parameters  [no-untyped-def]
src/autoflow/infrastructure/database/proxy_operations.py:21: error: Function is missing a type annotation  [no-untyped-def]
src/autoflow/infrastructure/database/proxy_operations.py:99: error: Missing type arguments for generic type "dict"  [type-arg]
src/autoflow/infrastructure/database/proxy_operations.py:100: error: Missing type arguments for generic type "dict"  [type-arg]
src/autoflow/infrastructure/database/proxy_operations.py:103: error: Missing type arguments for generic type "dict"  [type-arg]
src/autoflow/infrastructure/database/proxy_operations.py:155: error: Function is missing a type annotation for one or more parameters  [no-untyped-def]
src/autoflow/infrastructure/database/proxies.py:97: error: Missing type arguments for generic type "dict"  [type-arg]
src/autoflow/infrastructure/database/proxies.py:195: error: Missing type arguments for generic type "dict"  [type-arg]
src/autoflow/infrastructure/database/proxies.py:504: error: Function is missing a type annotation for one or more parameters  [no-untyped-def]
src/autoflow/infrastructure/database/proxies.py:656: error: Function is missing a type annotation  [no-untyped-def]
src/autoflow/infrastructure/database/proxies.py:659: error: Function is missing a type annotation  [no-untyped-def]
src/autoflow/infrastructure/database/proxies.py:664: error: Function is missing a type annotation  [no-untyped-def]
src/autoflow/infrastructure/database/proxies.py:785: error: Function is missing a type annotation for one or more parameters  [no-untyped-def]
src/autoflow/infrastructure/database/project_data_impacts.py:36: error: Missing type arguments for generic type "dict"  [type-arg]
src/autoflow/infrastructure/database/project_data_impacts.py:37: error: Missing type arguments for generic type "dict"  [type-arg]
src/autoflow/infrastructure/database/project_data_impacts.py:77: error: Missing type arguments for generic type "dict"  [type-arg]
src/autoflow/infrastructure/database/project_data_impacts.py:78: error: Missing type arguments for generic type "dict"  [type-arg]
src/autoflow/infrastructure/database/project_data_impacts.py:80: error: Missing type arguments for generic type "dict"  [type-arg]
src/autoflow/infrastructure/database/project_data_impacts.py:107: error: Missing type arguments for generic type "dict"  [type-arg]
src/autoflow/infrastructure/database/project_data_impacts.py:127: error: Missing type arguments for generic type "dict"  [type-arg]
src/autoflow/infrastructure/database/project_data_impacts.py:128: error: Missing type arguments for generic type "dict"  [type-arg]
src/autoflow/infrastructure/database/project_data_impacts.py:131: error: Missing type arguments for generic type "dict"  [type-arg]
src/autoflow/infrastructure/database/project_data_impacts.py:352: error: Missing type arguments for generic type "dict"  [type-arg]
src/autoflow/infrastructure/database/project_data_impacts.py:395: error: Missing type arguments for generic type "dict"  [type-arg]
src/autoflow/infrastructure/database/project_data_impacts.py:417: error: Missing type arguments for generic type "list"  [type-arg]
src/autoflow/infrastructure/database/project_claims.py:517: error: Redundant cast to "str"  [redundant-cast]
src/autoflow/infrastructure/database/project_claims.py:1023: error: Returning Any from function declared to return "int"  [no-any-return]
src/autoflow/infrastructure/database/environments.py:50: error: Function is missing a return type annotation  [no-untyped-def]
src/autoflow/infrastructure/database/environments.py:66: error: Function is missing a return type annotation  [no-untyped-def]
src/autoflow/infrastructure/database/environments.py:66: error: Function is missing a type annotation for one or more parameters  [no-untyped-def]
src/autoflow/infrastructure/database/environments.py:117: error: Function is missing a return type annotation  [no-untyped-def]
src/autoflow/infrastructure/database/environments.py:130: error: Function is missing a return type annotation  [no-untyped-def]
src/autoflow/infrastructure/database/environments.py:265: error: Function is missing a return type annotation  [no-untyped-def]
src/autoflow/infrastructure/database/environments.py:303: error: Function is missing a return type annotation  [no-untyped-def]
src/autoflow/infrastructure/database/environments.py:383: error: Function is missing a return type annotation  [no-untyped-def]
src/autoflow/infrastructure/database/environments.py:383: error: Function is missing a type annotation for one or more parameters  [no-untyped-def]
src/autoflow/infrastructure/database/environments.py:513: error: Function is missing a return type annotation  [no-untyped-def]
src/autoflow/infrastructure/database/environments.py:520: error: Function is missing a return type annotation  [no-untyped-def]
src/autoflow/infrastructure/database/environments.py:558: error: Function is missing a type annotation for one or more parameters  [no-untyped-def]
src/autoflow/infrastructure/database/environments.py:625: error: Function is missing a type annotation for one or more parameters  [no-untyped-def]
src/autoflow/infrastructure/database/environments.py:691: error: Function is missing a return type annotation  [no-untyped-def]
src/autoflow/infrastructure/database/environments.py:707: error: Function is missing a return type annotation  [no-untyped-def]
src/autoflow/infrastructure/database/environments.py:707: error: Function is missing a type annotation for one or more parameters  [no-untyped-def]
src/autoflow/infrastructure/database/environments.py:988: error: Function is missing a type annotation for one or more parameters  [no-untyped-def]
src/autoflow/infrastructure/database/environments.py:1205: error: Function is missing a return type annotation  [no-untyped-def]
src/autoflow/application/projects/overview.py:100: error: Call to untyped function "get" in typed context  [no-untyped-call]
src/autoflow/infrastructure/database/android.py:46: error: Missing type arguments for generic type "CursorResult"  [type-arg]
src/autoflow/infrastructure/process/workflow_worker.py:273: error: Call to untyped function "close" in typed context  [no-untyped-call]
src/autoflow/infrastructure/process/workflow_worker.py:385: error: Call to untyped function "receive" in typed context  [no-untyped-call]
src/autoflow/infrastructure/process/workflow_worker.py:387: error: Call to untyped function "observe" in typed context  [no-untyped-call]
src/autoflow/infrastructure/process/workflow_worker.py:411: error: Call to untyped function "close" in typed context  [no-untyped-call]
src/autoflow/adapters/http/project_schemas.py:396: error: Function is missing a return type annotation  [no-untyped-def]
src/autoflow/adapters/http/project_schemas.py:407: error: Function is missing a return type annotation  [no-untyped-def]
src/autoflow/application/project_runs/evidence.py:131: error: Call to untyped function "_matching_events" in typed context  [no-untyped-call]
src/autoflow/application/project_runs/evidence.py:261: error: Function is missing a type annotation  [no-untyped-def]
src/autoflow/application/project_runs/evidence.py:279: error: Call to untyped function "_checked_events" in typed context  [no-untyped-call]
src/autoflow/application/project_runs/evidence.py:282: error: Function is missing a type annotation  [no-untyped-def]
src/autoflow/application/project_runs/evidence.py:284: error: Call to untyped function "_checked_events" in typed context  [no-untyped-call]
src/autoflow/application/project_data/excel.py:102: error: Call to untyped function "_mutation" in typed context  [no-untyped-call]
src/autoflow/application/project_data/excel.py:125: error: Call to untyped function "_mutation" in typed context  [no-untyped-call]
src/autoflow/application/project_data/excel.py:145: error: Call to untyped function "_mutation" in typed context  [no-untyped-call]
src/autoflow/application/project_data/excel.py:162: error: Call to untyped function "_mutation" in typed context  [no-untyped-call]
src/autoflow/application/project_data/excel.py:184: error: Function is missing a return type annotation  [no-untyped-def]
src/autoflow/application/project_data/excel.py:188: error: Function is missing a type annotation  [no-untyped-def]
src/autoflow/application/project_data/excel.py:197: error: Function is missing a type annotation  [no-untyped-def]
src/autoflow/infrastructure/database/project_sync.py:55: error: Function is missing a return type annotation  [no-untyped-def]
src/autoflow/infrastructure/database/project_sync.py:884: error: Call to untyped function "content_rows" in typed context  [no-untyped-call]
src/autoflow/infrastructure/database/project_sync.py:893: error: Call to untyped function "content_rows" in typed context  [no-untyped-call]
src/autoflow/infrastructure/database/project_sync.py:907: error: Missing type arguments for generic type "dict"  [type-arg]
src/autoflow/infrastructure/database/project_data.py:29: error: Missing type arguments for generic type "dict"  [type-arg]
src/autoflow/infrastructure/database/project_data.py:65: error: Missing type arguments for generic type "dict"  [type-arg]
src/autoflow/infrastructure/database/project_data.py:68: error: Missing type arguments for generic type "dict"  [type-arg]
src/autoflow/infrastructure/database/project_data.py:124: error: Missing type arguments for generic type "dict"  [type-arg]
src/autoflow/infrastructure/database/project_data.py:144: error: Missing type arguments for generic type "dict"  [type-arg]
src/autoflow/infrastructure/database/project_data.py:209: error: Missing type arguments for generic type "dict"  [type-arg]
src/autoflow/infrastructure/database/project_data.py:244: error: Missing type arguments for generic type "dict"  [type-arg]
src/autoflow/infrastructure/database/project_data.py:281: error: Missing type arguments for generic type "dict"  [type-arg]
src/autoflow/infrastructure/database/project_data.py:329: error: Missing type arguments for generic type "dict"  [type-arg]
src/autoflow/infrastructure/database/workflow_recordings.py:381: error: Function is missing a return type annotation  [no-untyped-def]
src/autoflow/infrastructure/database/project_automations.py:49: error: Function is missing a type annotation  [no-untyped-def]
src/autoflow/infrastructure/database/project_automations.py:52: error: Call to untyped function "_operation_by_key" of "SqlAlchemyProjectAutomations" in typed context  [no-untyped-call]
src/autoflow/infrastructure/database/project_automations.py:54: error: Call to untyped function "_from_result" in typed context  [no-untyped-call]
src/autoflow/infrastructure/database/project_automations.py:56: error: Call to untyped function "_operation" in typed context  [no-untyped-call]
src/autoflow/infrastructure/database/project_automations.py:57: error: Call to untyped function "_guard_project" of "SqlAlchemyProjectAutomations" in typed context  [no-untyped-call]
src/autoflow/infrastructure/database/project_automations.py:74: error: Call to untyped function "_row" in typed context  [no-untyped-call]
src/autoflow/infrastructure/database/project_automations.py:77: error: Call to untyped function "_operation_row" in typed context  [no-untyped-call]
src/autoflow/infrastructure/database/project_automations.py:99: error: Function is missing a type annotation  [no-untyped-def]
src/autoflow/infrastructure/database/project_automations.py:102: error: Call to untyped function "_operation_by_key" of "SqlAlchemyProjectAutomations" in typed context  [no-untyped-call]
src/autoflow/infrastructure/database/project_automations.py:104: error: Call to untyped function "_from_result" in typed context  [no-untyped-call]
src/autoflow/infrastructure/database/project_automations.py:106: error: Call to untyped function "_operation" in typed context  [no-untyped-call]
src/autoflow/infrastructure/database/project_automations.py:107: error: Call to untyped function "_guard_project" of "SqlAlchemyProjectAutomations" in typed context  [no-untyped-call]
src/autoflow/infrastructure/database/project_automations.py:114: error: Call to untyped function "_record" in typed context  [no-untyped-call]
src/autoflow/infrastructure/database/project_automations.py:139: error: Call to untyped function "_apply" in typed context  [no-untyped-call]
src/autoflow/infrastructure/database/project_automations.py:142: error: Call to untyped function "_operation_row" in typed context  [no-untyped-call]
src/autoflow/infrastructure/database/project_automations.py:154: error: Function is missing a type annotation  [no-untyped-def]
src/autoflow/infrastructure/database/project_automations.py:157: error: Call to untyped function "_record" in typed context  [no-untyped-call]
src/autoflow/infrastructure/database/project_automations.py:159: error: Function is missing a type annotation  [no-untyped-def]
src/autoflow/infrastructure/database/project_automations.py:161: error: Call to untyped function "_guard_project" of "SqlAlchemyProjectAutomations" in typed context  [no-untyped-call]
src/autoflow/infrastructure/database/project_automations.py:198: error: Call to untyped function "_record" in typed context  [no-untyped-call]
src/autoflow/infrastructure/database/project_automations.py:251: error: Call to untyped function "_operation_by_key" of "SqlAlchemyProjectAutomations" in typed context  [no-untyped-call]
src/autoflow/infrastructure/database/project_automations.py:254: error: Returning Any from function declared to return "ProjectOperation"  [no-any-return]
src/autoflow/infrastructure/database/project_automations.py:254: error: Call to untyped function "_operation" in typed context  [no-untyped-call]
src/autoflow/infrastructure/database/project_automations.py:255: error: Call to untyped function "_guard_project" of "SqlAlchemyProjectAutomations" in typed context  [no-untyped-call]
src/autoflow/infrastructure/database/project_automations.py:266: error: Call to untyped function "_record" in typed context  [no-untyped-call]
src/autoflow/infrastructure/database/project_automations.py:300: error: Call to untyped function "_operation_row" in typed context  [no-untyped-call]
src/autoflow/infrastructure/database/project_automations.py:305: error: Function is missing a type annotation  [no-untyped-def]
src/autoflow/infrastructure/database/project_automations.py:309: error: Function is missing a type annotation  [no-untyped-def]
src/autoflow/infrastructure/database/project_automations.py:335: error: Call to untyped function "_json_dates" in typed context  [no-untyped-call]
src/autoflow/infrastructure/database/project_automations.py:341: error: Function is missing a type annotation  [no-untyped-def]
src/autoflow/infrastructure/database/project_automations.py:348: error: Call to untyped function "_apply" in typed context  [no-untyped-call]
src/autoflow/infrastructure/database/project_automations.py:352: error: Function is missing a type annotation  [no-untyped-def]
src/autoflow/infrastructure/database/project_automations.py:370: error: Function is missing a type annotation  [no-untyped-def]
src/autoflow/infrastructure/database/project_automations.py:383: error: Call to untyped function (unknown) in typed context  [no-untyped-call]
src/autoflow/infrastructure/database/project_automations.py:384: error: Call to untyped function (unknown) in typed context  [no-untyped-call]
src/autoflow/infrastructure/database/project_automations.py:388: error: Function is missing a type annotation  [no-untyped-def]
src/autoflow/application/environments/service.py:46: error: Function is missing a type annotation for one or more parameters  [no-untyped-def]
src/autoflow/application/environments/service.py:79: error: Function is missing a type annotation for one or more parameters  [no-untyped-def]
src/autoflow/application/environments/service.py:97: error: Function is missing a return type annotation  [no-untyped-def]
src/autoflow/application/environments/service.py:97: error: Function is missing a type annotation for one or more parameters  [no-untyped-def]
src/autoflow/application/environments/service.py:101: error: Function is missing a return type annotation  [no-untyped-def]
src/autoflow/application/environments/service.py:101: error: Function is missing a type annotation for one or more parameters  [no-untyped-def]
src/autoflow/application/environments/service.py:108: error: Function is missing a return type annotation  [no-untyped-def]
src/autoflow/application/environments/service.py:112: error: Function is missing a return type annotation  [no-untyped-def]
src/autoflow/application/environments/service.py:116: error: Function is missing a return type annotation  [no-untyped-def]
src/autoflow/application/environments/service.py:132: error: Call to untyped function "_command" in typed context  [no-untyped-call]
src/autoflow/application/environments/service.py:159: error: Function is missing a return type annotation  [no-untyped-def]
src/autoflow/application/environments/service.py:178: error: Call to untyped function "_command" in typed context  [no-untyped-call]
src/autoflow/application/environments/service.py:195: error: Function is missing a return type annotation  [no-untyped-def]
src/autoflow/application/environments/service.py:195: error: Function is missing a type annotation for one or more parameters  [no-untyped-def]
src/autoflow/application/environments/service.py:199: error: Function is missing a return type annotation  [no-untyped-def]
src/autoflow/application/environments/service.py:203: error: Function is missing a return type annotation  [no-untyped-def]
src/autoflow/application/environments/service.py:214: error: Function is missing a type annotation for one or more parameters  [no-untyped-def]
src/autoflow/application/environments/service.py:343: error: Function is missing a return type annotation  [no-untyped-def]
src/autoflow/application/environments/service.py:346: error: Function is missing a return type annotation  [no-untyped-def]
src/autoflow/application/environments/service.py:355: error: Function is missing a return type annotation  [no-untyped-def]
src/autoflow/application/environments/service.py:364: error: Call to untyped function "_command" in typed context  [no-untyped-call]
src/autoflow/application/environments/service.py:455: error: Function is missing a type annotation for one or more parameters  [no-untyped-def]
src/autoflow/application/environments/service.py:511: error: Function is missing a return type annotation  [no-untyped-def]
src/autoflow/application/environments/service.py:515: error: Function is missing a return type annotation  [no-untyped-def]
src/autoflow/application/environments/service.py:518: error: Function is missing a return type annotation  [no-untyped-def]
src/autoflow/application/environments/service.py:522: error: Function is missing a return type annotation  [no-untyped-def]
src/autoflow/application/environments/service.py:531: error: Function is missing a return type annotation  [no-untyped-def]
src/autoflow/application/environments/service.py:531: error: Function is missing a type annotation for one or more parameters  [no-untyped-def]
src/autoflow/application/environments/service.py:535: error: Function is missing a return type annotation  [no-untyped-def]
src/autoflow/application/environments/service.py:538: error: Function is missing a return type annotation  [no-untyped-def]
src/autoflow/application/environments/service.py:541: error: Function is missing a return type annotation  [no-untyped-def]
src/autoflow/application/environments/service.py:544: error: Function is missing a return type annotation  [no-untyped-def]
src/autoflow/application/environments/service.py:547: error: Function is missing a return type annotation  [no-untyped-def]
src/autoflow/application/environments/service.py:550: error: Function is missing a return type annotation  [no-untyped-def]
src/autoflow/application/environments/service.py:553: error: Function is missing a return type annotation  [no-untyped-def]
src/autoflow/application/environments/service.py:568: error: Call to untyped function "_command" in typed context  [no-untyped-call]
src/autoflow/application/environments/service.py:634: error: Function is missing a return type annotation  [no-untyped-def]
src/autoflow/application/environments/service.py:645: error: Call to untyped function "_command" in typed context  [no-untyped-call]
src/autoflow/application/environments/service.py:676: error: Function is missing a type annotation  [no-untyped-def]
src/autoflow/application/environments/service.py:677: error: Call to untyped function "_operation" in typed context  [no-untyped-call]
src/autoflow/application/environments/service.py:679: error: Function is missing a return type annotation  [no-untyped-def]
src/autoflow/application/environments/service.py:685: error: Function is missing a return type annotation  [no-untyped-def]
src/autoflow/application/environments/service.py:706: error: Function is missing a type annotation  [no-untyped-def]
src/autoflow/application/workflows/inspection.py:617: error: Returning Any from function declared to return "dict[str, Any]"  [no-any-return]
src/autoflow/application/workflows/inspection.py:623: error: Returning Any from function declared to return "dict[str, Any]"  [no-any-return]
src/autoflow/infrastructure/database/session.py:21: error: Function is missing a return type annotation  [no-untyped-def]
src/autoflow/infrastructure/database/session.py:25: error: Function is missing a type annotation  [no-untyped-def]
src/autoflow/infrastructure/database/migrations/env.py:23: error: Function is missing a return type annotation  [no-untyped-def]
src/autoflow/infrastructure/database/migrations/env.py:23: note: Use "-> None" if function does not return a value
src/autoflow/infrastructure/database/migrations/env.py:33: error: Function is missing a return type annotation  [no-untyped-def]
src/autoflow/infrastructure/database/migrations/env.py:33: note: Use "-> None" if function does not return a value
src/autoflow/infrastructure/database/migrations/env.py:53: error: Call to untyped function "run_migrations_offline" in typed context  [no-untyped-call]
src/autoflow/infrastructure/database/migrations/env.py:55: error: Call to untyped function "run_migrations_online" in typed context  [no-untyped-call]
src/autoflow/infrastructure/database/migrations/versions/pm09_shared_sheet_identity.py:12: error: Function is missing a return type annotation  [no-untyped-def]
src/autoflow/infrastructure/database/migrations/versions/pm09_shared_sheet_identity.py:12: note: Use "-> None" if function does not return a value
src/autoflow/infrastructure/database/migrations/versions/pm09_shared_sheet_identity.py:19: error: Function is missing a return type annotation  [no-untyped-def]
src/autoflow/infrastructure/database/migrations/versions/pm09_shared_sheet_identity.py:19: note: Use "-> None" if function does not return a value
src/autoflow/infrastructure/database/migrations/versions/pm02_status_tombstones.py:12: error: Function is missing a return type annotation  [no-untyped-def]
src/autoflow/infrastructure/database/migrations/versions/pm02_status_tombstones.py:12: note: Use "-> None" if function does not return a value
src/autoflow/infrastructure/database/migrations/versions/pm02_status_tombstones.py:29: error: Function is missing a return type annotation  [no-untyped-def]
src/autoflow/infrastructure/database/migrations/versions/pm02_status_tombstones.py:29: note: Use "-> None" if function does not return a value
src/autoflow/infrastructure/database/migrations/versions/pm02_status_batches.py:12: error: Function is missing a return type annotation  [no-untyped-def]
src/autoflow/infrastructure/database/migrations/versions/pm02_status_batches.py:12: note: Use "-> None" if function does not return a value
src/autoflow/infrastructure/database/migrations/versions/pm02_status_batches.py:51: error: Function is missing a return type annotation  [no-untyped-def]
src/autoflow/infrastructure/database/migrations/versions/pm02_status_batches.py:51: note: Use "-> None" if function does not return a value
src/autoflow/infrastructure/database/migrations/versions/pm02_schema_drafts.py:12: error: Function is missing a return type annotation  [no-untyped-def]
src/autoflow/infrastructure/database/migrations/versions/pm02_schema_drafts.py:12: note: Use "-> None" if function does not return a value
src/autoflow/infrastructure/database/migrations/versions/pm02_schema_drafts.py:47: error: Function is missing a return type annotation  [no-untyped-def]
src/autoflow/infrastructure/database/migrations/versions/pm02_schema_drafts.py:47: note: Use "-> None" if function does not return a value
src/autoflow/infrastructure/database/migrations/versions/pm02_project_data.py:12: error: Function is missing a return type annotation  [no-untyped-def]
src/autoflow/infrastructure/database/migrations/versions/pm02_project_data.py:12: note: Use "-> None" if function does not return a value
src/autoflow/infrastructure/database/migrations/versions/pm02_project_data.py:247: error: Function is missing a return type annotation  [no-untyped-def]
src/autoflow/infrastructure/database/migrations/versions/pm02_project_data.py:247: note: Use "-> None" if function does not return a value
src/autoflow/infrastructure/database/migrations/versions/pm02_excel_inspections.py:12: error: Function is missing a return type annotation  [no-untyped-def]
src/autoflow/infrastructure/database/migrations/versions/pm02_excel_inspections.py:12: note: Use "-> None" if function does not return a value
src/autoflow/infrastructure/database/migrations/versions/pm02_excel_inspections.py:67: error: Function is missing a return type annotation  [no-untyped-def]
src/autoflow/infrastructure/database/migrations/versions/pm02_excel_inspections.py:67: note: Use "-> None" if function does not return a value
src/autoflow/infrastructure/database/migrations/versions/pm02_excel_imports.py:12: error: Function is missing a return type annotation  [no-untyped-def]
src/autoflow/infrastructure/database/migrations/versions/pm02_excel_imports.py:12: note: Use "-> None" if function does not return a value
src/autoflow/infrastructure/database/migrations/versions/pm02_excel_imports.py:39: error: Function is missing a return type annotation  [no-untyped-def]
src/autoflow/infrastructure/database/migrations/versions/pm02_excel_imports.py:39: note: Use "-> None" if function does not return a value
src/autoflow/infrastructure/database/migrations/versions/pm02_excel_exports.py:12: error: Function is missing a return type annotation  [no-untyped-def]
src/autoflow/infrastructure/database/migrations/versions/pm02_excel_exports.py:12: note: Use "-> None" if function does not return a value
src/autoflow/infrastructure/database/migrations/versions/pm02_excel_exports.py:47: error: Function is missing a return type annotation  [no-untyped-def]
src/autoflow/infrastructure/database/migrations/versions/pm02_excel_exports.py:47: note: Use "-> None" if function does not return a value
src/autoflow/infrastructure/database/migrations/versions/pm01_projects.py:12: error: Function is missing a return type annotation  [no-untyped-def]
src/autoflow/infrastructure/database/migrations/versions/pm01_projects.py:12: note: Use "-> None" if function does not return a value
src/autoflow/infrastructure/database/migrations/versions/pm01_projects.py:45: error: Function is missing a return type annotation  [no-untyped-def]
src/autoflow/infrastructure/database/migrations/versions/pm01_projects.py:45: note: Use "-> None" if function does not return a value
src/autoflow/infrastructure/database/migrations/versions/0008_workflow_debug.py:11: error: Function is missing a return type annotation  [no-untyped-def]
src/autoflow/infrastructure/database/migrations/versions/0008_workflow_debug.py:11: note: Use "-> None" if function does not return a value
src/autoflow/infrastructure/database/migrations/versions/0008_workflow_debug.py:33: error: Function is missing a return type annotation  [no-untyped-def]
src/autoflow/infrastructure/database/migrations/versions/0008_workflow_debug.py:33: note: Use "-> None" if function does not return a value
src/autoflow/infrastructure/database/migrations/versions/0007_workflow_artifacts.py:11: error: Function is missing a return type annotation  [no-untyped-def]
src/autoflow/infrastructure/database/migrations/versions/0007_workflow_artifacts.py:11: note: Use "-> None" if function does not return a value
src/autoflow/infrastructure/database/migrations/versions/0007_workflow_artifacts.py:32: error: Function is missing a return type annotation  [no-untyped-def]
src/autoflow/infrastructure/database/migrations/versions/0007_workflow_artifacts.py:32: note: Use "-> None" if function does not return a value
src/autoflow/infrastructure/database/migrations/versions/0007_android_devices.py:11: error: Function is missing a return type annotation  [no-untyped-def]
src/autoflow/infrastructure/database/migrations/versions/0007_android_devices.py:11: note: Use "-> None" if function does not return a value
src/autoflow/infrastructure/database/migrations/versions/0007_android_devices.py:16: error: Function is missing a return type annotation  [no-untyped-def]
src/autoflow/infrastructure/database/migrations/versions/0007_android_devices.py:16: note: Use "-> None" if function does not return a value
src/autoflow/infrastructure/database/migrations/versions/0006_workflow_runs.py:12: error: Function is missing a return type annotation  [no-untyped-def]
src/autoflow/infrastructure/database/migrations/versions/0006_workflow_runs.py:12: note: Use "-> None" if function does not return a value
src/autoflow/infrastructure/database/migrations/versions/0006_workflow_runs.py:31: error: Function is missing a return type annotation  [no-untyped-def]
src/autoflow/infrastructure/database/migrations/versions/0006_workflow_runs.py:31: note: Use "-> None" if function does not return a value
src/autoflow/infrastructure/database/migrations/versions/0005_workflow_documents.py:12: error: Function is missing a return type annotation  [no-untyped-def]
src/autoflow/infrastructure/database/migrations/versions/0005_workflow_documents.py:12: note: Use "-> None" if function does not return a value
src/autoflow/infrastructure/database/migrations/versions/0005_workflow_documents.py:25: error: Function is missing a return type annotation  [no-untyped-def]
src/autoflow/infrastructure/database/migrations/versions/0005_workflow_documents.py:25: note: Use "-> None" if function does not return a value
src/autoflow/infrastructure/database/migrations/versions/0004_proxy_remote_controls.py:12: error: Function is missing a return type annotation  [no-untyped-def]
src/autoflow/infrastructure/database/migrations/versions/0004_proxy_remote_controls.py:12: note: Use "-> None" if function does not return a value
src/autoflow/infrastructure/database/migrations/versions/0004_proxy_remote_controls.py:37: error: Function is missing a return type annotation  [no-untyped-def]
src/autoflow/infrastructure/database/migrations/versions/0004_proxy_remote_controls.py:37: note: Use "-> None" if function does not return a value
src/autoflow/infrastructure/database/migrations/versions/0002_proxy_management.py:10: error: Function is missing a return type annotation  [no-untyped-def]
src/autoflow/infrastructure/database/migrations/versions/0002_proxy_management.py:10: note: Use "-> None" if function does not return a value
src/autoflow/infrastructure/database/migrations/versions/0002_proxy_management.py:100: error: Function is missing a return type annotation  [no-untyped-def]
src/autoflow/infrastructure/database/migrations/versions/0002_proxy_management.py:100: note: Use "-> None" if function does not return a value
src/autoflow/infrastructure/database/migrations/versions/0002_model_management.py:10: error: Function is missing a return type annotation  [no-untyped-def]
src/autoflow/infrastructure/database/migrations/versions/0002_model_management.py:10: note: Use "-> None" if function does not return a value
src/autoflow/infrastructure/database/migrations/versions/0002_model_management.py:56: error: Function is missing a return type annotation  [no-untyped-def]
src/autoflow/infrastructure/database/migrations/versions/0002_model_management.py:56: note: Use "-> None" if function does not return a value
src/autoflow/infrastructure/database/migrations/versions/0001_browser_resources.py:10: error: Function is missing a return type annotation  [no-untyped-def]
src/autoflow/infrastructure/database/migrations/versions/0001_browser_resources.py:10: note: Use "-> None" if function does not return a value
src/autoflow/infrastructure/database/migrations/versions/0001_browser_resources.py:18: error: Function is missing a return type annotation  [no-untyped-def]
src/autoflow/infrastructure/database/migrations/versions/0001_browser_resources.py:18: note: Use "-> None" if function does not return a value
src/autoflow/application/projects/statistics.py:198: error: Call to untyped function "get" in typed context  [no-untyped-call]
src/autoflow/infrastructure/database/project_excel_imports.py:116: error: Missing type arguments for generic type "dict"  [type-arg]
src/autoflow/infrastructure/database/project_excel_imports.py:169: error: Function is missing a return type annotation  [no-untyped-def]
src/autoflow/infrastructure/database/project_excel_imports.py:170: error: Missing type arguments for generic type "dict"  [type-arg]
src/autoflow/infrastructure/database/project_excel_imports.py:209: error: Missing type arguments for generic type "dict"  [type-arg]
src/autoflow/infrastructure/database/project_excel_imports.py:212: error: Missing type arguments for generic type "dict"  [type-arg]
src/autoflow/infrastructure/database/project_excel_imports.py:286: error: Missing type arguments for generic type "dict"  [type-arg]
src/autoflow/infrastructure/database/project_excel_imports.py:470: error: Missing type arguments for generic type "dict"  [type-arg]
src/autoflow/infrastructure/database/project_excel_imports.py:506: error: Missing type arguments for generic type "dict"  [type-arg]
src/autoflow/infrastructure/database/project_excel_imports.py:596: error: Missing type arguments for generic type "dict"  [type-arg]
src/autoflow/infrastructure/database/project_data_schema.py:50: error: Missing type arguments for generic type "dict"  [type-arg]
src/autoflow/infrastructure/database/project_data_schema.py:125: error: Missing type arguments for generic type "dict"  [type-arg]
src/autoflow/infrastructure/database/project_data_schema.py:128: error: Missing type arguments for generic type "dict"  [type-arg]
src/autoflow/infrastructure/database/project_data_schema.py:161: error: Missing type arguments for generic type "dict"  [type-arg]
src/autoflow/infrastructure/database/project_data_schema.py:249: error: Function is missing a return type annotation  [no-untyped-def]
src/autoflow/infrastructure/database/project_data_schema.py:249: error: Missing type arguments for generic type "dict"  [type-arg]
src/autoflow/infrastructure/database/project_data_schema.py:274: error: Function is missing a type annotation for one or more parameters  [no-untyped-def]
src/autoflow/infrastructure/database/project_data_schema.py:274: error: Missing type arguments for generic type "dict"  [type-arg]
src/autoflow/infrastructure/database/project_data_schema.py:293: error: Missing type arguments for generic type "dict"  [type-arg]
src/autoflow/infrastructure/database/project_data_schema.py:300: error: Function is missing a type annotation for one or more parameters  [no-untyped-def]
src/autoflow/infrastructure/database/project_data_schema.py:300: error: Missing type arguments for generic type "dict"  [type-arg]
src/autoflow/infrastructure/database/project_data_schema.py:309: error: Missing type arguments for generic type "dict"  [type-arg]
src/autoflow/infrastructure/database/project_data_schema.py:322: error: Missing type arguments for generic type "dict"  [type-arg]
src/autoflow/infrastructure/database/project_data_schema.py:337: error: Missing type arguments for generic type "dict"  [type-arg]
src/autoflow/infrastructure/database/project_data_schema.py:352: error: Missing type arguments for generic type "dict"  [type-arg]
src/autoflow/infrastructure/database/project_data_schema.py:353: error: Missing type arguments for generic type "dict"  [type-arg]
src/autoflow/infrastructure/database/project_data_schema.py:385: error: Missing type arguments for generic type "dict"  [type-arg]
src/autoflow/infrastructure/database/project_data_schema.py:386: error: Missing type arguments for generic type "dict"  [type-arg]
src/autoflow/infrastructure/database/project_data_schema.py:394: error: Missing type arguments for generic type "dict"  [type-arg]
src/autoflow/infrastructure/database/project_data_schema.py:395: error: Missing type arguments for generic type "dict"  [type-arg]
src/autoflow/providers/proxy/proxypanel.py:54: error: Missing type arguments for generic type "dict"  [type-arg]
src/autoflow/providers/proxy/proxypanel.py:141: error: Function is missing a return type annotation  [no-untyped-def]
src/autoflow/providers/proxy/proxypanel.py:145: error: Function is missing a return type annotation  [no-untyped-def]
src/autoflow/providers/proxy/proxypanel.py:149: error: Function is missing a return type annotation  [no-untyped-def]
src/autoflow/providers/proxy/proxypanel.py:153: error: Function is missing a type annotation for one or more parameters  [no-untyped-def]
src/autoflow/providers/proxy/proxypanel.py:153: error: Missing type arguments for generic type "dict"  [type-arg]
src/autoflow/providers/proxy/proxypanel.py:167: error: Missing type arguments for generic type "dict"  [type-arg]
src/autoflow/providers/proxy/proxypanel.py:192: error: Missing type arguments for generic type "dict"  [type-arg]
src/autoflow/providers/integrations/webdav.py:158: error: Returning Any from function declared to return "str"  [no-any-return]
src/autoflow/application/workflows/executors/media_recognition.py:97: error: Unused "type: ignore" comment  [unused-ignore]
src/autoflow/application/workflows/executors/image_trigger.py:102: error: Unused "type: ignore" comment  [unused-ignore]
src/autoflow/application/workflows/executors/image_trigger.py:116: error: Unused "type: ignore" comment  [unused-ignore]
src/autoflow/application/workflows/executors/image_trigger.py:131: error: Unused "type: ignore" comment  [unused-ignore]
src/autoflow/bootstrap/android_prepare.py:61: error: Missing type arguments for generic type "dict"  [type-arg]
src/autoflow/application/project_data/excel_import.py:23: error: Function is missing a return type annotation  [no-untyped-def]
src/autoflow/application/project_data/excel_import.py:31: error: Function is missing a return type annotation  [no-untyped-def]
src/autoflow/application/project_data/excel_import.py:36: error: Missing type arguments for generic type "dict"  [type-arg]
src/autoflow/application/project_data/excel_import.py:47: error: Function is missing a return type annotation  [no-untyped-def]
src/autoflow/application/project_data/excel_import.py:53: error: Function is missing a return type annotation  [no-untyped-def]
src/autoflow/application/project_data/excel_import.py:130: error: Function is missing a return type annotation  [no-untyped-def]
src/autoflow/application/project_data/excel_import.py:130: note: Use "-> None" if function does not return a value
src/autoflow/application/project_data/excel_import.py:141: error: Function is missing a return type annotation  [no-untyped-def]
src/autoflow/application/project_data/excel_import.py:144: error: Function is missing a return type annotation  [no-untyped-def]
src/autoflow/application/project_data/excel_import.py:144: note: Use "-> None" if function does not return a value
src/autoflow/infrastructure/database/project_data_status_batches.py:522: error: Function is missing a return type annotation  [no-untyped-def]
src/autoflow/infrastructure/database/project_data_queries.py:275: error: Returning Any from function declared to return "int"  [no-any-return]
src/autoflow/providers/browser/proxy_relay.py:73: error: Missing type arguments for generic type "dict"  [type-arg]
src/autoflow/adapters/http/workflow_runs.py:592: error: Call to untyped function "content" in typed context  [no-untyped-call]
src/autoflow/adapters/http/proxy_validation.py:19: error: Function is missing a return type annotation  [no-untyped-def]
src/autoflow/adapters/http/proxies.py:58: error: Function is missing a return type annotation  [no-untyped-def]
src/autoflow/adapters/http/proxies.py:67: error: Function is missing a return type annotation  [no-untyped-def]
src/autoflow/adapters/http/proxies.py:79: error: Function is missing a return type annotation  [no-untyped-def]
src/autoflow/adapters/http/proxies.py:92: error: Function is missing a return type annotation  [no-untyped-def]
src/autoflow/adapters/http/proxies.py:106: error: Function is missing a return type annotation  [no-untyped-def]
src/autoflow/adapters/http/proxies.py:118: error: Function is missing a return type annotation  [no-untyped-def]
src/autoflow/adapters/http/proxies.py:132: error: Function is missing a return type annotation  [no-untyped-def]
src/autoflow/adapters/http/proxies.py:151: error: Function is missing a return type annotation  [no-untyped-def]
src/autoflow/adapters/http/proxies.py:179: error: Function is missing a return type annotation  [no-untyped-def]
src/autoflow/adapters/http/proxies.py:190: error: Function is missing a return type annotation  [no-untyped-def]
src/autoflow/adapters/http/proxies.py:208: error: Function is missing a return type annotation  [no-untyped-def]
src/autoflow/adapters/http/proxies.py:223: error: Function is missing a return type annotation  [no-untyped-def]
src/autoflow/adapters/http/proxies.py:239: error: Function is missing a return type annotation  [no-untyped-def]
src/autoflow/adapters/http/proxies.py:247: error: Function is missing a return type annotation  [no-untyped-def]
src/autoflow/adapters/http/proxies.py:251: error: Function is missing a return type annotation  [no-untyped-def]
src/autoflow/adapters/http/proxies.py:264: error: Function is missing a return type annotation  [no-untyped-def]
src/autoflow/adapters/http/proxies.py:268: error: Function is missing a return type annotation  [no-untyped-def]
src/autoflow/adapters/http/proxies.py:276: error: Function is missing a return type annotation  [no-untyped-def]
src/autoflow/adapters/http/proxies.py:280: error: Function is missing a return type annotation  [no-untyped-def]
src/autoflow/adapters/http/proxies.py:299: error: Function is missing a return type annotation  [no-untyped-def]
src/autoflow/adapters/http/proxies.py:306: error: Function is missing a return type annotation  [no-untyped-def]
src/autoflow/adapters/http/proxies.py:317: error: Function is missing a return type annotation  [no-untyped-def]
src/autoflow/adapters/http/proxies.py:324: error: Function is missing a return type annotation  [no-untyped-def]
src/autoflow/adapters/http/proxies.py:336: error: Function is missing a return type annotation  [no-untyped-def]
src/autoflow/adapters/http/project_run_evidence.py:23: error: Function is missing a return type annotation  [no-untyped-def]
src/autoflow/adapters/http/project_run_evidence.py:41: error: Function is missing a return type annotation  [no-untyped-def]
src/autoflow/adapters/http/project_run_evidence.py:61: error: Function is missing a return type annotation  [no-untyped-def]
src/autoflow/adapters/http/project_run_evidence.py:79: error: Function is missing a return type annotation  [no-untyped-def]
src/autoflow/adapters/http/project_run_evidence.py:106: error: Function is missing a return type annotation  [no-untyped-def]
src/autoflow/adapters/http/project_run_evidence.py:114: error: Function is missing a return type annotation  [no-untyped-def]
src/autoflow/adapters/http/project_run_evidence.py:130: error: Function is missing a type annotation for one or more parameters  [no-untyped-def]
src/autoflow/adapters/http/project_run_events.py:18: error: Function is missing a return type annotation  [no-untyped-def]
src/autoflow/adapters/http/project_run_events.py:26: error: Function is missing a return type annotation  [no-untyped-def]
src/autoflow/adapters/http/project_run_events.py:38: error: Function is missing a return type annotation  [no-untyped-def]
src/autoflow/adapters/http/project_run_events.py:54: error: Call to untyped function "stream" in typed context  [no-untyped-call]
src/autoflow/adapters/http/models.py:24: error: Function is missing a type annotation for one or more parameters  [no-untyped-def]
src/autoflow/adapters/http/models.py:47: error: Function is missing a type annotation for one or more parameters  [no-untyped-def]
src/autoflow/adapters/http/models.py:51: error: Function is missing a type annotation for one or more parameters  [no-untyped-def]
src/autoflow/adapters/http/models.py:55: error: Function is missing a type annotation for one or more parameters  [no-untyped-def]
src/autoflow/adapters/http/models.py:72: error: Function is missing a return type annotation  [no-untyped-def]
src/autoflow/adapters/http/models.py:79: error: Function is missing a return type annotation  [no-untyped-def]
src/autoflow/adapters/http/models.py:89: error: Function is missing a return type annotation  [no-untyped-def]
src/autoflow/adapters/http/models.py:101: error: Function is missing a return type annotation  [no-untyped-def]
src/autoflow/adapters/http/models.py:107: error: Function is missing a return type annotation  [no-untyped-def]
src/autoflow/adapters/http/models.py:114: error: Function is missing a return type annotation  [no-untyped-def]
src/autoflow/adapters/http/models.py:121: error: Function is missing a return type annotation  [no-untyped-def]
src/autoflow/adapters/http/models.py:134: error: Function is missing a return type annotation  [no-untyped-def]
src/autoflow/adapters/http/models.py:145: error: Function is missing a return type annotation  [no-untyped-def]
src/autoflow/adapters/http/models.py:158: error: Function is missing a return type annotation  [no-untyped-def]
src/autoflow/adapters/http/models.py:167: error: Function is missing a return type annotation  [no-untyped-def]
src/autoflow/adapters/http/models.py:171: error: Function is missing a return type annotation  [no-untyped-def]
src/autoflow/adapters/http/models.py:175: error: Function is missing a return type annotation  [no-untyped-def]
src/autoflow/adapters/http/models.py:180: error: Function is missing a return type annotation  [no-untyped-def]
src/autoflow/adapters/http/internal_proxy_credentials.py:25: error: Function is missing a return type annotation  [no-untyped-def]
src/autoflow/adapters/http/errors.py:384: error: Unused "type: ignore" comment  [unused-ignore]
src/autoflow/infrastructure/database/project_excel_exports.py:52: error: Function is missing a return type annotation  [no-untyped-def]
src/autoflow/infrastructure/database/project_capabilities.py:234: error: Missing type arguments for generic type "dict"  [type-arg]
src/autoflow/infrastructure/database/project_capabilities.py:267: error: Missing type arguments for generic type "dict"  [type-arg]
src/autoflow/infrastructure/database/project_capabilities.py:346: error: Missing type arguments for generic type "dict"  [type-arg]
src/autoflow/infrastructure/database/project_capabilities.py:433: error: Missing type arguments for generic type "dict"  [type-arg]
src/autoflow/infrastructure/database/project_capabilities.py:549: error: Missing type arguments for generic type "dict"  [type-arg]
src/autoflow/infrastructure/database/project_capabilities.py:638: error: Missing type arguments for generic type "dict"  [type-arg]
src/autoflow/infrastructure/database/project_capabilities.py:747: error: Missing type arguments for generic type "dict"  [type-arg]
src/autoflow/infrastructure/database/project_capabilities.py:837: error: Missing type arguments for generic type "dict"  [type-arg]
src/autoflow/infrastructure/database/project_capabilities.py:842: error: Missing type arguments for generic type "dict"  [type-arg]
src/autoflow/infrastructure/database/project_capabilities.py:851: error: Missing type arguments for generic type "dict"  [type-arg]
src/autoflow/infrastructure/database/project_capabilities.py:1061: error: Missing type arguments for generic type "dict"  [type-arg]
src/autoflow/infrastructure/database/project_capabilities.py:1167: error: Missing type arguments for generic type "dict"  [type-arg]
src/autoflow/infrastructure/database/project_capabilities.py:1240: error: Missing type arguments for generic type "dict"  [type-arg]
src/autoflow/infrastructure/database/project_capabilities.py:1254: error: Missing type arguments for generic type "dict"  [type-arg]
src/autoflow/infrastructure/database/project_capabilities.py:1280: error: Function is missing a return type annotation  [no-untyped-def]
src/autoflow/infrastructure/database/project_capabilities.py:1321: error: Function is missing a return type annotation  [no-untyped-def]
src/autoflow/infrastructure/database/project_capabilities.py:1349: error: Function is missing a return type annotation  [no-untyped-def]
src/autoflow/infrastructure/database/project_capabilities.py:1377: error: Function is missing a return type annotation  [no-untyped-def]
src/autoflow/infrastructure/database/project_capabilities.py:1474: error: Function is missing a return type annotation  [no-untyped-def]
src/autoflow/infrastructure/database/project_capabilities.py:1529: error: Missing type arguments for generic type "dict"  [type-arg]
src/autoflow/infrastructure/database/project_capabilities.py:1568: error: Missing type arguments for generic type "dict"  [type-arg]
src/autoflow/infrastructure/database/project_capabilities.py:1585: error: Missing type arguments for generic type "dict"  [type-arg]
src/autoflow/infrastructure/database/project_capabilities.py:1586: error: Missing type arguments for generic type "dict"  [type-arg]
src/autoflow/infrastructure/database/project_capabilities.py:1606: error: Missing type arguments for generic type "dict"  [type-arg]
src/autoflow/infrastructure/database/project_capabilities.py:1632: error: Missing type arguments for generic type "dict"  [type-arg]
src/autoflow/infrastructure/database/project_capabilities.py:1642: error: Missing type arguments for generic type "dict"  [type-arg]
src/autoflow/infrastructure/database/project_capabilities.py:1673: error: Missing type arguments for generic type "dict"  [type-arg]
src/autoflow/infrastructure/database/project_capabilities.py:1683: error: Missing type arguments for generic type "dict"  [type-arg]
src/autoflow/providers/model/__init__.py:1: error: Module "autoflow.providers.model.http" does not explicitly export attribute "validate_connection"  [attr-defined]
src/autoflow/adapters/http/proxy_remote.py:40: error: Function is missing a type annotation for one or more parameters  [no-untyped-def]
src/autoflow/adapters/http/proxy_remote.py:57: error: Function is missing a return type annotation  [no-untyped-def]
src/autoflow/adapters/http/proxy_remote.py:80: error: Function is missing a return type annotation  [no-untyped-def]
src/autoflow/adapters/http/proxy_remote.py:108: error: Function is missing a return type annotation  [no-untyped-def]
src/autoflow/adapters/http/proxy_remote.py:114: error: Function is missing a type annotation  [no-untyped-def]
src/autoflow/adapters/http/proxy_remote.py:134: error: Function is missing a return type annotation  [no-untyped-def]
src/autoflow/adapters/http/proxy_remote.py:139: error: Call to untyped function "submit" in typed context  [no-untyped-call]
src/autoflow/adapters/http/proxy_remote.py:148: error: Function is missing a return type annotation  [no-untyped-def]
src/autoflow/adapters/http/proxy_remote.py:153: error: Call to untyped function "submit" in typed context  [no-untyped-call]
src/autoflow/adapters/http/proxy_remote.py:166: error: Function is missing a return type annotation  [no-untyped-def]
src/autoflow/adapters/http/proxy_remote.py:171: error: Call to untyped function "submit" in typed context  [no-untyped-call]
src/autoflow/adapters/http/proxy_remote.py:184: error: Function is missing a return type annotation  [no-untyped-def]
src/autoflow/adapters/http/proxy_remote.py:189: error: Call to untyped function "submit" in typed context  [no-untyped-call]
src/autoflow/adapters/http/proxy_remote.py:196: error: Function is missing a return type annotation  [no-untyped-def]
src/autoflow/adapters/http/proxy_remote.py:203: error: Function is missing a return type annotation  [no-untyped-def]
src/autoflow/adapters/http/proxy_remote.py:212: error: Function is missing a return type annotation  [no-untyped-def]
src/autoflow/adapters/http/proxy_remote.py:221: error: Function is missing a return type annotation  [no-untyped-def]
src/autoflow/adapters/http/settings_dashboard.py:71: error: Function is missing a return type annotation  [no-untyped-def]
src/autoflow/adapters/http/projects.py:42: error: Function is missing a return type annotation  [no-untyped-def]
src/autoflow/adapters/http/projects.py:51: error: Call to untyped function "list" in typed context  [no-untyped-call]
src/autoflow/adapters/http/projects.py:78: error: Function is missing a return type annotation  [no-untyped-def]
src/autoflow/adapters/http/projects.py:80: error: Call to untyped function "payload" in typed context  [no-untyped-call]
src/autoflow/adapters/http/projects.py:91: error: Function is missing a return type annotation  [no-untyped-def]
src/autoflow/adapters/http/projects.py:93: error: Call to untyped function "get" in typed context  [no-untyped-call]
src/autoflow/adapters/http/projects.py:102: error: Function is missing a return type annotation  [no-untyped-def]
src/autoflow/adapters/http/projects.py:104: error: Call to untyped function "payload" in typed context  [no-untyped-call]
src/autoflow/adapters/http/projects.py:112: error: Function is missing a return type annotation  [no-untyped-def]
src/autoflow/adapters/http/projects.py:113: error: Call to untyped function "open" in typed context  [no-untyped-call]
src/autoflow/adapters/http/projects.py:124: error: Function is missing a return type annotation  [no-untyped-def]
src/autoflow/adapters/http/projects.py:136: error: Function is missing a return type annotation  [no-untyped-def]
src/autoflow/adapters/http/projects.py:179: error: Call to untyped function "operations" in typed context  [no-untyped-call]
src/autoflow/adapters/http/projects.py:188: error: Call to untyped function "_op" in typed context  [no-untyped-call]
src/autoflow/adapters/http/projects.py:201: error: Function is missing a return type annotation  [no-untyped-def]
src/autoflow/adapters/http/projects.py:202: error: Call to untyped function "_op" in typed context  [no-untyped-call]
src/autoflow/adapters/http/projects.py:203: error: Call to untyped function "operation" in typed context  [no-untyped-call]
src/autoflow/adapters/http/projects.py:212: error: Function is missing a return type annotation  [no-untyped-def]
src/autoflow/adapters/http/projects.py:213: error: Call to untyped function "_op" in typed context  [no-untyped-call]
src/autoflow/adapters/http/projects.py:213: error: Call to untyped function "operation" in typed context  [no-untyped-call]
src/autoflow/adapters/http/projects.py:221: error: Function is missing a return type annotation  [no-untyped-def]
src/autoflow/adapters/http/projects.py:222: error: Call to untyped function "_op" in typed context  [no-untyped-call]
src/autoflow/adapters/http/projects.py:222: error: Call to untyped function "workspace_operation" in typed context  [no-untyped-call]
src/autoflow/adapters/http/projects.py:240: error: Function is missing a return type annotation  [no-untyped-def]
src/autoflow/adapters/http/projects.py:255: error: Function is missing a return type annotation  [no-untyped-def]
src/autoflow/adapters/http/projects.py:266: error: Call to untyped function "_op" in typed context  [no-untyped-call]
src/autoflow/adapters/http/projects.py:277: error: Function is missing a return type annotation  [no-untyped-def]
src/autoflow/adapters/http/projects.py:288: error: Call to untyped function "_op" in typed context  [no-untyped-call]
src/autoflow/adapters/http/projects.py:299: error: Function is missing a return type annotation  [no-untyped-def]
src/autoflow/adapters/http/projects.py:310: error: Call to untyped function "_op" in typed context  [no-untyped-call]
src/autoflow/adapters/http/projects.py:315: error: Function is missing a type annotation for one or more parameters  [no-untyped-def]
src/autoflow/adapters/http/projects.py:319: error: Function is missing a type annotation  [no-untyped-def]
src/autoflow/adapters/http/project_statistics.py:20: error: Function is missing a return type annotation  [no-untyped-def]
src/autoflow/adapters/http/project_statistics.py:37: error: Function is missing a return type annotation  [no-untyped-def]
src/autoflow/adapters/http/project_statistics.py:61: error: Function is missing a return type annotation  [no-untyped-def]
src/autoflow/adapters/http/project_run_interactions.py:74: error: Function is missing a return type annotation  [no-untyped-def]
src/autoflow/adapters/http/project_run_interactions.py:89: error: Function is missing a return type annotation  [no-untyped-def]
src/autoflow/adapters/http/project_run_interactions.py:99: error: Function is missing a return type annotation  [no-untyped-def]
src/autoflow/adapters/http/project_run_interactions.py:115: error: Function is missing a return type annotation  [no-untyped-def]
src/autoflow/adapters/http/project_data.py:53: error: Function is missing a return type annotation  [no-untyped-def]
src/autoflow/adapters/http/project_data.py:89: error: Function is missing a return type annotation  [no-untyped-def]
src/autoflow/adapters/http/project_data.py:108: error: Function is missing a return type annotation  [no-untyped-def]
src/autoflow/adapters/http/project_data.py:117: error: Function is missing a return type annotation  [no-untyped-def]
src/autoflow/adapters/http/project_data.py:136: error: Function is missing a return type annotation  [no-untyped-def]
src/autoflow/adapters/http/project_data.py:144: error: Function is missing a return type annotation  [no-untyped-def]
src/autoflow/adapters/http/project_data.py:163: error: Function is missing a return type annotation  [no-untyped-def]
src/autoflow/adapters/http/project_data.py:171: error: Function is missing a return type annotation  [no-untyped-def]
src/autoflow/adapters/http/project_data.py:183: error: Function is missing a return type annotation  [no-untyped-def]
src/autoflow/adapters/http/project_data.py:205: error: Function is missing a return type annotation  [no-untyped-def]
src/autoflow/adapters/http/project_data.py:226: error: Function is missing a return type annotation  [no-untyped-def]
src/autoflow/adapters/http/project_automations.py:32: error: Function is missing a return type annotation  [no-untyped-def]
src/autoflow/adapters/http/project_automations.py:43: error: Call to untyped function "_view" in typed context  [no-untyped-call]
src/autoflow/adapters/http/project_automations.py:60: error: Function is missing a return type annotation  [no-untyped-def]
src/autoflow/adapters/http/project_automations.py:64: error: Call to untyped function "payload" in typed context  [no-untyped-call]
src/autoflow/adapters/http/project_automations.py:68: error: Call to untyped function "_view" in typed context  [no-untyped-call]
src/autoflow/adapters/http/project_automations.py:76: error: Function is missing a return type annotation  [no-untyped-def]
src/autoflow/adapters/http/project_automations.py:77: error: Call to untyped function "_view" in typed context  [no-untyped-call]
src/autoflow/adapters/http/project_automations.py:85: error: Function is missing a return type annotation  [no-untyped-def]
src/autoflow/adapters/http/project_automations.py:91: error: Call to untyped function "_view" in typed context  [no-untyped-call]
src/autoflow/adapters/http/project_automations.py:93: error: Call to untyped function "payload" in typed context  [no-untyped-call]
src/autoflow/adapters/http/project_automations.py:102: error: Function is missing a return type annotation  [no-untyped-def]
src/autoflow/adapters/http/project_automations.py:118: error: Function is missing a return type annotation  [no-untyped-def]
src/autoflow/adapters/http/project_automations.py:126: error: Call to untyped function "payload" in typed context  [no-untyped-call]
src/autoflow/adapters/http/project_automations.py:130: error: Call to untyped function "_op_view" in typed context  [no-untyped-call]
src/autoflow/adapters/http/project_automations.py:137: error: Function is missing a return type annotation  [no-untyped-def]
src/autoflow/adapters/http/project_automations.py:151: error: Function is missing a type annotation  [no-untyped-def]
src/autoflow/adapters/http/project_automations.py:155: error: Function is missing a type annotation  [no-untyped-def]
src/autoflow/application/project_data/excel_export.py:32: error: Function is missing a return type annotation  [no-untyped-def]
src/autoflow/application/project_data/excel_export.py:50: error: Call to untyped function "_mutation" in typed context  [no-untyped-call]
src/autoflow/application/project_data/excel_export.py:87: error: Call to untyped function "_mutation" in typed context  [no-untyped-call]
src/autoflow/application/project_data/excel_export.py:96: error: Call to untyped function "rows" in typed context  [no-untyped-call]
src/autoflow/application/project_data/excel_export.py:119: error: Call to untyped function "_mutation" in typed context  [no-untyped-call]
src/autoflow/application/project_data/excel_export.py:178: error: Function is missing a return type annotation  [no-untyped-def]
src/autoflow/application/project_data/excel_export.py:195: error: Call to untyped function "_mutation" in typed context  [no-untyped-call]
src/autoflow/application/project_data/excel_export.py:223: error: Function is missing a return type annotation  [no-untyped-def]
src/autoflow/application/project_data/excel_export.py:227: error: Function is missing a type annotation  [no-untyped-def]
src/autoflow/application/project_data/excel_export.py:236: error: Function is missing a type annotation  [no-untyped-def]
src/autoflow/providers/browser/workflow_session.py:86: error: Returning Any from function declared to return "str | None"  [no-any-return]
src/autoflow/providers/browser/workflow_session.py:89: error: Returning Any from function declared to return "str"  [no-any-return]
src/autoflow/providers/browser/workflow_session.py:92: error: Returning Any from function declared to return "str"  [no-any-return]
src/autoflow/providers/browser/workflow_session.py:95: error: Returning Any from function declared to return "str | None"  [no-any-return]
src/autoflow/providers/browser/workflow_session.py:99: error: Returning Any from function declared to return "bytes"  [no-any-return]
src/autoflow/providers/browser/workflow_session.py:420: error: Returning Any from function declared to return "object | None"  [no-any-return]
src/autoflow/providers/browser/workflow_session.py:431: error: Returning Any from function declared to return "object | None"  [no-any-return]
src/autoflow/providers/browser/workflow_session.py:434: error: Returning Any from function declared to return "object | None"  [no-any-return]
src/autoflow/providers/browser/workflow_session.py:437: error: Returning Any from function declared to return "object | None"  [no-any-return]
src/autoflow/providers/browser/workflow_session.py:510: error: Returning Any from function declared to return "bytes"  [no-any-return]
src/autoflow/providers/browser/persistent_context.py:32: error: Function is missing a return type annotation  [no-untyped-def]
src/autoflow/bootstrap/test_browser_worker.py:25: error: Call to untyped function "_windows_kill_on_exit_job" in typed context  [no-untyped-call]
src/autoflow/bootstrap/test_browser_worker.py:57: error: Function is missing a return type annotation  [no-untyped-def]
src/autoflow/adapters/http/project_environments.py:43: error: Function is missing a return type annotation  [no-untyped-def]
src/autoflow/adapters/http/project_environments.py:73: error: Function is missing a return type annotation  [no-untyped-def]
src/autoflow/adapters/http/project_environments.py:86: error: Function is missing a return type annotation  [no-untyped-def]
src/autoflow/adapters/http/project_environments.py:95: error: Function is missing a return type annotation  [no-untyped-def]
src/autoflow/adapters/http/project_environments.py:102: error: Call to untyped function "payload" in typed context  [no-untyped-call]
src/autoflow/adapters/http/project_environments.py:104: error: Call to untyped function "_op" in typed context  [no-untyped-call]
src/autoflow/adapters/http/project_environments.py:111: error: Function is missing a return type annotation  [no-untyped-def]
src/autoflow/adapters/http/project_environments.py:127: error: Function is missing a return type annotation  [no-untyped-def]
src/autoflow/adapters/http/project_environments.py:151: error: Function is missing a return type annotation  [no-untyped-def]
src/autoflow/adapters/http/project_environments.py:160: error: Function is missing a return type annotation  [no-untyped-def]
src/autoflow/adapters/http/project_environments.py:169: error: Call to untyped function "_op" in typed context  [no-untyped-call]
src/autoflow/adapters/http/project_environments.py:177: error: Function is missing a return type annotation  [no-untyped-def]
src/autoflow/adapters/http/project_environments.py:183: error: Call to untyped function "_op" in typed context  [no-untyped-call]
src/autoflow/adapters/http/project_environments.py:191: error: Function is missing a return type annotation  [no-untyped-def]
src/autoflow/adapters/http/project_environments.py:202: error: Call to untyped function "_op" in typed context  [no-untyped-call]
src/autoflow/adapters/http/project_environments.py:210: error: Function is missing a return type annotation  [no-untyped-def]
src/autoflow/adapters/http/project_environments.py:222: error: Call to untyped function "_op" in typed context  [no-untyped-call]
src/autoflow/adapters/http/project_environments.py:230: error: Function is missing a return type annotation  [no-untyped-def]
src/autoflow/adapters/http/project_environments.py:242: error: Call to untyped function "_op" in typed context  [no-untyped-call]
src/autoflow/adapters/http/project_environments.py:250: error: Function is missing a return type annotation  [no-untyped-def]
src/autoflow/adapters/http/project_environments.py:259: error: Call to untyped function "_op" in typed context  [no-untyped-call]
src/autoflow/adapters/http/project_environments.py:266: error: Function is missing a return type annotation  [no-untyped-def]
src/autoflow/adapters/http/project_environments.py:270: error: Call to untyped function "_op" in typed context  [no-untyped-call]
src/autoflow/adapters/http/project_environments.py:277: error: Function is missing a return type annotation  [no-untyped-def]
src/autoflow/adapters/http/project_environments.py:305: error: Function is missing a return type annotation  [no-untyped-def]
src/autoflow/adapters/http/project_environments.py:314: error: Function is missing a return type annotation  [no-untyped-def]
src/autoflow/adapters/http/project_environments.py:331: error: Call to untyped function "_op" in typed context  [no-untyped-call]
src/autoflow/adapters/http/project_environments.py:339: error: Function is missing a return type annotation  [no-untyped-def]
src/autoflow/adapters/http/project_environments.py:357: error: Call to untyped function "_op" in typed context  [no-untyped-call]
src/autoflow/adapters/http/project_excel_imports.py:20: error: Function is missing a return type annotation  [no-untyped-def]
src/autoflow/adapters/http/project_excel_imports.py:43: error: Function is missing a return type annotation  [no-untyped-def]
src/autoflow/adapters/http/project_excel_imports.py:51: error: Function is missing a return type annotation  [no-untyped-def]
src/autoflow/adapters/http/project_excel.py:48: error: Function is missing a return type annotation  [no-untyped-def]
src/autoflow/adapters/http/project_data_status_batches.py:26: error: Function is missing a return type annotation  [no-untyped-def]
src/autoflow/adapters/http/project_data_status_batches.py:39: error: Function is missing a return type annotation  [no-untyped-def]
src/autoflow/adapters/http/project_data_status_batches.py:51: error: Call to untyped function "_op" in typed context  [no-untyped-call]
src/autoflow/adapters/http/project_data_status_batches.py:59: error: Function is missing a return type annotation  [no-untyped-def]
src/autoflow/adapters/http/project_data_status_batches.py:73: error: Call to untyped function "_op" in typed context  [no-untyped-call]
src/autoflow/adapters/http/project_data_schema.py:25: error: Function is missing a return type annotation  [no-untyped-def]
src/autoflow/adapters/http/project_data_schema.py:39: error: Function is missing a return type annotation  [no-untyped-def]
src/autoflow/adapters/http/project_data_records.py:35: error: Function is missing a return type annotation  [no-untyped-def]
src/autoflow/adapters/http/project_data_records.py:63: error: Function is missing a return type annotation  [no-untyped-def]
src/autoflow/adapters/http/project_data_records.py:89: error: Function is missing a return type annotation  [no-untyped-def]
src/autoflow/adapters/http/project_data_records.py:104: error: Call to untyped function "_op" in typed context  [no-untyped-call]
src/autoflow/adapters/http/project_data_records.py:111: error: Function is missing a return type annotation  [no-untyped-def]
src/autoflow/adapters/http/project_data_records.py:127: error: Function is missing a return type annotation  [no-untyped-def]
src/autoflow/adapters/http/project_data_records.py:148: error: Function is missing a return type annotation  [no-untyped-def]
src/autoflow/adapters/http/project_data_impacts.py:39: error: Function is missing a return type annotation  [no-untyped-def]
src/autoflow/adapters/http/project_data_deletions.py:20: error: Function is missing a return type annotation  [no-untyped-def]
src/autoflow/adapters/http/project_data_deletions.py:42: error: Function is missing a return type annotation  [no-untyped-def]
src/autoflow/adapters/http/project_excel_exports.py:27: error: Function is missing a return type annotation  [no-untyped-def]
src/autoflow/adapters/http/project_excel_exports.py:50: error: Function is missing a return type annotation  [no-untyped-def]
src/autoflow/application/workflows/executors/control_variable.py:965: error: Returning Any from function declared to return "bool"  [no-any-return]
src/autoflow/providers/browser/environment_browser.py:82: error: Function is missing a type annotation for one or more parameters  [no-untyped-def]
src/autoflow/providers/browser/environment_browser.py:108: error: Function is missing a type annotation for one or more parameters  [no-untyped-def]
src/autoflow/providers/browser/environment_browser.py:148: error: Function is missing a type annotation for one or more parameters  [no-untyped-def]
src/autoflow/providers/browser/environment_browser.py:229: error: Returning Any from function declared to return "Path"  [no-any-return]
src/autoflow/providers/browser/environment_browser.py:260: error: Function is missing a return type annotation  [no-untyped-def]
src/autoflow/providers/browser/environment_browser.py:274: error: Function is missing a return type annotation  [no-untyped-def]
src/autoflow/adapters/http/project_sheets.py:57: error: Function is missing a return type annotation  [no-untyped-def]
src/autoflow/adapters/http/project_sheets.py:79: error: Function is missing a return type annotation  [no-untyped-def]
src/autoflow/adapters/http/project_sheets.py:88: error: Function is missing a return type annotation  [no-untyped-def]
src/autoflow/adapters/http/project_sheets.py:101: error: Function is missing a return type annotation  [no-untyped-def]
src/autoflow/adapters/http/project_sheets.py:125: error: Function is missing a return type annotation  [no-untyped-def]
src/autoflow/adapters/http/project_sheets.py:148: error: Function is missing a return type annotation  [no-untyped-def]
src/autoflow/adapters/http/project_sheets.py:167: error: Function is missing a return type annotation  [no-untyped-def]
src/autoflow/adapters/http/project_sheets.py:186: error: Function is missing a return type annotation  [no-untyped-def]
src/autoflow/adapters/http/project_sheets.py:201: error: Function is missing a return type annotation  [no-untyped-def]
src/autoflow/adapters/http/project_sheets.py:210: error: Function is missing a return type annotation  [no-untyped-def]
src/autoflow/adapters/http/project_sheets.py:229: error: Function is missing a return type annotation  [no-untyped-def]
src/autoflow/adapters/http/project_sheets.py:248: error: Function is missing a return type annotation  [no-untyped-def]
src/autoflow/adapters/http/project_sheets.py:267: error: Function is missing a return type annotation  [no-untyped-def]
src/autoflow/adapters/http/project_sheets.py:286: error: Function is missing a return type annotation  [no-untyped-def]
src/autoflow/adapters/http/project_sheets.py:312: error: Function is missing a return type annotation  [no-untyped-def]
src/autoflow/adapters/http/project_sheets.py:325: error: Function is missing a return type annotation  [no-untyped-def]
src/autoflow/adapters/http/project_sheets.py:346: error: Function is missing a return type annotation  [no-untyped-def]
src/autoflow/bootstrap/proxies.py:69: error: Argument 1 to "ProxyCredentialLoader" has incompatible type "Callable[[], SqlAlchemyProxyUnitOfWork]"; expected "Callable[[], ProxyUnitOfWork]"  [arg-type]
src/autoflow/bootstrap/proxies.py:69: error: Call to untyped function "SqlAlchemyProxyUnitOfWork" in typed context  [no-untyped-call]
src/autoflow/bootstrap/proxies.py:69: error: Incompatible return value type (got "SqlAlchemyProxyUnitOfWork", expected "ProxyUnitOfWork")  [return-value]
src/autoflow/bootstrap/proxies.py:69: note: Following member(s) of "SqlAlchemyProxyUnitOfWork" have conflicts:
src/autoflow/bootstrap/proxies.py:69: note:     repository: expected "ProxyRepository", got "SqlAlchemyProxyRepository"
src/autoflow/bootstrap/proxies.py:73: error: Argument "uow_factory" to "ProxyApplication" has incompatible type "Callable[[], SqlAlchemyProxyUnitOfWork]"; expected "Callable[[], ProxyUnitOfWork]"  [arg-type]
src/autoflow/bootstrap/proxies.py:73: error: Call to untyped function "SqlAlchemyProxyUnitOfWork" in typed context  [no-untyped-call]
src/autoflow/bootstrap/proxies.py:73: error: Incompatible return value type (got "SqlAlchemyProxyUnitOfWork", expected "ProxyUnitOfWork")  [return-value]
src/autoflow/bootstrap/proxies.py:73: note: Following member(s) of "SqlAlchemyProxyUnitOfWork" have conflicts:
src/autoflow/bootstrap/proxies.py:73: note:     repository: expected "ProxyRepository", got "SqlAlchemyProxyRepository"
src/autoflow/bootstrap/proxies.py:79: error: Call to untyped function "SqlAlchemyProxyOperations" in typed context  [no-untyped-call]
src/autoflow/bootstrap/proxies.py:81: error: Argument 1 to "ProxyRemoteControls" has incompatible type "Callable[[], SqlAlchemyProxyUnitOfWork]"; expected "Callable[[], ProxyUnitOfWork]"  [arg-type]
src/autoflow/bootstrap/proxies.py:81: error: Call to untyped function "SqlAlchemyProxyUnitOfWork" in typed context  [no-untyped-call]
src/autoflow/bootstrap/proxies.py:81: error: Incompatible return value type (got "SqlAlchemyProxyUnitOfWork", expected "ProxyUnitOfWork")  [return-value]
src/autoflow/bootstrap/proxies.py:81: note: Following member(s) of "SqlAlchemyProxyUnitOfWork" have conflicts:
src/autoflow/bootstrap/proxies.py:81: note:     repository: expected "ProxyRepository", got "SqlAlchemyProxyRepository"
src/autoflow/bootstrap/proxies.py:106: error: Argument 1 to "ResolveProxyForProfile" has incompatible type "Callable[[], SqlAlchemyProxyUnitOfWork]"; expected "Callable[[], ProxyUnitOfWork]"  [arg-type]
src/autoflow/bootstrap/proxies.py:106: error: Call to untyped function "SqlAlchemyProxyUnitOfWork" in typed context  [no-untyped-call]
src/autoflow/bootstrap/proxies.py:106: error: Incompatible return value type (got "SqlAlchemyProxyUnitOfWork", expected "ProxyUnitOfWork")  [return-value]
src/autoflow/bootstrap/proxies.py:106: note: Following member(s) of "SqlAlchemyProxyUnitOfWork" have conflicts:
src/autoflow/bootstrap/proxies.py:106: note:     repository: expected "ProxyRepository", got "SqlAlchemyProxyRepository"
src/autoflow/bootstrap/proxies.py:139: error: Function is missing a return type annotation  [no-untyped-def]
src/autoflow/bootstrap/proxies.py:139: note: Use "-> None" if function does not return a value
src/autoflow/bootstrap/proxies.py:141: error: Call to untyped function "close" in typed context  [no-untyped-call]
src/autoflow/application/workflows/executors/captcha.py:97: error: Unused "type: ignore" comment  [unused-ignore]
src/autoflow/application/workflows/executors/captcha.py:98: error: Unused "type: ignore" comment  [unused-ignore]
src/autoflow/application/workflows/runtime.py:365: error: Call to untyped function "_execute_network_guarded" in typed context  [no-untyped-call]
src/autoflow/application/workflows/runtime.py:479: error: Function is missing a type annotation  [no-untyped-def]
src/autoflow/application/workflows/runtime.py:529: error: Returning Any from function declared to return "bool"  [no-any-return]
src/autoflow/application/workflows/coordinator.py:150: error: Redundant cast to "str | None"  [redundant-cast]
src/autoflow/application/workflows/coordinator.py:156: error: Redundant cast to "str | None"  [redundant-cast]
src/autoflow/providers/browser/workflow_worker.py:1506: error: Returning Any from function declared to return "dict[str, Any]"  [no-any-return]
src/autoflow/application/project_runs/coordinator.py:14: error: Module "autoflow.application.workflows.runtime" does not explicitly export attribute "WorkflowRuntimeService"  [attr-defined]
src/autoflow/application/project_runs/coordinator.py:185: error: Call to untyped function "_operation" in typed context  [no-untyped-call]
src/autoflow/application/project_runs/coordinator.py:195: error: Call to untyped function "_record" in typed context  [no-untyped-call]
src/autoflow/application/project_runs/coordinator.py:368: error: Call to untyped function "_operation" in typed context  [no-untyped-call]
src/autoflow/application/project_runs/coordinator.py:403: error: Call to untyped function "_record" in typed context  [no-untyped-call]
src/autoflow/application/project_runs/coordinator.py:499: error: Call to untyped function "_json_dates" in typed context  [no-untyped-call]
src/autoflow/application/project_runs/coordinator.py:501: error: Call to untyped function "_json_dates" in typed context  [no-untyped-call]
src/autoflow/application/project_runs/coordinator.py:587: error: Call to untyped function "_operation_row" in typed context  [no-untyped-call]
src/autoflow/application/project_runs/coordinator.py:673: error: Call to untyped function "_json_dates" in typed context  [no-untyped-call]
src/autoflow/application/project_runs/coordinator.py:676: error: Call to untyped function "_operation" in typed context  [no-untyped-call]
src/autoflow/application/project_runs/coordinator.py:704: error: Call to untyped function "_record" in typed context  [no-untyped-call]
src/autoflow/application/project_runs/coordinator.py:803: error: Function is missing a return type annotation  [no-untyped-def]
src/autoflow/application/project_runs/coordinator.py:808: error: Function is missing a return type annotation  [no-untyped-def]
src/autoflow/application/project_runs/scheduler.py:17: error: Module "autoflow.application.workflows.runtime" does not explicitly export attribute "WorkflowRuntimeService"  [attr-defined]
src/autoflow/application/project_runs/scheduler.py:805: error: Returning Any from function declared to return "str"  [no-any-return]
src/autoflow/application/project_runs/scheduler.py:829: error: Returning Any from function declared to return "str"  [no-any-return]
src/autoflow/application/project_runs/scheduler.py:981: error: Call to untyped function "_json_dates" in typed context  [no-untyped-call]
src/autoflow/application/project_runs/scheduler.py:1073: error: Returning Any from function declared to return "ProjectOperation"  [no-any-return]
src/autoflow/application/project_runs/scheduler.py:1073: error: Call to untyped function "_operation" in typed context  [no-untyped-call]
src/autoflow/application/project_runs/scheduler.py:1112: error: Call to untyped function "_json_dates" in typed context  [no-untyped-call]
src/autoflow/application/project_runs/scheduler.py:1123: error: Call to untyped function "_operation_row" in typed context  [no-untyped-call]
src/autoflow/adapters/http/project_runs.py:46: error: Function is missing a return type annotation  [no-untyped-def]
src/autoflow/adapters/http/project_runs.py:72: error: Function is missing a return type annotation  [no-untyped-def]
src/autoflow/adapters/http/project_runs.py:94: error: Function is missing a return type annotation  [no-untyped-def]
src/autoflow/adapters/http/project_runs.py:109: error: Function is missing a return type annotation  [no-untyped-def]
src/autoflow/adapters/http/project_runs.py:126: error: Function is missing a return type annotation  [no-untyped-def]
src/autoflow/adapters/http/project_runs.py:139: error: Function is missing a return type annotation  [no-untyped-def]
src/autoflow/adapters/http/project_runs.py:170: error: Function is missing a return type annotation  [no-untyped-def]
src/autoflow/adapters/http/project_runs.py:182: error: Function is missing a return type annotation  [no-untyped-def]
src/autoflow/adapters/http/project_runs.py:215: error: Function is missing a return type annotation  [no-untyped-def]
src/autoflow/application/workflows/assistant.py:263: error: Returning Any from function declared to return "dict[str, Any]"  [no-any-return]
src/autoflow/application/workflows/assistant.py:266: error: Returning Any from function declared to return "dict[str, Any]"  [no-any-return]
src/autoflow/bootstrap/workflows.py:176: error: Returning Any from function declared to return "tuple[dict[str, Any], int]"  [no-any-return]
src/autoflow/bootstrap/workflows.py:199: error: Returning Any from function declared to return "tuple[dict[str, Any], int]"  [no-any-return]
src/autoflow/bootstrap/workflows.py:202: error: Returning Any from function declared to return "str | None"  [no-any-return]
src/autoflow/bootstrap/workflows.py:207: error: Returning Any from function declared to return "str | None"  [no-any-return]
src/autoflow/bootstrap/workflows.py:210: error: Returning Any from function declared to return "dict[str, str]"  [no-any-return]
src/autoflow/bootstrap/workflows.py:213: error: Returning Any from function declared to return "dict[str, str]"  [no-any-return]
src/autoflow/bootstrap/workflows.py:216: error: Returning Any from function declared to return "dict[str, str]"  [no-any-return]
src/autoflow/bootstrap/workflows.py:219: error: Returning Any from function declared to return "dict[str, str]"  [no-any-return]
src/autoflow/bootstrap/workflows.py:417: error: Call to untyped function "get" in typed context  [no-untyped-call]
src/autoflow/bootstrap/workflows.py:518: error: Module "autoflow.application.workflows.runtime" does not explicitly export attribute "WorkflowRuntimeService"  [attr-defined]
src/autoflow/bootstrap/workflows.py:521: error: Module "autoflow.infrastructure.database.workflows" does not explicitly export attribute "SqlAlchemyWorkflowRepository"  [attr-defined]
src/autoflow/bootstrap/workflows.py:534: error: Function is missing a return type annotation  [no-untyped-def]
src/autoflow/bootstrap/app.py:177: error: Module "autoflow.infrastructure.database.workflows" does not explicitly export attribute "SqlAlchemyWorkflowRepository"  [attr-defined]
src/autoflow/bootstrap/app.py:412: error: Function is missing a return type annotation  [no-untyped-def]
src/autoflow/bootstrap/app.py:536: error: Call to untyped function "pending_operations" in typed context  [no-untyped-call]
src/autoflow/bootstrap/app.py:578: error: Call to untyped function "shutdown" in typed context  [no-untyped-call]
src/autoflow/bootstrap/app.py:691: error: Call to untyped function "DataSchemaService" in typed context  [no-untyped-call]
src/autoflow/bootstrap/app.py:702: error: Function is missing a return type annotation  [no-untyped-def]
src/autoflow/bootstrap/app.py:702: error: Function is missing a type annotation for one or more parameters  [no-untyped-def]
src/autoflow/bootstrap/app.py:751: error: Function is missing a type annotation for one or more parameters  [no-untyped-def]
Found 1041 errors in 157 files (checked 502 source files)
