F                                                                        [100%]
=================================== FAILURES ===================================
______ test_reopened_partial_end_repairs_all_targets_without_reviving_run ______

end_context = (sessionmaker(class_='Session', bind=Engine(sqlite:////private/tmp/autoflow-pm9-end.UHH58F/test_reopened_partial_end_r... 1, 'linkRevision': 1})), captured_at=datetime.datetime(2026, 9, 28, 5, 39, 45, 577400, tzinfo=datetime.timezone.utc)))

    def test_reopened_partial_end_repairs_all_targets_without_reviving_run(end_context):
        from uuid import uuid4
    
        from autoflow.application.project_runs.queries import ProjectRunQueries
        from autoflow.infrastructure.database.project_data_models import DataRecordRow
    
        factory, ends, task, request, _snapshot = end_context
        _retain(end_context)
        ends.worker_call(task.run_id, 1, request)
        original_targets = ends.operation(task.run_id)[1]["retainEnvironment"]["recordTargets"]
        ref = original_targets[0]["recordRef"]
        with factory.begin() as session:
            record = session.get(DataRecordRow, (ref["datasetGeneration"], ref["recordKey"]["type"], ref["recordKey"]["value"]))
            record.link_revision += 1
        outcome = ends.finalize(task.run_id)[1]
        assert outcome["phase"] == "saved_unlinked"
        # Dispatcher terminal bookkeeping is independent of association repair.
        with factory.begin() as session:
            session.get(WorkflowRunRow, task.run_id).status = "failed"
        reopened = ProjectRunQueries(factory).task_detail(task.project_id, task.task_id)["end"]
        assert reopened["saveOperationId"] != reopened["operationId"]
        assert reopened["associationPhase"] == "saved_unlinked"
        assert len(reopened["repairTargets"]) == len(original_targets)
        approved = [{"recordRef": target["recordRef"], "expectedLinkRevision": target["currentLinkRevision"], "replaceAllowed": True} for target in reopened["repairTargets"]]
        # A fresh service uses SQLite facts; no previous End mutation state is used.
        service = EnvironmentService(ProjectService(SqlAlchemyProjects(factory)), SqlAlchemyEnvironments(factory), ends.environments.store)
        repaired, repair_operation, _ = service.repair(task.project_id, str(uuid4()), reopened["saveOperationId"], {"recordTargets": approved})
        assert repaired["phase"] == "completed"
        from fastapi import FastAPI
        from fastapi.testclient import TestClient
    
        from autoflow.adapters.http.projects import projects_router
        from autoflow.application.projects.overview import ProjectOverviewService
    
        app = FastAPI()
        app.include_router(projects_router(service.projects, ProjectOverviewService(factory)))
        with TestClient(app) as client:
>           recovered = client.get(f"/api/v1/projects/{task.project_id}/operations/by-idempotency-key/{repair_operation.idempotency_key}")
                        ^^^^^^^^^^^^^^^^^^^^^^^^^^^^^^^^^^^^^^^^^^^^^^^^^^^^^^^^^^^^^^^^^^^^^^^^^^^^^^^^^^^^^^^^^^^^^^^^^^^^^^^^^^^^^^^^^^

tests/integration/test_project_end_worker.py:806: 
_ _ _ _ _ _ _ _ _ _ _ _ _ _ _ _ _ _ _ _ _ _ _ _ _ _ _ _ _ _ _ _ _ _ _ _ _ _ _ _ 
.venv/lib/python3.11/site-packages/starlette/testclient.py:483: in get
    return super().get(
.venv/lib/python3.11/site-packages/httpx2/_client.py:1113: in get
    return self.request(
.venv/lib/python3.11/site-packages/starlette/testclient.py:455: in request
    return super().request(
.venv/lib/python3.11/site-packages/httpx2/_client.py:797: in request
    return self.send(request, auth=auth, follow_redirects=follow_redirects)
           ^^^^^^^^^^^^^^^^^^^^^^^^^^^^^^^^^^^^^^^^^^^^^^^^^^^^^^^^^^^^^^^^
.venv/lib/python3.11/site-packages/httpx2/_client.py:980: in send
    response = self._send_handling_auth(
.venv/lib/python3.11/site-packages/httpx2/_client.py:1008: in _send_handling_auth
    response = self._send_handling_redirects(
.venv/lib/python3.11/site-packages/httpx2/_client.py:1043: in _send_handling_redirects
    response = self._send_single_request(request)
               ^^^^^^^^^^^^^^^^^^^^^^^^^^^^^^^^^^
.venv/lib/python3.11/site-packages/httpx2/_client.py:1076: in _send_single_request
    response = transport.handle_request(request)
               ^^^^^^^^^^^^^^^^^^^^^^^^^^^^^^^^^
.venv/lib/python3.11/site-packages/starlette/testclient.py:354: in handle_request
    raise exc
.venv/lib/python3.11/site-packages/starlette/testclient.py:351: in handle_request
    portal.call(self.app, scope, receive, send)
.venv/lib/python3.11/site-packages/anyio/from_thread.py:340: in call
    return cast(T_Retval, self.start_task_soon(func, *args).result())
                          ^^^^^^^^^^^^^^^^^^^^^^^^^^^^^^^^^^^^^^^^^^
../../../../../.local/share/uv/python/cpython-3.11-macos-aarch64-none/lib/python3.11/concurrent/futures/_base.py:456: in result
    return self.__get_result()
           ^^^^^^^^^^^^^^^^^^^
../../../../../.local/share/uv/python/cpython-3.11-macos-aarch64-none/lib/python3.11/concurrent/futures/_base.py:401: in __get_result
    raise self._exception
.venv/lib/python3.11/site-packages/anyio/from_thread.py:265: in _call_func
    retval = await retval_or_awaitable
             ^^^^^^^^^^^^^^^^^^^^^^^^^
.venv/lib/python3.11/site-packages/fastapi/applications.py:1163: in __call__
    await super().__call__(scope, receive, send)
.venv/lib/python3.11/site-packages/starlette/applications.py:96: in __call__
    await self.middleware_stack(scope, receive, send)
.venv/lib/python3.11/site-packages/starlette/middleware/errors.py:186: in __call__
    raise exc
.venv/lib/python3.11/site-packages/starlette/middleware/errors.py:164: in __call__
    await self.app(scope, receive, _send)
.venv/lib/python3.11/site-packages/starlette/middleware/exceptions.py:63: in __call__
    await wrap_app_handling_exceptions(self.app, conn)(scope, receive, send)
.venv/lib/python3.11/site-packages/starlette/_exception_handler.py:53: in wrapped_app
    raise exc
.venv/lib/python3.11/site-packages/starlette/_exception_handler.py:42: in wrapped_app
    await app(scope, receive, sender)
.venv/lib/python3.11/site-packages/fastapi/middleware/asyncexitstack.py:18: in __call__
    await self.app(scope, receive, send)
.venv/lib/python3.11/site-packages/starlette/routing.py:670: in __call__
    await self.middleware_stack(scope, receive, send)
.venv/lib/python3.11/site-packages/fastapi/routing.py:2734: in app
    await route.handle(scope, receive, send)
.venv/lib/python3.11/site-packages/fastapi/routing.py:1780: in handle
    await self.original_router.handle(scope, receive, send)
.venv/lib/python3.11/site-packages/fastapi/routing.py:2789: in handle
    await included_router._handle_selected(scope, receive, send)
.venv/lib/python3.11/site-packages/fastapi/routing.py:1800: in _handle_selected
    await original_route.handle(scope, receive, send)
.venv/lib/python3.11/site-packages/fastapi/routing.py:1279: in handle
    await app(scope, receive, send)
.venv/lib/python3.11/site-packages/fastapi/routing.py:158: in app
    await wrap_app_handling_exceptions(app, request)(scope, receive, send)
.venv/lib/python3.11/site-packages/starlette/_exception_handler.py:53: in wrapped_app
    raise exc
.venv/lib/python3.11/site-packages/starlette/_exception_handler.py:42: in wrapped_app
    await app(scope, receive, sender)
.venv/lib/python3.11/site-packages/fastapi/routing.py:144: in app
    response = await f(request)
               ^^^^^^^^^^^^^^^^
.venv/lib/python3.11/site-packages/fastapi/routing.py:727: in app
    content = await serialize_response(
_ _ _ _ _ _ _ _ _ _ _ _ _ _ _ _ _ _ _ _ _ _ _ _ _ _ _ _ _ _ _ _ _ _ _ _ _ _ _ _ 

field = ModelField(field_info=FieldInfo(annotation=ProjectOperationView, required=True), name='Response_operation_by_key_api_v1_projects__projectId__operations_by_idempotency_key__key__get', mode='serialization', config=None)
response_content = {'operationId': 'e8dd883a-f6e9-4a67-a6fd-9c660365f3c7', 'projectId': 'b9e6631f-0c45-46f7-a971-a9e1f9f4da3c', 'idempotencyKey': '6b3d8265-636e-4cef-b85d-d9d557f1fd87', 'kind': 'repairEndAssociation', ...}
include = None, exclude = None, by_alias = True, exclude_unset = True
exclude_defaults = False, exclude_none = False, is_coroutine = False
endpoint_ctx = {'file': '/Users/zhangtiancheng/Documents/projects/autoflow/apps/backend/src/autoflow/adapters/http/projects.py', 'line': 206, 'function': 'operation_by_key', 'path': 'GET /api/v1/projects/{projectId}/operations/by-idempotency-key/{key}'}
dump_json = True

    async def serialize_response(
        *,
        field: ModelField | None = None,
        response_content: Any,
        include: IncEx | None = None,
        exclude: IncEx | None = None,
        by_alias: bool = True,
        exclude_unset: bool = False,
        exclude_defaults: bool = False,
        exclude_none: bool = False,
        is_coroutine: bool = True,
        endpoint_ctx: EndpointContext | None = None,
        dump_json: bool = False,
    ) -> Any:
        if field:
            if is_coroutine:
                value, errors = field.validate(response_content, {}, loc=("response",))
            else:
                value, errors = await run_in_threadpool(
                    field.validate, response_content, {}, loc=("response",)
                )
            if errors:
                ctx = endpoint_ctx or EndpointContext()
>               raise ResponseValidationError(
                    errors=errors,
                    body=response_content,
                    endpoint_ctx=ctx,
                )
E               fastapi.exceptions.ResponseValidationError: 328 validation errors:
E                 {'type': 'literal_error', 'loc': ('response', 'kind'), 'msg': "Input should be 'createProject', 'updateProject', 'createAutomation', 'updateAutomation', 'startBatch', 'stopBatch', 'forceStopBatch', 'followUpBatch', 'workflowInteraction', 'createTable', 'updateTable', 'mutateField', 'saveTableSchema', 'mutateStatus', 'createRecord', 'createRecords', 'updateRecord', 'setRecordStatus', 'deleteRecord', 'setRecordStatuses', 'cancelRecordStatuses', 'inspectExcel', 'importExcel', 'exportXlsx', 'reconcileOperation', 'connectSheets', 'disconnectSheets', 'inspectSheets', 'changeSheetsBinding', 'removeSheetsBinding', 'syncPull', 'syncPush', 'reconcileSync', 'archiveProject', 'restoreProject', 'deleteProject', 'deleteAutomation' or 'deleteEnvironment'", 'input': 'repairEndAssociation', 'ctx': {'expected': "'createProject', 'updateProject', 'createAutomation', 'updateAutomation', 'startBatch', 'stopBatch', 'forceStopBatch', 'followUpBatch', 'workflowInteraction', 'createTable', 'updateTable', 'mutateField', 'saveTableSchema', 'mutateStatus', 'createRecord', 'createRecords', 'updateRecord', 'setRecordStatus', 'deleteRecord', 'setRecordStatuses', 'cancelRecordStatuses', 'inspectExcel', 'importExcel', 'exportXlsx', 'reconcileOperation', 'connectSheets', 'disconnectSheets', 'inspectSheets', 'changeSheetsBinding', 'removeSheetsBinding', 'syncPull', 'syncPush', 'reconcileSync', 'archiveProject', 'restoreProject', 'deleteProject', 'deleteAutomation' or 'deleteEnvironment'"}}
E                 {'type': 'union_tag_invalid', 'loc': ('response', 'resource'), 'msg': "Input tag 'environment' found using 'type' does not match any of the expected tags: 'project', 'automation', 'batch', 'table', 'field', 'status', 'record', 'task', 'workflowInteraction', 'sheetsConnection'", 'input': {'type': 'environment', 'projectId': 'b9e6631f-0c45-46f7-a971-a9e1f9f4da3c', 'environmentId': '0616b10e-7fe6-566b-ac3c-c46efe254609'}, 'ctx': {'discriminator': "'type'", 'tag': 'environment', 'expected_tags': "'project', 'automation', 'batch', 'table', 'field', 'status', 'record', 'task', 'workflowInteraction', 'sheetsConnection'"}}
E                 {'type': 'missing', 'loc': ('response', 'result', 'ProjectView', 'projectId'), 'msg': 'Field required', 'input': {'phase': 'completed', 'error': None, 'complete': True, 'instance': None, 'source': {'projectId': 'b9e6631f-0c45-46f7-a971-a9e1f9f4da3c', 'environmentId': '0616b10e-7fe6-566b-ac3c-c46efe254609', 'contentGeneration': 1, 'metadataRevision': 1}, 'saved': {'projectId': 'b9e6631f-0c45-46f7-a971-a9e1f9f4da3c', 'environmentId': '0616b10e-7fe6-566b-ac3c-c46efe254609', 'contentGeneration': 1, 'metadataRevision': 1}, 'targets': [{'projectId': 'b9e6631f-0c45-46f7-a971-a9e1f9f4da3c', 'tableId': '8d1c8407-43a4-42f1-a47b-8db761623964', 'datasetGeneration': 'baf15ef1-35fa-4fee-b7f8-cc245971a73b', 'recordKey': {'type': 'uuid', 'value': 'c9012265-68d7-4995-8cab-bb88fdf60553'}}, {'projectId': 'b9e6631f-0c45-46f7-a971-a9e1f9f4da3c', 'tableId': '229b3cee-10ba-4ea0-860b-ee621f2c1032', 'datasetGeneration': '696fbf67-d29a-4e13-ad72-f05d04497646', 'recordKey': {'type': 'uuid', 'value': '7a9418d0-554c-4495-957a-d19dc635d75b'}}], 'conflicts': []}}
E                 {'type': 'missing', 'loc': ('response', 'result', 'ProjectView', 'name'), 'msg': 'Field required', 'input': {'phase': 'completed', 'error': None, 'complete': True, 'instance': None, 'source': {'projectId': 'b9e6631f-0c45-46f7-a971-a9e1f9f4da3c', 'environmentId': '0616b10e-7fe6-566b-ac3c-c46efe254609', 'contentGeneration': 1, 'metadataRevision': 1}, 'saved': {'projectId': 'b9e6631f-0c45-46f7-a971-a9e1f9f4da3c', 'environmentId': '0616b10e-7fe6-566b-ac3c-c46efe254609', 'contentGeneration': 1, 'metadataRevision': 1}, 'targets': [{'projectId': 'b9e6631f-0c45-46f7-a971-a9e1f9f4da3c', 'tableId': '8d1c8407-43a4-42f1-a47b-8db761623964', 'datasetGeneration': 'baf15ef1-35fa-4fee-b7f8-cc245971a73b', 'recordKey': {'type': 'uuid', 'value': 'c9012265-68d7-4995-8cab-bb88fdf60553'}}, {'projectId': 'b9e6631f-0c45-46f7-a971-a9e1f9f4da3c', 'tableId': '229b3cee-10ba-4ea0-860b-ee621f2c1032', 'datasetGeneration': '696fbf67-d29a-4e13-ad72-f05d04497646', 'recordKey': {'type': 'uuid', 'value': '7a9418d0-554c-4495-957a-d19dc635d75b'}}], 'conflicts': []}}
E                 {'type': 'missing', 'loc': ('response', 'result', 'ProjectView', 'description'), 'msg': 'Field required', 'input': {'phase': 'completed', 'error': None, 'complete': True, 'instance': None, 'source': {'projectId': 'b9e6631f-0c45-46f7-a971-a9e1f9f4da3c', 'environmentId': '0616b10e-7fe6-566b-ac3c-c46efe254609', 'contentGeneration': 1, 'metadataRevision': 1}, 'saved': {'projectId': 'b9e6631f-0c45-46f7-a971-a9e1f9f4da3c', 'environmentId': '0616b10e-7fe6-566b-ac3c-c46efe254609', 'contentGeneration': 1, 'metadataRevision': 1}, 'targets': [{'projectId': 'b9e6631f-0c45-46f7-a971-a9e1f9f4da3c', 'tableId': '8d1c8407-43a4-42f1-a47b-8db761623964', 'datasetGeneration': 'baf15ef1-35fa-4fee-b7f8-cc245971a73b', 'recordKey': {'type': 'uuid', 'value': 'c9012265-68d7-4995-8cab-bb88fdf60553'}}, {'projectId': 'b9e6631f-0c45-46f7-a971-a9e1f9f4da3c', 'tableId': '229b3cee-10ba-4ea0-860b-ee621f2c1032', 'datasetGeneration': '696fbf67-d29a-4e13-ad72-f05d04497646', 'recordKey': {'type': 'uuid', 'value': '7a9418d0-554c-4495-957a-d19dc635d75b'}}], 'conflicts': []}}
E                 {'type': 'missing', 'loc': ('response', 'result', 'ProjectView', 'managementRevision'), 'msg': 'Field required', 'input': {'phase': 'completed', 'error': None, 'complete': True, 'instance': None, 'source': {'projectId': 'b9e6631f-0c45-46f7-a971-a9e1f9f4da3c', 'environmentId': '0616b10e-7fe6-566b-ac3c-c46efe254609', 'contentGeneration': 1, 'metadataRevision': 1}, 'saved': {'projectId': 'b9e6631f-0c45-46f7-a971-a9e1f9f4da3c', 'environmentId': '0616b10e-7fe6-566b-ac3c-c46efe254609', 'contentGeneration': 1, 'metadataRevision': 1}, 'targets': [{'projectId': 'b9e6631f-0c45-46f7-a971-a9e1f9f4da3c', 'tableId': '8d1c8407-43a4-42f1-a47b-8db761623964', 'datasetGeneration': 'baf15ef1-35fa-4fee-b7f8-cc245971a73b', 'recordKey': {'type': 'uuid', 'value': 'c9012265-68d7-4995-8cab-bb88fdf60553'}}, {'projectId': 'b9e6631f-0c45-46f7-a971-a9e1f9f4da3c', 'tableId': '229b3cee-10ba-4ea0-860b-ee621f2c1032', 'datasetGeneration': '696fbf67-d29a-4e13-ad72-f05d04497646', 'recordKey': {'type': 'uuid', 'value': '7a9418d0-554c-4495-957a-d19dc635d75b'}}], 'conflicts': []}}
E                 {'type': 'missing', 'loc': ('response', 'result', 'ProjectView', 'lifecycleState'), 'msg': 'Field required', 'input': {'phase': 'completed', 'error': None, 'complete': True, 'instance': None, 'source': {'projectId': 'b9e6631f-0c45-46f7-a971-a9e1f9f4da3c', 'environmentId': '0616b10e-7fe6-566b-ac3c-c46efe254609', 'contentGeneration': 1, 'metadataRevision': 1}, 'saved': {'projectId': 'b9e6631f-0c45-46f7-a971-a9e1f9f4da3c', 'environmentId': '0616b10e-7fe6-566b-ac3c-c46efe254609', 'contentGeneration': 1, 'metadataRevision': 1}, 'targets': [{'projectId': 'b9e6631f-0c45-46f7-a971-a9e1f9f4da3c', 'tableId': '8d1c8407-43a4-42f1-a47b-8db761623964', 'datasetGeneration': 'baf15ef1-35fa-4fee-b7f8-cc245971a73b', 'recordKey': {'type': 'uuid', 'value': 'c9012265-68d7-4995-8cab-bb88fdf60553'}}, {'projectId': 'b9e6631f-0c45-46f7-a971-a9e1f9f4da3c', 'tableId': '229b3cee-10ba-4ea0-860b-ee621f2c1032', 'datasetGeneration': '696fbf67-d29a-4e13-ad72-f05d04497646', 'recordKey': {'type': 'uuid', 'value': '7a9418d0-554c-4495-957a-d19dc635d75b'}}], 'conflicts': []}}
E                 {'type': 'missing', 'loc': ('response', 'result', 'ProjectView', 'defaultResources'), 'msg': 'Field required', 'input': {'phase': 'completed', 'error': None, 'complete': True, 'instance': None, 'source': {'projectId': 'b9e6631f-0c45-46f7-a971-a9e1f9f4da3c', 'environmentId': '0616b10e-7fe6-566b-ac3c-c46efe254609', 'contentGeneration': 1, 'metadataRevision': 1}, 'saved': {'projectId': 'b9e6631f-0c45-46f7-a971-a9e1f9f4da3c', 'environmentId': '0616b10e-7fe6-566b-ac3c-c46efe254609', 'contentGeneration': 1, 'metadataRevision': 1}, 'targets': [{'projectId': 'b9e6631f-0c45-46f7-a971-a9e1f9f4da3c', 'tableId': '8d1c8407-43a4-42f1-a47b-8db761623964', 'datasetGeneration': 'baf15ef1-35fa-4fee-b7f8-cc245971a73b', 'recordKey': {'type': 'uuid', 'value': 'c9012265-68d7-4995-8cab-bb88fdf60553'}}, {'projectId': 'b9e6631f-0c45-46f7-a971-a9e1f9f4da3c', 'tableId': '229b3cee-10ba-4ea0-860b-ee621f2c1032', 'datasetGeneration': '696fbf67-d29a-4e13-ad72-f05d04497646', 'recordKey': {'type': 'uuid', 'value': '7a9418d0-554c-4495-957a-d19dc635d75b'}}], 'conflicts': []}}
E                 {'type': 'missing', 'loc': ('response', 'result', 'ProjectView', 'createdAt'), 'msg': 'Field required', 'input': {'phase': 'completed', 'error': None, 'complete': True, 'instance': None, 'source': {'projectId': 'b9e6631f-0c45-46f7-a971-a9e1f9f4da3c', 'environmentId': '0616b10e-7fe6-566b-ac3c-c46efe254609', 'contentGeneration': 1, 'metadataRevision': 1}, 'saved': {'projectId': 'b9e6631f-0c45-46f7-a971-a9e1f9f4da3c', 'environmentId': '0616b10e-7fe6-566b-ac3c-c46efe254609', 'contentGeneration': 1, 'metadataRevision': 1}, 'targets': [{'projectId': 'b9e6631f-0c45-46f7-a971-a9e1f9f4da3c', 'tableId': '8d1c8407-43a4-42f1-a47b-8db761623964', 'datasetGeneration': 'baf15ef1-35fa-4fee-b7f8-cc245971a73b', 'recordKey': {'type': 'uuid', 'value': 'c9012265-68d7-4995-8cab-bb88fdf60553'}}, {'projectId': 'b9e6631f-0c45-46f7-a971-a9e1f9f4da3c', 'tableId': '229b3cee-10ba-4ea0-860b-ee621f2c1032', 'datasetGeneration': '696fbf67-d29a-4e13-ad72-f05d04497646', 'recordKey': {'type': 'uuid', 'value': '7a9418d0-554c-4495-957a-d19dc635d75b'}}], 'conflicts': []}}
E                 {'type': 'missing', 'loc': ('response', 'result', 'ProjectView', 'updatedAt'), 'msg': 'Field required', 'input': {'phase': 'completed', 'error': None, 'complete': True, 'instance': None, 'source': {'projectId': 'b9e6631f-0c45-46f7-a971-a9e1f9f4da3c', 'environmentId': '0616b10e-7fe6-566b-ac3c-c46efe254609', 'contentGeneration': 1, 'metadataRevision': 1}, 'saved': {'projectId': 'b9e6631f-0c45-46f7-a971-a9e1f9f4da3c', 'environmentId': '0616b10e-7fe6-566b-ac3c-c46efe254609', 'contentGeneration': 1, 'metadataRevision': 1}, 'targets': [{'projectId': 'b9e6631f-0c45-46f7-a971-a9e1f9f4da3c', 'tableId': '8d1c8407-43a4-42f1-a47b-8db761623964', 'datasetGeneration': 'baf15ef1-35fa-4fee-b7f8-cc245971a73b', 'recordKey': {'type': 'uuid', 'value': 'c9012265-68d7-4995-8cab-bb88fdf60553'}}, {'projectId': 'b9e6631f-0c45-46f7-a971-a9e1f9f4da3c', 'tableId': '229b3cee-10ba-4ea0-860b-ee621f2c1032', 'datasetGeneration': '696fbf67-d29a-4e13-ad72-f05d04497646', 'recordKey': {'type': 'uuid', 'value': '7a9418d0-554c-4495-957a-d19dc635d75b'}}], 'conflicts': []}}
E                 {'type': 'missing', 'loc': ('response', 'result', 'ProjectView', 'lastOpenedAt'), 'msg': 'Field required', 'input': {'phase': 'completed', 'error': None, 'complete': True, 'instance': None, 'source': {'projectId': 'b9e6631f-0c45-46f7-a971-a9e1f9f4da3c', 'environmentId': '0616b10e-7fe6-566b-ac3c-c46efe254609', 'contentGeneration': 1, 'metadataRevision': 1}, 'saved': {'projectId': 'b9e6631f-0c45-46f7-a971-a9e1f9f4da3c', 'environmentId': '0616b10e-7fe6-566b-ac3c-c46efe254609', 'contentGeneration': 1, 'metadataRevision': 1}, 'targets': [{'projectId': 'b9e6631f-0c45-46f7-a971-a9e1f9f4da3c', 'tableId': '8d1c8407-43a4-42f1-a47b-8db761623964', 'datasetGeneration': 'baf15ef1-35fa-4fee-b7f8-cc245971a73b', 'recordKey': {'type': 'uuid', 'value': 'c9012265-68d7-4995-8cab-bb88fdf60553'}}, {'projectId': 'b9e6631f-0c45-46f7-a971-a9e1f9f4da3c', 'tableId': '229b3cee-10ba-4ea0-860b-ee621f2c1032', 'datasetGeneration': '696fbf67-d29a-4e13-ad72-f05d04497646', 'recordKey': {'type': 'uuid', 'value': '7a9418d0-554c-4495-957a-d19dc635d75b'}}], 'conflicts': []}}
E                 {'type': 'extra_forbidden', 'loc': ('response', 'result', 'ProjectView', 'phase'), 'msg': 'Extra inputs are not permitted', 'input': 'completed'}
E                 {'type': 'extra_forbidden', 'loc': ('response', 'result', 'ProjectView', 'error'), 'msg': 'Extra inputs are not permitted', 'input': None}
E                 {'type': 'extra_forbidden', 'loc': ('response', 'result', 'ProjectView', 'complete'), 'msg': 'Extra inputs are not permitted', 'input': True}
E                 {'type': 'extra_forbidden', 'loc': ('response', 'result', 'ProjectView', 'instance'), 'msg': 'Extra inputs are not permitted', 'input': None}
E                 {'type': 'extra_forbidden', 'loc': ('response', 'result', 'ProjectView', 'source'), 'msg': 'Extra inputs are not permitted', 'input': {'projectId': 'b9e6631f-0c45-46f7-a971-a9e1f9f4da3c', 'environmentId': '0616b10e-7fe6-566b-ac3c-c46efe254609', 'contentGeneration': 1, 'metadataRevision': 1}}
E                 {'type': 'extra_forbidden', 'loc': ('response', 'result', 'ProjectView', 'saved'), 'msg': 'Extra inputs are not permitted', 'input': {'projectId': 'b9e6631f-0c45-46f7-a971-a9e1f9f4da3c', 'environmentId': '0616b10e-7fe6-566b-ac3c-c46efe254609', 'contentGeneration': 1, 'metadataRevision': 1}}
E                 {'type': 'extra_forbidden', 'loc': ('response', 'result', 'ProjectView', 'targets'), 'msg': 'Extra inputs are not permitted', 'input': [{'projectId': 'b9e6631f-0c45-46f7-a971-a9e1f9f4da3c', 'tableId': '8d1c8407-43a4-42f1-a47b-8db761623964', 'datasetGeneration': 'baf15ef1-35fa-4fee-b7f8-cc245971a73b', 'recordKey': {'type': 'uuid', 'value': 'c9012265-68d7-4995-8cab-bb88fdf60553'}}, {'projectId': 'b9e6631f-0c45-46f7-a971-a9e1f9f4da3c', 'tableId': '229b3cee-10ba-4ea0-860b-ee621f2c1032', 'datasetGeneration': '696fbf67-d29a-4e13-ad72-f05d04497646', 'recordKey': {'type': 'uuid', 'value': '7a9418d0-554c-4495-957a-d19dc635d75b'}}]}
E                 {'type': 'extra_forbidden', 'loc': ('response', 'result', 'ProjectView', 'conflicts'), 'msg': 'Extra inputs are not permitted', 'input': []}
E                 {'type': 'missing', 'loc': ('response', 'result', 'AutomationView', 'name'), 'msg': 'Field required', 'input': {'phase': 'completed', 'error': None, 'complete': True, 'instance': None, 'source': {'projectId': 'b9e6631f-0c45-46f7-a971-a9e1f9f4da3c', 'environmentId': '0616b10e-7fe6-566b-ac3c-c46efe254609', 'contentGeneration': 1, 'metadataRevision': 1}, 'saved': {'projectId': 'b9e6631f-0c45-46f7-a971-a9e1f9f4da3c', 'environmentId': '0616b10e-7fe6-566b-ac3c-c46efe254609', 'contentGeneration': 1, 'metadataRevision': 1}, 'targets': [{'projectId': 'b9e6631f-0c45-46f7-a971-a9e1f9f4da3c', 'tableId': '8d1c8407-43a4-42f1-a47b-8db761623964', 'datasetGeneration': 'baf15ef1-35fa-4fee-b7f8-cc245971a73b', 'recordKey': {'type': 'uuid', 'value': 'c9012265-68d7-4995-8cab-bb88fdf60553'}}, {'projectId': 'b9e6631f-0c45-46f7-a971-a9e1f9f4da3c', 'tableId': '229b3cee-10ba-4ea0-860b-ee621f2c1032', 'datasetGeneration': '696fbf67-d29a-4e13-ad72-f05d04497646', 'recordKey': {'type': 'uuid', 'value': '7a9418d0-554c-4495-957a-d19dc635d75b'}}], 'conflicts': []}}
E                 {'type': 'missing', 'loc': ('response', 'result', 'AutomationView', 'description'), 'msg': 'Field required', 'input': {'phase': 'completed', 'error': None, 'complete': True, 'instance': None, 'source': {'projectId': 'b9e6631f-0c45-46f7-a971-a9e1f9f4da3c', 'environmentId': '0616b10e-7fe6-566b-ac3c-c46efe254609', 'contentGeneration': 1, 'metadataRevision': 1}, 'saved': {'projectId': 'b9e6631f-0c45-46f7-a971-a9e1f9f4da3c', 'environmentId': '0616b10e-7fe6-566b-ac3c-c46efe254609', 'contentGeneration': 1, 'metadataRevision': 1}, 'targets': [{'projectId': 'b9e6631f-0c45-46f7-a971-a9e1f9f4da3c', 'tableId': '8d1c8407-43a4-42f1-a47b-8db761623964', 'datasetGeneration': 'baf15ef1-35fa-4fee-b7f8-cc245971a73b', 'recordKey': {'type': 'uuid', 'value': 'c9012265-68d7-4995-8cab-bb88fdf60553'}}, {'projectId': 'b9e6631f-0c45-46f7-a971-a9e1f9f4da3c', 'tableId': '229b3cee-10ba-4ea0-860b-ee621f2c1032', 'datasetGeneration': '696fbf67-d29a-4e13-ad72-f05d04497646', 'recordKey': {'type': 'uuid', 'value': '7a9418d0-554c-4495-957a-d19dc635d75b'}}], 'conflicts': []}}
E                 {'type': 'missing', 'loc': ('response', 'result', 'AutomationView', 'workflowId'), 'msg': 'Field required', 'input': {'phase': 'completed', 'error': None, 'complete': True, 'instance': None, 'source': {'projectId': 'b9e6631f-0c45-46f7-a971-a9e1f9f4da3c', 'environmentId': '0616b10e-7fe6-566b-ac3c-c46efe254609', 'contentGeneration': 1, 'metadataRevision': 1}, 'saved': {'projectId': 'b9e6631f-0c45-46f7-a971-a9e1f9f4da3c', 'environmentId': '0616b10e-7fe6-566b-ac3c-c46efe254609', 'contentGeneration': 1, 'metadataRevision': 1}, 'targets': [{'projectId': 'b9e6631f-0c45-46f7-a971-a9e1f9f4da3c', 'tableId': '8d1c8407-43a4-42f1-a47b-8db761623964', 'datasetGeneration': 'baf15ef1-35fa-4fee-b7f8-cc245971a73b', 'recordKey': {'type': 'uuid', 'value': 'c9012265-68d7-4995-8cab-bb88fdf60553'}}, {'projectId': 'b9e6631f-0c45-46f7-a971-a9e1f9f4da3c', 'tableId': '229b3cee-10ba-4ea0-860b-ee621f2c1032', 'datasetGeneration': '696fbf67-d29a-4e13-ad72-f05d04497646', 'recordKey': {'type': 'uuid', 'value': '7a9418d0-554c-4495-957a-d19dc635d75b'}}], 'conflicts': []}}
E                 {'type': 'missing', 'loc': ('response', 'result', 'AutomationView', 'inputPlan'), 'msg': 'Field required', 'input': {'phase': 'completed', 'error': None, 'complete': True, 'instance': None, 'source': {'projectId': 'b9e6631f-0c45-46f7-a971-a9e1f9f4da3c', 'environmentId': '0616b10e-7fe6-566b-ac3c-c46efe254609', 'contentGeneration': 1, 'metadataRevision': 1}, 'saved': {'projectId': 'b9e6631f-0c45-46f7-a971-a9e1f9f4da3c', 'environmentId': '0616b10e-7fe6-566b-ac3c-c46efe254609', 'contentGeneration': 1, 'metadataRevision': 1}, 'targets': [{'projectId': 'b9e6631f-0c45-46f7-a971-a9e1f9f4da3c', 'tableId': '8d1c8407-43a4-42f1-a47b-8db761623964', 'datasetGeneration': 'baf15ef1-35fa-4fee-b7f8-cc245971a73b', 'recordKey': {'type': 'uuid', 'value': 'c9012265-68d7-4995-8cab-bb88fdf60553'}}, {'projectId': 'b9e6631f-0c45-46f7-a971-a9e1f9f4da3c', 'tableId': '229b3cee-10ba-4ea0-860b-ee621f2c1032', 'datasetGeneration': '696fbf67-d29a-4e13-ad72-f05d04497646', 'recordKey': {'type': 'uuid', 'value': '7a9418d0-554c-4495-957a-d19dc635d75b'}}], 'conflicts': []}}
E                 {'type': 'missing', 'loc': ('response', 'result', 'AutomationView', 'parameterSchema'), 'msg': 'Field required', 'input': {'phase': 'completed', 'error': None, 'complete': True, 'instance': None, 'source': {'projectId': 'b9e6631f-0c45-46f7-a971-a9e1f9f4da3c', 'environmentId': '0616b10e-7fe6-566b-ac3c-c46efe254609', 'contentGeneration': 1, 'metadataRevision': 1}, 'saved': {'projectId': 'b9e6631f-0c45-46f7-a971-a9e1f9f4da3c', 'environmentId': '0616b10e-7fe6-566b-ac3c-c46efe254609', 'contentGeneration': 1, 'metadataRevision': 1}, 'targets': [{'projectId': 'b9e6631f-0c45-46f7-a971-a9e1f9f4da3c', 'tableId': '8d1c8407-43a4-42f1-a47b-8db761623964', 'datasetGeneration': 'baf15ef1-35fa-4fee-b7f8-cc245971a73b', 'recordKey': {'type': 'uuid', 'value': 'c9012265-68d7-4995-8cab-bb88fdf60553'}}, {'projectId': 'b9e6631f-0c45-46f7-a971-a9e1f9f4da3c', 'tableId': '229b3cee-10ba-4ea0-860b-ee621f2c1032', 'datasetGeneration': '696fbf67-d29a-4e13-ad72-f05d04497646', 'recordKey': {'type': 'uuid', 'value': '7a9418d0-554c-4495-957a-d19dc635d75b'}}], 'conflicts': []}}
E                 {'type': 'missing', 'loc': ('response', 'result', 'AutomationView', 'environmentPolicy'), 'msg': 'Field required', 'input': {'phase': 'completed', 'error': None, 'complete': True, 'instance': None, 'source': {'projectId': 'b9e6631f-0c45-46f7-a971-a9e1f9f4da3c', 'environmentId': '0616b10e-7fe6-566b-ac3c-c46efe254609', 'contentGeneration': 1, 'metadataRevision': 1}, 'saved': {'projectId': 'b9e6631f-0c45-46f7-a971-a9e1f9f4da3c', 'environmentId': '0616b10e-7fe6-566b-ac3c-c46efe254609', 'contentGeneration': 1, 'metadataRevision': 1}, 'targets': [{'projectId': 'b9e6631f-0c45-46f7-a971-a9e1f9f4da3c', 'tableId': '8d1c8407-43a4-42f1-a47b-8db761623964', 'datasetGeneration': 'baf15ef1-35fa-4fee-b7f8-cc245971a73b', 'recordKey': {'type': 'uuid', 'value': 'c9012265-68d7-4995-8cab-bb88fdf60553'}}, {'projectId': 'b9e6631f-0c45-46f7-a971-a9e1f9f4da3c', 'tableId': '229b3cee-10ba-4ea0-860b-ee621f2c1032', 'datasetGeneration': '696fbf67-d29a-4e13-ad72-f05d04497646', 'recordKey': {'type': 'uuid', 'value': '7a9418d0-554c-4495-957a-d19dc635d75b'}}], 'conflicts': []}}
E                 {'type': 'missing', 'loc': ('response', 'result', 'AutomationView', 'runPolicy'), 'msg': 'Field required', 'input': {'phase': 'completed', 'error': None, 'complete': True, 'instance': None, 'source': {'projectId': 'b9e6631f-0c45-46f7-a971-a9e1f9f4da3c', 'environmentId': '0616b10e-7fe6-566b-ac3c-c46efe254609', 'contentGeneration': 1, 'metadataRevision': 1}, 'saved': {'projectId': 'b9e6631f-0c45-46f7-a971-a9e1f9f4da3c', 'environmentId': '0616b10e-7fe6-566b-ac3c-c46efe254609', 'contentGeneration': 1, 'metadataRevision': 1}, 'targets': [{'projectId': 'b9e6631f-0c45-46f7-a971-a9e1f9f4da3c', 'tableId': '8d1c8407-43a4-42f1-a47b-8db761623964', 'datasetGeneration': 'baf15ef1-35fa-4fee-b7f8-cc245971a73b', 'recordKey': {'type': 'uuid', 'value': 'c9012265-68d7-4995-8cab-bb88fdf60553'}}, {'projectId': 'b9e6631f-0c45-46f7-a971-a9e1f9f4da3c', 'tableId': '229b3cee-10ba-4ea0-860b-ee621f2c1032', 'datasetGeneration': '696fbf67-d29a-4e13-ad72-f05d04497646', 'recordKey': {'type': 'uuid', 'value': '7a9418d0-554c-4495-957a-d19dc635d75b'}}], 'conflicts': []}}
E                 {'type': 'missing', 'loc': ('response', 'result', 'AutomationView', 'automationId'), 'msg': 'Field required', 'input': {'phase': 'completed', 'error': None, 'complete': True, 'instance': None, 'source': {'projectId': 'b9e6631f-0c45-46f7-a971-a9e1f9f4da3c', 'environmentId': '0616b10e-7fe6-566b-ac3c-c46efe254609', 'contentGeneration': 1, 'metadataRevision': 1}, 'saved': {'projectId': 'b9e6631f-0c45-46f7-a971-a9e1f9f4da3c', 'environmentId': '0616b10e-7fe6-566b-ac3c-c46efe254609', 'contentGeneration': 1, 'metadataRevision': 1}, 'targets': [{'projectId': 'b9e6631f-0c45-46f7-a971-a9e1f9f4da3c', 'tableId': '8d1c8407-43a4-42f1-a47b-8db761623964', 'datasetGeneration': 'baf15ef1-35fa-4fee-b7f8-cc245971a73b', 'recordKey': {'type': 'uuid', 'value': 'c9012265-68d7-4995-8cab-bb88fdf60553'}}, {'projectId': 'b9e6631f-0c45-46f7-a971-a9e1f9f4da3c', 'tableId': '229b3cee-10ba-4ea0-860b-ee621f2c1032', 'datasetGeneration': '696fbf67-d29a-4e13-ad72-f05d04497646', 'recordKey': {'type': 'uuid', 'value': '7a9418d0-554c-4495-957a-d19dc635d75b'}}], 'conflicts': []}}
E                 {'type': 'missing', 'loc': ('response', 'result', 'AutomationView', 'projectId'), 'msg': 'Field required', 'input': {'phase': 'completed', 'error': None, 'complete': True, 'instance': None, 'source': {'projectId': 'b9e6631f-0c45-46f7-a971-a9e1f9f4da3c', 'environmentId': '0616b10e-7fe6-566b-ac3c-c46efe254609', 'contentGeneration': 1, 'metadataRevision': 1}, 'saved': {'projectId': 'b9e6631f-0c45-46f7-a971-a9e1f9f4da3c', 'environmentId': '0616b10e-7fe6-566b-ac3c-c46efe254609', 'contentGeneration': 1, 'metadataRevision': 1}, 'targets': [{'projectId': 'b9e6631f-0c45-46f7-a971-a9e1f9f4da3c', 'tableId': '8d1c8407-43a4-42f1-a47b-8db761623964', 'datasetGeneration': 'baf15ef1-35fa-4fee-b7f8-cc245971a73b', 'recordKey': {'type': 'uuid', 'value': 'c9012265-68d7-4995-8cab-bb88fdf60553'}}, {'projectId': 'b9e6631f-0c45-46f7-a971-a9e1f9f4da3c', 'tableId': '229b3cee-10ba-4ea0-860b-ee621f2c1032', 'datasetGeneration': '696fbf67-d29a-4e13-ad72-f05d04497646', 'recordKey': {'type': 'uuid', 'value': '7a9418d0-554c-4495-957a-d19dc635d75b'}}], 'conflicts': []}}
E                 {'type': 'missing', 'loc': ('response', 'result', 'AutomationView', 'managementRevision'), 'msg': 'Field required', 'input': {'phase': 'completed', 'error': None, 'complete': True, 'instance': None, 'source': {'projectId': 'b9e6631f-0c45-46f7-a971-a9e1f9f4da3c', 'environmentId': '0616b10e-7fe6-566b-ac3c-c46efe254609', 'contentGeneration': 1, 'metadataRevision': 1}, 'saved': {'projectId': 'b9e6631f-0c45-46f7-a971-a9e1f9f4da3c', 'environmentId': '0616b10e-7fe6-566b-ac3c-c46efe254609', 'contentGeneration': 1, 'metadataRevision': 1}, 'targets': [{'projectId': 'b9e6631f-0c45-46f7-a971-a9e1f9f4da3c', 'tableId': '8d1c8407-43a4-42f1-a47b-8db761623964', 'datasetGeneration': 'baf15ef1-35fa-4fee-b7f8-cc245971a73b', 'recordKey': {'type': 'uuid', 'value': 'c9012265-68d7-4995-8cab-bb88fdf60553'}}, {'projectId': 'b9e6631f-0c45-46f7-a971-a9e1f9f4da3c', 'tableId': '229b3cee-10ba-4ea0-860b-ee621f2c1032', 'datasetGeneration': '696fbf67-d29a-4e13-ad72-f05d04497646', 'recordKey': {'type': 'uuid', 'value': '7a9418d0-554c-4495-957a-d19dc635d75b'}}], 'conflicts': []}}
E                 {'type': 'missing', 'loc': ('response', 'result', 'AutomationView', 'createdAt'), 'msg': 'Field required', 'input': {'phase': 'completed', 'error': None, 'complete': True, 'instance': None, 'source': {'projectId': 'b9e6631f-0c45-46f7-a971-a9e1f9f4da3c', 'environmentId': '0616b10e-7fe6-566b-ac3c-c46efe254609', 'contentGeneration': 1, 'metadataRevision': 1}, 'saved': {'projectId': 'b9e6631f-0c45-46f7-a971-a9e1f9f4da3c', 'environmentId': '0616b10e-7fe6-566b-ac3c-c46efe254609', 'contentGeneration': 1, 'metadataRevision': 1}, 'targets': [{'projectId': 'b9e6631f-0c45-46f7-a971-a9e1f9f4da3c', 'tableId': '8d1c8407-43a4-42f1-a47b-8db761623964', 'datasetGeneration': 'baf15ef1-35fa-4fee-b7f8-cc245971a73b', 'recordKey': {'type': 'uuid', 'value': 'c9012265-68d7-4995-8cab-bb88fdf60553'}}, {'projectId': 'b9e6631f-0c45-46f7-a971-a9e1f9f4da3c', 'tableId': '229b3cee-10ba-4ea0-860b-ee621f2c1032', 'datasetGeneration': '696fbf67-d29a-4e13-ad72-f05d04497646', 'recordKey': {'type': 'uuid', 'value': '7a9418d0-554c-4495-957a-d19dc635d75b'}}], 'conflicts': []}}
E                 {'type': 'missing', 'loc': ('response', 'result', 'AutomationView', 'updatedAt'), 'msg': 'Field required', 'input': {'phase': 'completed', 'error': None, 'complete': True, 'instance': None, 'source': {'projectId': 'b9e6631f-0c45-46f7-a971-a9e1f9f4da3c', 'environmentId': '0616b10e-7fe6-566b-ac3c-c46efe254609', 'contentGeneration': 1, 'metadataRevision': 1}, 'saved': {'projectId': 'b9e6631f-0c45-46f7-a971-a9e1f9f4da3c', 'environmentId': '0616b10e-7fe6-566b-ac3c-c46efe254609', 'contentGeneration': 1, 'metadataRevision': 1}, 'targets': [{'projectId': 'b9e6631f-0c45-46f7-a971-a9e1f9f4da3c', 'tableId': '8d1c8407-43a4-42f1-a47b-8db761623964', 'datasetGeneration': 'baf15ef1-35fa-4fee-b7f8-cc245971a73b', 'recordKey': {'type': 'uuid', 'value': 'c9012265-68d7-4995-8cab-bb88fdf60553'}}, {'projectId': 'b9e6631f-0c45-46f7-a971-a9e1f9f4da3c', 'tableId': '229b3cee-10ba-4ea0-860b-ee621f2c1032', 'datasetGeneration': '696fbf67-d29a-4e13-ad72-f05d04497646', 'recordKey': {'type': 'uuid', 'value': '7a9418d0-554c-4495-957a-d19dc635d75b'}}], 'conflicts': []}}
E                 {'type': 'extra_forbidden', 'loc': ('response', 'result', 'AutomationView', 'phase'), 'msg': 'Extra inputs are not permitted', 'input': 'completed'}
E                 {'type': 'extra_forbidden', 'loc': ('response', 'result', 'AutomationView', 'error'), 'msg': 'Extra inputs are not permitted', 'input': None}
E                 {'type': 'extra_forbidden', 'loc': ('response', 'result', 'AutomationView', 'complete'), 'msg': 'Extra inputs are not permitted', 'input': True}
E                 {'type': 'extra_forbidden', 'loc': ('response', 'result', 'AutomationView', 'instance'), 'msg': 'Extra inputs are not permitted', 'input': None}
E                 {'type': 'extra_forbidden', 'loc': ('response', 'result', 'AutomationView', 'source'), 'msg': 'Extra inputs are not permitted', 'input': {'projectId': 'b9e6631f-0c45-46f7-a971-a9e1f9f4da3c', 'environmentId': '0616b10e-7fe6-566b-ac3c-c46efe254609', 'contentGeneration': 1, 'metadataRevision': 1}}
E                 {'type': 'extra_forbidden', 'loc': ('response', 'result', 'AutomationView', 'saved'), 'msg': 'Extra inputs are not permitted', 'input': {'projectId': 'b9e6631f-0c45-46f7-a971-a9e1f9f4da3c', 'environmentId': '0616b10e-7fe6-566b-ac3c-c46efe254609', 'contentGeneration': 1, 'metadataRevision': 1}}
E                 {'type': 'extra_forbidden', 'loc': ('response', 'result', 'AutomationView', 'targets'), 'msg': 'Extra inputs are not permitted', 'input': [{'projectId': 'b9e6631f-0c45-46f7-a971-a9e1f9f4da3c', 'tableId': '8d1c8407-43a4-42f1-a47b-8db761623964', 'datasetGeneration': 'baf15ef1-35fa-4fee-b7f8-cc245971a73b', 'recordKey': {'type': 'uuid', 'value': 'c9012265-68d7-4995-8cab-bb88fdf60553'}}, {'projectId': 'b9e6631f-0c45-46f7-a971-a9e1f9f4da3c', 'tableId': '229b3cee-10ba-4ea0-860b-ee621f2c1032', 'datasetGeneration': '696fbf67-d29a-4e13-ad72-f05d04497646', 'recordKey': {'type': 'uuid', 'value': '7a9418d0-554c-4495-957a-d19dc635d75b'}}]}
E                 {'type': 'extra_forbidden', 'loc': ('response', 'result', 'AutomationView', 'conflicts'), 'msg': 'Extra inputs are not permitted', 'input': []}
E                 {'type': 'missing', 'loc': ('response', 'result', 'ProjectBatchResult', 'batch'), 'msg': 'Field required', 'input': {'phase': 'completed', 'error': None, 'complete': True, 'instance': None, 'source': {'projectId': 'b9e6631f-0c45-46f7-a971-a9e1f9f4da3c', 'environmentId': '0616b10e-7fe6-566b-ac3c-c46efe254609', 'contentGeneration': 1, 'metadataRevision': 1}, 'saved': {'projectId': 'b9e6631f-0c45-46f7-a971-a9e1f9f4da3c', 'environmentId': '0616b10e-7fe6-566b-ac3c-c46efe254609', 'contentGeneration': 1, 'metadataRevision': 1}, 'targets': [{'projectId': 'b9e6631f-0c45-46f7-a971-a9e1f9f4da3c', 'tableId': '8d1c8407-43a4-42f1-a47b-8db761623964', 'datasetGeneration': 'baf15ef1-35fa-4fee-b7f8-cc245971a73b', 'recordKey': {'type': 'uuid', 'value': 'c9012265-68d7-4995-8cab-bb88fdf60553'}}, {'projectId': 'b9e6631f-0c45-46f7-a971-a9e1f9f4da3c', 'tableId': '229b3cee-10ba-4ea0-860b-ee621f2c1032', 'datasetGeneration': '696fbf67-d29a-4e13-ad72-f05d04497646', 'recordKey': {'type': 'uuid', 'value': '7a9418d0-554c-4495-957a-d19dc635d75b'}}], 'conflicts': []}}
E                 {'type': 'extra_forbidden', 'loc': ('response', 'result', 'ProjectBatchResult', 'phase'), 'msg': 'Extra inputs are not permitted', 'input': 'completed'}
E                 {'type': 'extra_forbidden', 'loc': ('response', 'result', 'ProjectBatchResult', 'error'), 'msg': 'Extra inputs are not permitted', 'input': None}
E                 {'type': 'extra_forbidden', 'loc': ('response', 'result', 'ProjectBatchResult', 'complete'), 'msg': 'Extra inputs are not permitted', 'input': True}
E                 {'type': 'extra_forbidden', 'loc': ('response', 'result', 'ProjectBatchResult', 'instance'), 'msg': 'Extra inputs are not permitted', 'input': None}
E                 {'type': 'extra_forbidden', 'loc': ('response', 'result', 'ProjectBatchResult', 'source'), 'msg': 'Extra inputs are not permitted', 'input': {'projectId': 'b9e6631f-0c45-46f7-a971-a9e1f9f4da3c', 'environmentId': '0616b10e-7fe6-566b-ac3c-c46efe254609', 'contentGeneration': 1, 'metadataRevision': 1}}
E                 {'type': 'extra_forbidden', 'loc': ('response', 'result', 'ProjectBatchResult', 'saved'), 'msg': 'Extra inputs are not permitted', 'input': {'projectId': 'b9e6631f-0c45-46f7-a971-a9e1f9f4da3c', 'environmentId': '0616b10e-7fe6-566b-ac3c-c46efe254609', 'contentGeneration': 1, 'metadataRevision': 1}}
E                 {'type': 'extra_forbidden', 'loc': ('response', 'result', 'ProjectBatchResult', 'targets'), 'msg': 'Extra inputs are not permitted', 'input': [{'projectId': 'b9e6631f-0c45-46f7-a971-a9e1f9f4da3c', 'tableId': '8d1c8407-43a4-42f1-a47b-8db761623964', 'datasetGeneration': 'baf15ef1-35fa-4fee-b7f8-cc245971a73b', 'recordKey': {'type': 'uuid', 'value': 'c9012265-68d7-4995-8cab-bb88fdf60553'}}, {'projectId': 'b9e6631f-0c45-46f7-a971-a9e1f9f4da3c', 'tableId': '229b3cee-10ba-4ea0-860b-ee621f2c1032', 'datasetGeneration': '696fbf67-d29a-4e13-ad72-f05d04497646', 'recordKey': {'type': 'uuid', 'value': '7a9418d0-554c-4495-957a-d19dc635d75b'}}]}
E                 {'type': 'extra_forbidden', 'loc': ('response', 'result', 'ProjectBatchResult', 'conflicts'), 'msg': 'Extra inputs are not permitted', 'input': []}
E                 {'type': 'missing', 'loc': ('response', 'result', 'DataTableView', 'projectId'), 'msg': 'Field required', 'input': {'phase': 'completed', 'error': None, 'complete': True, 'instance': None, 'source': {'projectId': 'b9e6631f-0c45-46f7-a971-a9e1f9f4da3c', 'environmentId': '0616b10e-7fe6-566b-ac3c-c46efe254609', 'contentGeneration': 1, 'metadataRevision': 1}, 'saved': {'projectId': 'b9e6631f-0c45-46f7-a971-a9e1f9f4da3c', 'environmentId': '0616b10e-7fe6-566b-ac3c-c46efe254609', 'contentGeneration': 1, 'metadataRevision': 1}, 'targets': [{'projectId': 'b9e6631f-0c45-46f7-a971-a9e1f9f4da3c', 'tableId': '8d1c8407-43a4-42f1-a47b-8db761623964', 'datasetGeneration': 'baf15ef1-35fa-4fee-b7f8-cc245971a73b', 'recordKey': {'type': 'uuid', 'value': 'c9012265-68d7-4995-8cab-bb88fdf60553'}}, {'projectId': 'b9e6631f-0c45-46f7-a971-a9e1f9f4da3c', 'tableId': '229b3cee-10ba-4ea0-860b-ee621f2c1032', 'datasetGeneration': '696fbf67-d29a-4e13-ad72-f05d04497646', 'recordKey': {'type': 'uuid', 'value': '7a9418d0-554c-4495-957a-d19dc635d75b'}}], 'conflicts': []}}
E                 {'type': 'missing', 'loc': ('response', 'result', 'DataTableView', 'tableId'), 'msg': 'Field required', 'input': {'phase': 'completed', 'error': None, 'complete': True, 'instance': None, 'source': {'projectId': 'b9e6631f-0c45-46f7-a971-a9e1f9f4da3c', 'environmentId': '0616b10e-7fe6-566b-ac3c-c46efe254609', 'contentGeneration': 1, 'metadataRevision': 1}, 'saved': {'projectId': 'b9e6631f-0c45-46f7-a971-a9e1f9f4da3c', 'environmentId': '0616b10e-7fe6-566b-ac3c-c46efe254609', 'contentGeneration': 1, 'metadataRevision': 1}, 'targets': [{'projectId': 'b9e6631f-0c45-46f7-a971-a9e1f9f4da3c', 'tableId': '8d1c8407-43a4-42f1-a47b-8db761623964', 'datasetGeneration': 'baf15ef1-35fa-4fee-b7f8-cc245971a73b', 'recordKey': {'type': 'uuid', 'value': 'c9012265-68d7-4995-8cab-bb88fdf60553'}}, {'projectId': 'b9e6631f-0c45-46f7-a971-a9e1f9f4da3c', 'tableId': '229b3cee-10ba-4ea0-860b-ee621f2c1032', 'datasetGeneration': '696fbf67-d29a-4e13-ad72-f05d04497646', 'recordKey': {'type': 'uuid', 'value': '7a9418d0-554c-4495-957a-d19dc635d75b'}}], 'conflicts': []}}
E                 {'type': 'missing', 'loc': ('response', 'result', 'DataTableView', 'name'), 'msg': 'Field required', 'input': {'phase': 'completed', 'error': None, 'complete': True, 'instance': None, 'source': {'projectId': 'b9e6631f-0c45-46f7-a971-a9e1f9f4da3c', 'environmentId': '0616b10e-7fe6-566b-ac3c-c46efe254609', 'contentGeneration': 1, 'metadataRevision': 1}, 'saved': {'projectId': 'b9e6631f-0c45-46f7-a971-a9e1f9f4da3c', 'environmentId': '0616b10e-7fe6-566b-ac3c-c46efe254609', 'contentGeneration': 1, 'metadataRevision': 1}, 'targets': [{'projectId': 'b9e6631f-0c45-46f7-a971-a9e1f9f4da3c', 'tableId': '8d1c8407-43a4-42f1-a47b-8db761623964', 'datasetGeneration': 'baf15ef1-35fa-4fee-b7f8-cc245971a73b', 'recordKey': {'type': 'uuid', 'value': 'c9012265-68d7-4995-8cab-bb88fdf60553'}}, {'projectId': 'b9e6631f-0c45-46f7-a971-a9e1f9f4da3c', 'tableId': '229b3cee-10ba-4ea0-860b-ee621f2c1032', 'datasetGeneration': '696fbf67-d29a-4e13-ad72-f05d04497646', 'recordKey': {'type': 'uuid', 'value': '7a9418d0-554c-4495-957a-d19dc635d75b'}}], 'conflicts': []}}
E                 {'type': 'missing', 'loc': ('response', 'result', 'DataTableView', 'description'), 'msg': 'Field required', 'input': {'phase': 'completed', 'error': None, 'complete': True, 'instance': None, 'source': {'projectId': 'b9e6631f-0c45-46f7-a971-a9e1f9f4da3c', 'environmentId': '0616b10e-7fe6-566b-ac3c-c46efe254609', 'contentGeneration': 1, 'metadataRevision': 1}, 'saved': {'projectId': 'b9e6631f-0c45-46f7-a971-a9e1f9f4da3c', 'environmentId': '0616b10e-7fe6-566b-ac3c-c46efe254609', 'contentGeneration': 1, 'metadataRevision': 1}, 'targets': [{'projectId': 'b9e6631f-0c45-46f7-a971-a9e1f9f4da3c', 'tableId': '8d1c8407-43a4-42f1-a47b-8db761623964', 'datasetGeneration': 'baf15ef1-35fa-4fee-b7f8-cc245971a73b', 'recordKey': {'type': 'uuid', 'value': 'c9012265-68d7-4995-8cab-bb88fdf60553'}}, {'projectId': 'b9e6631f-0c45-46f7-a971-a9e1f9f4da3c', 'tableId': '229b3cee-10ba-4ea0-860b-ee621f2c1032', 'datasetGeneration': '696fbf67-d29a-4e13-ad72-f05d04497646', 'recordKey': {'type': 'uuid', 'value': '7a9418d0-554c-4495-957a-d19dc635d75b'}}], 'conflicts': []}}
E                 {'type': 'missing', 'loc': ('response', 'result', 'DataTableView', 'sourceKind'), 'msg': 'Field required', 'input': {'phase': 'completed', 'error': None, 'complete': True, 'instance': None, 'source': {'projectId': 'b9e6631f-0c45-46f7-a971-a9e1f9f4da3c', 'environmentId': '0616b10e-7fe6-566b-ac3c-c46efe254609', 'contentGeneration': 1, 'metadataRevision': 1}, 'saved': {'projectId': 'b9e6631f-0c45-46f7-a971-a9e1f9f4da3c', 'environmentId': '0616b10e-7fe6-566b-ac3c-c46efe254609', 'contentGeneration': 1, 'metadataRevision': 1}, 'targets': [{'projectId': 'b9e6631f-0c45-46f7-a971-a9e1f9f4da3c', 'tableId': '8d1c8407-43a4-42f1-a47b-8db761623964', 'datasetGeneration': 'baf15ef1-35fa-4fee-b7f8-cc245971a73b', 'recordKey': {'type': 'uuid', 'value': 'c9012265-68d7-4995-8cab-bb88fdf60553'}}, {'projectId': 'b9e6631f-0c45-46f7-a971-a9e1f9f4da3c', 'tableId': '229b3cee-10ba-4ea0-860b-ee621f2c1032', 'datasetGeneration': '696fbf67-d29a-4e13-ad72-f05d04497646', 'recordKey': {'type': 'uuid', 'value': '7a9418d0-554c-4495-957a-d19dc635d75b'}}], 'conflicts': []}}
E                 {'type': 'missing', 'loc': ('response', 'result', 'DataTableView', 'source', 'kind'), 'msg': 'Field required', 'input': {'projectId': 'b9e6631f-0c45-46f7-a971-a9e1f9f4da3c', 'environmentId': '0616b10e-7fe6-566b-ac3c-c46efe254609', 'contentGeneration': 1, 'metadataRevision': 1}}
E                 {'type': 'extra_forbidden', 'loc': ('response', 'result', 'DataTableView', 'source', 'projectId'), 'msg': 'Extra inputs are not permitted', 'input': 'b9e6631f-0c45-46f7-a971-a9e1f9f4da3c'}
E                 {'type': 'extra_forbidden', 'loc': ('response', 'result', 'DataTableView', 'source', 'environmentId'), 'msg': 'Extra inputs are not permitted', 'input': '0616b10e-7fe6-566b-ac3c-c46efe254609'}
E                 {'type': 'extra_forbidden', 'loc': ('response', 'result', 'DataTableView', 'source', 'contentGeneration'), 'msg': 'Extra inputs are not permitted', 'input': 1}
E                 {'type': 'extra_forbidden', 'loc': ('response', 'result', 'DataTableView', 'source', 'metadataRevision'), 'msg': 'Extra inputs are not permitted', 'input': 1}
E                 {'type': 'missing', 'loc': ('response', 'result', 'DataTableView', 'datasetGeneration'), 'msg': 'Field required', 'input': {'phase': 'completed', 'error': None, 'complete': True, 'instance': None, 'source': {'projectId': 'b9e6631f-0c45-46f7-a971-a9e1f9f4da3c', 'environmentId': '0616b10e-7fe6-566b-ac3c-c46efe254609', 'contentGeneration': 1, 'metadataRevision': 1}, 'saved': {'projectId': 'b9e6631f-0c45-46f7-a971-a9e1f9f4da3c', 'environmentId': '0616b10e-7fe6-566b-ac3c-c46efe254609', 'contentGeneration': 1, 'metadataRevision': 1}, 'targets': [{'projectId': 'b9e6631f-0c45-46f7-a971-a9e1f9f4da3c', 'tableId': '8d1c8407-43a4-42f1-a47b-8db761623964', 'datasetGeneration': 'baf15ef1-35fa-4fee-b7f8-cc245971a73b', 'recordKey': {'type': 'uuid', 'value': 'c9012265-68d7-4995-8cab-bb88fdf60553'}}, {'projectId': 'b9e6631f-0c45-46f7-a971-a9e1f9f4da3c', 'tableId': '229b3cee-10ba-4ea0-860b-ee621f2c1032', 'datasetGeneration': '696fbf67-d29a-4e13-ad72-f05d04497646', 'recordKey': {'type': 'uuid', 'value': '7a9418d0-554c-4495-957a-d19dc635d75b'}}], 'conflicts': []}}
E                 {'type': 'missing', 'loc': ('response', 'result', 'DataTableView', 'tableRevision'), 'msg': 'Field required', 'input': {'phase': 'completed', 'error': None, 'complete': True, 'instance': None, 'source': {'projectId': 'b9e6631f-0c45-46f7-a971-a9e1f9f4da3c', 'environmentId': '0616b10e-7fe6-566b-ac3c-c46efe254609', 'contentGeneration': 1, 'metadataRevision': 1}, 'saved': {'projectId': 'b9e6631f-0c45-46f7-a971-a9e1f9f4da3c', 'environmentId': '0616b10e-7fe6-566b-ac3c-c46efe254609', 'contentGeneration': 1, 'metadataRevision': 1}, 'targets': [{'projectId': 'b9e6631f-0c45-46f7-a971-a9e1f9f4da3c', 'tableId': '8d1c8407-43a4-42f1-a47b-8db761623964', 'datasetGeneration': 'baf15ef1-35fa-4fee-b7f8-cc245971a73b', 'recordKey': {'type': 'uuid', 'value': 'c9012265-68d7-4995-8cab-bb88fdf60553'}}, {'projectId': 'b9e6631f-0c45-46f7-a971-a9e1f9f4da3c', 'tableId': '229b3cee-10ba-4ea0-860b-ee621f2c1032', 'datasetGeneration': '696fbf67-d29a-4e13-ad72-f05d04497646', 'recordKey': {'type': 'uuid', 'value': '7a9418d0-554c-4495-957a-d19dc635d75b'}}], 'conflicts': []}}
E                 {'type': 'missing', 'loc': ('response', 'result', 'DataTableView', 'identity'), 'msg': 'Field required', 'input': {'phase': 'completed', 'error': None, 'complete': True, 'instance': None, 'source': {'projectId': 'b9e6631f-0c45-46f7-a971-a9e1f9f4da3c', 'environmentId': '0616b10e-7fe6-566b-ac3c-c46efe254609', 'contentGeneration': 1, 'metadataRevision': 1}, 'saved': {'projectId': 'b9e6631f-0c45-46f7-a971-a9e1f9f4da3c', 'environmentId': '0616b10e-7fe6-566b-ac3c-c46efe254609', 'contentGeneration': 1, 'metadataRevision': 1}, 'targets': [{'projectId': 'b9e6631f-0c45-46f7-a971-a9e1f9f4da3c', 'tableId': '8d1c8407-43a4-42f1-a47b-8db761623964', 'datasetGeneration': 'baf15ef1-35fa-4fee-b7f8-cc245971a73b', 'recordKey': {'type': 'uuid', 'value': 'c9012265-68d7-4995-8cab-bb88fdf60553'}}, {'projectId': 'b9e6631f-0c45-46f7-a971-a9e1f9f4da3c', 'tableId': '229b3cee-10ba-4ea0-860b-ee621f2c1032', 'datasetGeneration': '696fbf67-d29a-4e13-ad72-f05d04497646', 'recordKey': {'type': 'uuid', 'value': '7a9418d0-554c-4495-957a-d19dc635d75b'}}], 'conflicts': []}}
E                 {'type': 'missing', 'loc': ('response', 'result', 'DataTableView', 'slotDefinitions'), 'msg': 'Field required', 'input': {'phase': 'completed', 'error': None, 'complete': True, 'instance': None, 'source': {'projectId': 'b9e6631f-0c45-46f7-a971-a9e1f9f4da3c', 'environmentId': '0616b10e-7fe6-566b-ac3c-c46efe254609', 'contentGeneration': 1, 'metadataRevision': 1}, 'saved': {'projectId': 'b9e6631f-0c45-46f7-a971-a9e1f9f4da3c', 'environmentId': '0616b10e-7fe6-566b-ac3c-c46efe254609', 'contentGeneration': 1, 'metadataRevision': 1}, 'targets': [{'projectId': 'b9e6631f-0c45-46f7-a971-a9e1f9f4da3c', 'tableId': '8d1c8407-43a4-42f1-a47b-8db761623964', 'datasetGeneration': 'baf15ef1-35fa-4fee-b7f8-cc245971a73b', 'recordKey': {'type': 'uuid', 'value': 'c9012265-68d7-4995-8cab-bb88fdf60553'}}, {'projectId': 'b9e6631f-0c45-46f7-a971-a9e1f9f4da3c', 'tableId': '229b3cee-10ba-4ea0-860b-ee621f2c1032', 'datasetGeneration': '696fbf67-d29a-4e13-ad72-f05d04497646', 'recordKey': {'type': 'uuid', 'value': '7a9418d0-554c-4495-957a-d19dc635d75b'}}], 'conflicts': []}}
E                 {'type': 'missing', 'loc': ('response', 'result', 'DataTableView', 'recordCount'), 'msg': 'Field required', 'input': {'phase': 'completed', 'error': None, 'complete': True, 'instance': None, 'source': {'projectId': 'b9e6631f-0c45-46f7-a971-a9e1f9f4da3c', 'environmentId': '0616b10e-7fe6-566b-ac3c-c46efe254609', 'contentGeneration': 1, 'metadataRevision': 1}, 'saved': {'projectId': 'b9e6631f-0c45-46f7-a971-a9e1f9f4da3c', 'environmentId': '0616b10e-7fe6-566b-ac3c-c46efe254609', 'contentGeneration': 1, 'metadataRevision': 1}, 'targets': [{'projectId': 'b9e6631f-0c45-46f7-a971-a9e1f9f4da3c', 'tableId': '8d1c8407-43a4-42f1-a47b-8db761623964', 'datasetGeneration': 'baf15ef1-35fa-4fee-b7f8-cc245971a73b', 'recordKey': {'type': 'uuid', 'value': 'c9012265-68d7-4995-8cab-bb88fdf60553'}}, {'projectId': 'b9e6631f-0c45-46f7-a971-a9e1f9f4da3c', 'tableId': '229b3cee-10ba-4ea0-860b-ee621f2c1032', 'datasetGeneration': '696fbf67-d29a-4e13-ad72-f05d04497646', 'recordKey': {'type': 'uuid', 'value': '7a9418d0-554c-4495-957a-d19dc635d75b'}}], 'conflicts': []}}
E                 {'type': 'missing', 'loc': ('response', 'result', 'DataTableView', 'syncSummary'), 'msg': 'Field required', 'input': {'phase': 'completed', 'error': None, 'complete': True, 'instance': None, 'source': {'projectId': 'b9e6631f-0c45-46f7-a971-a9e1f9f4da3c', 'environmentId': '0616b10e-7fe6-566b-ac3c-c46efe254609', 'contentGeneration': 1, 'metadataRevision': 1}, 'saved': {'projectId': 'b9e6631f-0c45-46f7-a971-a9e1f9f4da3c', 'environmentId': '0616b10e-7fe6-566b-ac3c-c46efe254609', 'contentGeneration': 1, 'metadataRevision': 1}, 'targets': [{'projectId': 'b9e6631f-0c45-46f7-a971-a9e1f9f4da3c', 'tableId': '8d1c8407-43a4-42f1-a47b-8db761623964', 'datasetGeneration': 'baf15ef1-35fa-4fee-b7f8-cc245971a73b', 'recordKey': {'type': 'uuid', 'value': 'c9012265-68d7-4995-8cab-bb88fdf60553'}}, {'projectId': 'b9e6631f-0c45-46f7-a971-a9e1f9f4da3c', 'tableId': '229b3cee-10ba-4ea0-860b-ee621f2c1032', 'datasetGeneration': '696fbf67-d29a-4e13-ad72-f05d04497646', 'recordKey': {'type': 'uuid', 'value': '7a9418d0-554c-4495-957a-d19dc635d75b'}}], 'conflicts': []}}
E                 {'type': 'missing', 'loc': ('response', 'result', 'DataTableView', 'createdAt'), 'msg': 'Field required', 'input': {'phase': 'completed', 'error': None, 'complete': True, 'instance': None, 'source': {'projectId': 'b9e6631f-0c45-46f7-a971-a9e1f9f4da3c', 'environmentId': '0616b10e-7fe6-566b-ac3c-c46efe254609', 'contentGeneration': 1, 'metadataRevision': 1}, 'saved': {'projectId': 'b9e6631f-0c45-46f7-a971-a9e1f9f4da3c', 'environmentId': '0616b10e-7fe6-566b-ac3c-c46efe254609', 'contentGeneration': 1, 'metadataRevision': 1}, 'targets': [{'projectId': 'b9e6631f-0c45-46f7-a971-a9e1f9f4da3c', 'tableId': '8d1c8407-43a4-42f1-a47b-8db761623964', 'datasetGeneration': 'baf15ef1-35fa-4fee-b7f8-cc245971a73b', 'recordKey': {'type': 'uuid', 'value': 'c9012265-68d7-4995-8cab-bb88fdf60553'}}, {'projectId': 'b9e6631f-0c45-46f7-a971-a9e1f9f4da3c', 'tableId': '229b3cee-10ba-4ea0-860b-ee621f2c1032', 'datasetGeneration': '696fbf67-d29a-4e13-ad72-f05d04497646', 'recordKey': {'type': 'uuid', 'value': '7a9418d0-554c-4495-957a-d19dc635d75b'}}], 'conflicts': []}}
E                 {'type': 'missing', 'loc': ('response', 'result', 'DataTableView', 'updatedAt'), 'msg': 'Field required', 'input': {'phase': 'completed', 'error': None, 'complete': True, 'instance': None, 'source': {'projectId': 'b9e6631f-0c45-46f7-a971-a9e1f9f4da3c', 'environmentId': '0616b10e-7fe6-566b-ac3c-c46efe254609', 'contentGeneration': 1, 'metadataRevision': 1}, 'saved': {'projectId': 'b9e6631f-0c45-46f7-a971-a9e1f9f4da3c', 'environmentId': '0616b10e-7fe6-566b-ac3c-c46efe254609', 'contentGeneration': 1, 'metadataRevision': 1}, 'targets': [{'projectId': 'b9e6631f-0c45-46f7-a971-a9e1f9f4da3c', 'tableId': '8d1c8407-43a4-42f1-a47b-8db761623964', 'datasetGeneration': 'baf15ef1-35fa-4fee-b7f8-cc245971a73b', 'recordKey': {'type': 'uuid', 'value': 'c9012265-68d7-4995-8cab-bb88fdf60553'}}, {'projectId': 'b9e6631f-0c45-46f7-a971-a9e1f9f4da3c', 'tableId': '229b3cee-10ba-4ea0-860b-ee621f2c1032', 'datasetGeneration': '696fbf67-d29a-4e13-ad72-f05d04497646', 'recordKey': {'type': 'uuid', 'value': '7a9418d0-554c-4495-957a-d19dc635d75b'}}], 'conflicts': []}}
E                 {'type': 'extra_forbidden', 'loc': ('response', 'result', 'DataTableView', 'phase'), 'msg': 'Extra inputs are not permitted', 'input': 'completed'}
E                 {'type': 'extra_forbidden', 'loc': ('response', 'result', 'DataTableView', 'error'), 'msg': 'Extra inputs are not permitted', 'input': None}
E                 {'type': 'extra_forbidden', 'loc': ('response', 'result', 'DataTableView', 'complete'), 'msg': 'Extra inputs are not permitted', 'input': True}
E                 {'type': 'extra_forbidden', 'loc': ('response', 'result', 'DataTableView', 'instance'), 'msg': 'Extra inputs are not permitted', 'input': None}
E                 {'type': 'extra_forbidden', 'loc': ('response', 'result', 'DataTableView', 'saved'), 'msg': 'Extra inputs are not permitted', 'input': {'projectId': 'b9e6631f-0c45-46f7-a971-a9e1f9f4da3c', 'environmentId': '0616b10e-7fe6-566b-ac3c-c46efe254609', 'contentGeneration': 1, 'metadataRevision': 1}}
E                 {'type': 'extra_forbidden', 'loc': ('response', 'result', 'DataTableView', 'targets'), 'msg': 'Extra inputs are not permitted', 'input': [{'projectId': 'b9e6631f-0c45-46f7-a971-a9e1f9f4da3c', 'tableId': '8d1c8407-43a4-42f1-a47b-8db761623964', 'datasetGeneration': 'baf15ef1-35fa-4fee-b7f8-cc245971a73b', 'recordKey': {'type': 'uuid', 'value': 'c9012265-68d7-4995-8cab-bb88fdf60553'}}, {'projectId': 'b9e6631f-0c45-46f7-a971-a9e1f9f4da3c', 'tableId': '229b3cee-10ba-4ea0-860b-ee621f2c1032', 'datasetGeneration': '696fbf67-d29a-4e13-ad72-f05d04497646', 'recordKey': {'type': 'uuid', 'value': '7a9418d0-554c-4495-957a-d19dc635d75b'}}]}
E                 {'type': 'extra_forbidden', 'loc': ('response', 'result', 'DataTableView', 'conflicts'), 'msg': 'Extra inputs are not permitted', 'input': []}
E                 {'type': 'missing', 'loc': ('response', 'result', 'FieldMutationResult', 'field'), 'msg': 'Field required', 'input': {'phase': 'completed', 'error': None, 'complete': True, 'instance': None, 'source': {'projectId': 'b9e6631f-0c45-46f7-a971-a9e1f9f4da3c', 'environmentId': '0616b10e-7fe6-566b-ac3c-c46efe254609', 'contentGeneration': 1, 'metadataRevision': 1}, 'saved': {'projectId': 'b9e6631f-0c45-46f7-a971-a9e1f9f4da3c', 'environmentId': '0616b10e-7fe6-566b-ac3c-c46efe254609', 'contentGeneration': 1, 'metadataRevision': 1}, 'targets': [{'projectId': 'b9e6631f-0c45-46f7-a971-a9e1f9f4da3c', 'tableId': '8d1c8407-43a4-42f1-a47b-8db761623964', 'datasetGeneration': 'baf15ef1-35fa-4fee-b7f8-cc245971a73b', 'recordKey': {'type': 'uuid', 'value': 'c9012265-68d7-4995-8cab-bb88fdf60553'}}, {'projectId': 'b9e6631f-0c45-46f7-a971-a9e1f9f4da3c', 'tableId': '229b3cee-10ba-4ea0-860b-ee621f2c1032', 'datasetGeneration': '696fbf67-d29a-4e13-ad72-f05d04497646', 'recordKey': {'type': 'uuid', 'value': '7a9418d0-554c-4495-957a-d19dc635d75b'}}], 'conflicts': []}}
E                 {'type': 'missing', 'loc': ('response', 'result', 'FieldMutationResult', 'tableRevision'), 'msg': 'Field required', 'input': {'phase': 'completed', 'error': None, 'complete': True, 'instance': None, 'source': {'projectId': 'b9e6631f-0c45-46f7-a971-a9e1f9f4da3c', 'environmentId': '0616b10e-7fe6-566b-ac3c-c46efe254609', 'contentGeneration': 1, 'metadataRevision': 1}, 'saved': {'projectId': 'b9e6631f-0c45-46f7-a971-a9e1f9f4da3c', 'environmentId': '0616b10e-7fe6-566b-ac3c-c46efe254609', 'contentGeneration': 1, 'metadataRevision': 1}, 'targets': [{'projectId': 'b9e6631f-0c45-46f7-a971-a9e1f9f4da3c', 'tableId': '8d1c8407-43a4-42f1-a47b-8db761623964', 'datasetGeneration': 'baf15ef1-35fa-4fee-b7f8-cc245971a73b', 'recordKey': {'type': 'uuid', 'value': 'c9012265-68d7-4995-8cab-bb88fdf60553'}}, {'projectId': 'b9e6631f-0c45-46f7-a971-a9e1f9f4da3c', 'tableId': '229b3cee-10ba-4ea0-860b-ee621f2c1032', 'datasetGeneration': '696fbf67-d29a-4e13-ad72-f05d04497646', 'recordKey': {'type': 'uuid', 'value': '7a9418d0-554c-4495-957a-d19dc635d75b'}}], 'conflicts': []}}
E                 {'type': 'missing', 'loc': ('response', 'result', 'FieldMutationResult', 'action'), 'msg': 'Field required', 'input': {'phase': 'completed', 'error': None, 'complete': True, 'instance': None, 'source': {'projectId': 'b9e6631f-0c45-46f7-a971-a9e1f9f4da3c', 'environmentId': '0616b10e-7fe6-566b-ac3c-c46efe254609', 'contentGeneration': 1, 'metadataRevision': 1}, 'saved': {'projectId': 'b9e6631f-0c45-46f7-a971-a9e1f9f4da3c', 'environmentId': '0616b10e-7fe6-566b-ac3c-c46efe254609', 'contentGeneration': 1, 'metadataRevision': 1}, 'targets': [{'projectId': 'b9e6631f-0c45-46f7-a971-a9e1f9f4da3c', 'tableId': '8d1c8407-43a4-42f1-a47b-8db761623964', 'datasetGeneration': 'baf15ef1-35fa-4fee-b7f8-cc245971a73b', 'recordKey': {'type': 'uuid', 'value': 'c9012265-68d7-4995-8cab-bb88fdf60553'}}, {'projectId': 'b9e6631f-0c45-46f7-a971-a9e1f9f4da3c', 'tableId': '229b3cee-10ba-4ea0-860b-ee621f2c1032', 'datasetGeneration': '696fbf67-d29a-4e13-ad72-f05d04497646', 'recordKey': {'type': 'uuid', 'value': '7a9418d0-554c-4495-957a-d19dc635d75b'}}], 'conflicts': []}}
E                 {'type': 'extra_forbidden', 'loc': ('response', 'result', 'FieldMutationResult', 'phase'), 'msg': 'Extra inputs are not permitted', 'input': 'completed'}
E                 {'type': 'extra_forbidden', 'loc': ('response', 'result', 'FieldMutationResult', 'error'), 'msg': 'Extra inputs are not permitted', 'input': None}
E                 {'type': 'extra_forbidden', 'loc': ('response', 'result', 'FieldMutationResult', 'complete'), 'msg': 'Extra inputs are not permitted', 'input': True}
E                 {'type': 'extra_forbidden', 'loc': ('response', 'result', 'FieldMutationResult', 'instance'), 'msg': 'Extra inputs are not permitted', 'input': None}
E                 {'type': 'extra_forbidden', 'loc': ('response', 'result', 'FieldMutationResult', 'source'), 'msg': 'Extra inputs are not permitted', 'input': {'projectId': 'b9e6631f-0c45-46f7-a971-a9e1f9f4da3c', 'environmentId': '0616b10e-7fe6-566b-ac3c-c46efe254609', 'contentGeneration': 1, 'metadataRevision': 1}}
E                 {'type': 'extra_forbidden', 'loc': ('response', 'result', 'FieldMutationResult', 'saved'), 'msg': 'Extra inputs are not permitted', 'input': {'projectId': 'b9e6631f-0c45-46f7-a971-a9e1f9f4da3c', 'environmentId': '0616b10e-7fe6-566b-ac3c-c46efe254609', 'contentGeneration': 1, 'metadataRevision': 1}}
E                 {'type': 'extra_forbidden', 'loc': ('response', 'result', 'FieldMutationResult', 'targets'), 'msg': 'Extra inputs are not permitted', 'input': [{'projectId': 'b9e6631f-0c45-46f7-a971-a9e1f9f4da3c', 'tableId': '8d1c8407-43a4-42f1-a47b-8db761623964', 'datasetGeneration': 'baf15ef1-35fa-4fee-b7f8-cc245971a73b', 'recordKey': {'type': 'uuid', 'value': 'c9012265-68d7-4995-8cab-bb88fdf60553'}}, {'projectId': 'b9e6631f-0c45-46f7-a971-a9e1f9f4da3c', 'tableId': '229b3cee-10ba-4ea0-860b-ee621f2c1032', 'datasetGeneration': '696fbf67-d29a-4e13-ad72-f05d04497646', 'recordKey': {'type': 'uuid', 'value': '7a9418d0-554c-4495-957a-d19dc635d75b'}}]}
E                 {'type': 'extra_forbidden', 'loc': ('response', 'result', 'FieldMutationResult', 'conflicts'), 'msg': 'Extra inputs are not permitted', 'input': []}
E                 {'type': 'missing', 'loc': ('response', 'result', 'DataSchemaResult', 'action'), 'msg': 'Field required', 'input': {'phase': 'completed', 'error': None, 'complete': True, 'instance': None, 'source': {'projectId': 'b9e6631f-0c45-46f7-a971-a9e1f9f4da3c', 'environmentId': '0616b10e-7fe6-566b-ac3c-c46efe254609', 'contentGeneration': 1, 'metadataRevision': 1}, 'saved': {'projectId': 'b9e6631f-0c45-46f7-a971-a9e1f9f4da3c', 'environmentId': '0616b10e-7fe6-566b-ac3c-c46efe254609', 'contentGeneration': 1, 'metadataRevision': 1}, 'targets': [{'projectId': 'b9e6631f-0c45-46f7-a971-a9e1f9f4da3c', 'tableId': '8d1c8407-43a4-42f1-a47b-8db761623964', 'datasetGeneration': 'baf15ef1-35fa-4fee-b7f8-cc245971a73b', 'recordKey': {'type': 'uuid', 'value': 'c9012265-68d7-4995-8cab-bb88fdf60553'}}, {'projectId': 'b9e6631f-0c45-46f7-a971-a9e1f9f4da3c', 'tableId': '229b3cee-10ba-4ea0-860b-ee621f2c1032', 'datasetGeneration': '696fbf67-d29a-4e13-ad72-f05d04497646', 'recordKey': {'type': 'uuid', 'value': '7a9418d0-554c-4495-957a-d19dc635d75b'}}], 'conflicts': []}}
E                 {'type': 'missing', 'loc': ('response', 'result', 'DataSchemaResult', 'datasetGeneration'), 'msg': 'Field required', 'input': {'phase': 'completed', 'error': None, 'complete': True, 'instance': None, 'source': {'projectId': 'b9e6631f-0c45-46f7-a971-a9e1f9f4da3c', 'environmentId': '0616b10e-7fe6-566b-ac3c-c46efe254609', 'contentGeneration': 1, 'metadataRevision': 1}, 'saved': {'projectId': 'b9e6631f-0c45-46f7-a971-a9e1f9f4da3c', 'environmentId': '0616b10e-7fe6-566b-ac3c-c46efe254609', 'contentGeneration': 1, 'metadataRevision': 1}, 'targets': [{'projectId': 'b9e6631f-0c45-46f7-a971-a9e1f9f4da3c', 'tableId': '8d1c8407-43a4-42f1-a47b-8db761623964', 'datasetGeneration': 'baf15ef1-35fa-4fee-b7f8-cc245971a73b', 'recordKey': {'type': 'uuid', 'value': 'c9012265-68d7-4995-8cab-bb88fdf60553'}}, {'projectId': 'b9e6631f-0c45-46f7-a971-a9e1f9f4da3c', 'tableId': '229b3cee-10ba-4ea0-860b-ee621f2c1032', 'datasetGeneration': '696fbf67-d29a-4e13-ad72-f05d04497646', 'recordKey': {'type': 'uuid', 'value': '7a9418d0-554c-4495-957a-d19dc635d75b'}}], 'conflicts': []}}
E                 {'type': 'missing', 'loc': ('response', 'result', 'DataSchemaResult', 'tableRevision'), 'msg': 'Field required', 'input': {'phase': 'completed', 'error': None, 'complete': True, 'instance': None, 'source': {'projectId': 'b9e6631f-0c45-46f7-a971-a9e1f9f4da3c', 'environmentId': '0616b10e-7fe6-566b-ac3c-c46efe254609', 'contentGeneration': 1, 'metadataRevision': 1}, 'saved': {'projectId': 'b9e6631f-0c45-46f7-a971-a9e1f9f4da3c', 'environmentId': '0616b10e-7fe6-566b-ac3c-c46efe254609', 'contentGeneration': 1, 'metadataRevision': 1}, 'targets': [{'projectId': 'b9e6631f-0c45-46f7-a971-a9e1f9f4da3c', 'tableId': '8d1c8407-43a4-42f1-a47b-8db761623964', 'datasetGeneration': 'baf15ef1-35fa-4fee-b7f8-cc245971a73b', 'recordKey': {'type': 'uuid', 'value': 'c9012265-68d7-4995-8cab-bb88fdf60553'}}, {'projectId': 'b9e6631f-0c45-46f7-a971-a9e1f9f4da3c', 'tableId': '229b3cee-10ba-4ea0-860b-ee621f2c1032', 'datasetGeneration': '696fbf67-d29a-4e13-ad72-f05d04497646', 'recordKey': {'type': 'uuid', 'value': '7a9418d0-554c-4495-957a-d19dc635d75b'}}], 'conflicts': []}}
E                 {'type': 'missing', 'loc': ('response', 'result', 'DataSchemaResult', 'fields'), 'msg': 'Field required', 'input': {'phase': 'completed', 'error': None, 'complete': True, 'instance': None, 'source': {'projectId': 'b9e6631f-0c45-46f7-a971-a9e1f9f4da3c', 'environmentId': '0616b10e-7fe6-566b-ac3c-c46efe254609', 'contentGeneration': 1, 'metadataRevision': 1}, 'saved': {'projectId': 'b9e6631f-0c45-46f7-a971-a9e1f9f4da3c', 'environmentId': '0616b10e-7fe6-566b-ac3c-c46efe254609', 'contentGeneration': 1, 'metadataRevision': 1}, 'targets': [{'projectId': 'b9e6631f-0c45-46f7-a971-a9e1f9f4da3c', 'tableId': '8d1c8407-43a4-42f1-a47b-8db761623964', 'datasetGeneration': 'baf15ef1-35fa-4fee-b7f8-cc245971a73b', 'recordKey': {'type': 'uuid', 'value': 'c9012265-68d7-4995-8cab-bb88fdf60553'}}, {'projectId': 'b9e6631f-0c45-46f7-a971-a9e1f9f4da3c', 'tableId': '229b3cee-10ba-4ea0-860b-ee621f2c1032', 'datasetGeneration': '696fbf67-d29a-4e13-ad72-f05d04497646', 'recordKey': {'type': 'uuid', 'value': '7a9418d0-554c-4495-957a-d19dc635d75b'}}], 'conflicts': []}}
E                 {'type': 'missing', 'loc': ('response', 'result', 'DataSchemaResult', 'createdFieldIds'), 'msg': 'Field required', 'input': {'phase': 'completed', 'error': None, 'complete': True, 'instance': None, 'source': {'projectId': 'b9e6631f-0c45-46f7-a971-a9e1f9f4da3c', 'environmentId': '0616b10e-7fe6-566b-ac3c-c46efe254609', 'contentGeneration': 1, 'metadataRevision': 1}, 'saved': {'projectId': 'b9e6631f-0c45-46f7-a971-a9e1f9f4da3c', 'environmentId': '0616b10e-7fe6-566b-ac3c-c46efe254609', 'contentGeneration': 1, 'metadataRevision': 1}, 'targets': [{'projectId': 'b9e6631f-0c45-46f7-a971-a9e1f9f4da3c', 'tableId': '8d1c8407-43a4-42f1-a47b-8db761623964', 'datasetGeneration': 'baf15ef1-35fa-4fee-b7f8-cc245971a73b', 'recordKey': {'type': 'uuid', 'value': 'c9012265-68d7-4995-8cab-bb88fdf60553'}}, {'projectId': 'b9e6631f-0c45-46f7-a971-a9e1f9f4da3c', 'tableId': '229b3cee-10ba-4ea0-860b-ee621f2c1032', 'datasetGeneration': '696fbf67-d29a-4e13-ad72-f05d04497646', 'recordKey': {'type': 'uuid', 'value': '7a9418d0-554c-4495-957a-d19dc635d75b'}}], 'conflicts': []}}
E                 {'type': 'missing', 'loc': ('response', 'result', 'DataSchemaResult', 'backfilledRecords'), 'msg': 'Field required', 'input': {'phase': 'completed', 'error': None, 'complete': True, 'instance': None, 'source': {'projectId': 'b9e6631f-0c45-46f7-a971-a9e1f9f4da3c', 'environmentId': '0616b10e-7fe6-566b-ac3c-c46efe254609', 'contentGeneration': 1, 'metadataRevision': 1}, 'saved': {'projectId': 'b9e6631f-0c45-46f7-a971-a9e1f9f4da3c', 'environmentId': '0616b10e-7fe6-566b-ac3c-c46efe254609', 'contentGeneration': 1, 'metadataRevision': 1}, 'targets': [{'projectId': 'b9e6631f-0c45-46f7-a971-a9e1f9f4da3c', 'tableId': '8d1c8407-43a4-42f1-a47b-8db761623964', 'datasetGeneration': 'baf15ef1-35fa-4fee-b7f8-cc245971a73b', 'recordKey': {'type': 'uuid', 'value': 'c9012265-68d7-4995-8cab-bb88fdf60553'}}, {'projectId': 'b9e6631f-0c45-46f7-a971-a9e1f9f4da3c', 'tableId': '229b3cee-10ba-4ea0-860b-ee621f2c1032', 'datasetGeneration': '696fbf67-d29a-4e13-ad72-f05d04497646', 'recordKey': {'type': 'uuid', 'value': '7a9418d0-554c-4495-957a-d19dc635d75b'}}], 'conflicts': []}}
E                 {'type': 'extra_forbidden', 'loc': ('response', 'result', 'DataSchemaResult', 'phase'), 'msg': 'Extra inputs are not permitted', 'input': 'completed'}
E                 {'type': 'extra_forbidden', 'loc': ('response', 'result', 'DataSchemaResult', 'error'), 'msg': 'Extra inputs are not permitted', 'input': None}
E                 {'type': 'extra_forbidden', 'loc': ('response', 'result', 'DataSchemaResult', 'complete'), 'msg': 'Extra inputs are not permitted', 'input': True}
E                 {'type': 'extra_forbidden', 'loc': ('response', 'result', 'DataSchemaResult', 'instance'), 'msg': 'Extra inputs are not permitted', 'input': None}
E                 {'type': 'extra_forbidden', 'loc': ('response', 'result', 'DataSchemaResult', 'source'), 'msg': 'Extra inputs are not permitted', 'input': {'projectId': 'b9e6631f-0c45-46f7-a971-a9e1f9f4da3c', 'environmentId': '0616b10e-7fe6-566b-ac3c-c46efe254609', 'contentGeneration': 1, 'metadataRevision': 1}}
E                 {'type': 'extra_forbidden', 'loc': ('response', 'result', 'DataSchemaResult', 'saved'), 'msg': 'Extra inputs are not permitted', 'input': {'projectId': 'b9e6631f-0c45-46f7-a971-a9e1f9f4da3c', 'environmentId': '0616b10e-7fe6-566b-ac3c-c46efe254609', 'contentGeneration': 1, 'metadataRevision': 1}}
E                 {'type': 'extra_forbidden', 'loc': ('response', 'result', 'DataSchemaResult', 'targets'), 'msg': 'Extra inputs are not permitted', 'input': [{'projectId': 'b9e6631f-0c45-46f7-a971-a9e1f9f4da3c', 'tableId': '8d1c8407-43a4-42f1-a47b-8db761623964', 'datasetGeneration': 'baf15ef1-35fa-4fee-b7f8-cc245971a73b', 'recordKey': {'type': 'uuid', 'value': 'c9012265-68d7-4995-8cab-bb88fdf60553'}}, {'projectId': 'b9e6631f-0c45-46f7-a971-a9e1f9f4da3c', 'tableId': '229b3cee-10ba-4ea0-860b-ee621f2c1032', 'datasetGeneration': '696fbf67-d29a-4e13-ad72-f05d04497646', 'recordKey': {'type': 'uuid', 'value': '7a9418d0-554c-4495-957a-d19dc635d75b'}}]}
E                 {'type': 'extra_forbidden', 'loc': ('response', 'result', 'DataSchemaResult', 'conflicts'), 'msg': 'Extra inputs are not permitted', 'input': []}
E                 {'type': 'missing', 'loc': ('response', 'result', 'StatusMutationResult', 'action'), 'msg': 'Field required', 'input': {'phase': 'completed', 'error': None, 'complete': True, 'instance': None, 'source': {'projectId': 'b9e6631f-0c45-46f7-a971-a9e1f9f4da3c', 'environmentId': '0616b10e-7fe6-566b-ac3c-c46efe254609', 'contentGeneration': 1, 'metadataRevision': 1}, 'saved': {'projectId': 'b9e6631f-0c45-46f7-a971-a9e1f9f4da3c', 'environmentId': '0616b10e-7fe6-566b-ac3c-c46efe254609', 'contentGeneration': 1, 'metadataRevision': 1}, 'targets': [{'projectId': 'b9e6631f-0c45-46f7-a971-a9e1f9f4da3c', 'tableId': '8d1c8407-43a4-42f1-a47b-8db761623964', 'datasetGeneration': 'baf15ef1-35fa-4fee-b7f8-cc245971a73b', 'recordKey': {'type': 'uuid', 'value': 'c9012265-68d7-4995-8cab-bb88fdf60553'}}, {'projectId': 'b9e6631f-0c45-46f7-a971-a9e1f9f4da3c', 'tableId': '229b3cee-10ba-4ea0-860b-ee621f2c1032', 'datasetGeneration': '696fbf67-d29a-4e13-ad72-f05d04497646', 'recordKey': {'type': 'uuid', 'value': '7a9418d0-554c-4495-957a-d19dc635d75b'}}], 'conflicts': []}}
E                 {'type': 'missing', 'loc': ('response', 'result', 'StatusMutationResult', 'status'), 'msg': 'Field required', 'input': {'phase': 'completed', 'error': None, 'complete': True, 'instance': None, 'source': {'projectId': 'b9e6631f-0c45-46f7-a971-a9e1f9f4da3c', 'environmentId': '0616b10e-7fe6-566b-ac3c-c46efe254609', 'contentGeneration': 1, 'metadataRevision': 1}, 'saved': {'projectId': 'b9e6631f-0c45-46f7-a971-a9e1f9f4da3c', 'environmentId': '0616b10e-7fe6-566b-ac3c-c46efe254609', 'contentGeneration': 1, 'metadataRevision': 1}, 'targets': [{'projectId': 'b9e6631f-0c45-46f7-a971-a9e1f9f4da3c', 'tableId': '8d1c8407-43a4-42f1-a47b-8db761623964', 'datasetGeneration': 'baf15ef1-35fa-4fee-b7f8-cc245971a73b', 'recordKey': {'type': 'uuid', 'value': 'c9012265-68d7-4995-8cab-bb88fdf60553'}}, {'projectId': 'b9e6631f-0c45-46f7-a971-a9e1f9f4da3c', 'tableId': '229b3cee-10ba-4ea0-860b-ee621f2c1032', 'datasetGeneration': '696fbf67-d29a-4e13-ad72-f05d04497646', 'recordKey': {'type': 'uuid', 'value': '7a9418d0-554c-4495-957a-d19dc635d75b'}}], 'conflicts': []}}
E                 {'type': 'missing', 'loc': ('response', 'result', 'StatusMutationResult', 'tableRevision'), 'msg': 'Field required', 'input': {'phase': 'completed', 'error': None, 'complete': True, 'instance': None, 'source': {'projectId': 'b9e6631f-0c45-46f7-a971-a9e1f9f4da3c', 'environmentId': '0616b10e-7fe6-566b-ac3c-c46efe254609', 'contentGeneration': 1, 'metadataRevision': 1}, 'saved': {'projectId': 'b9e6631f-0c45-46f7-a971-a9e1f9f4da3c', 'environmentId': '0616b10e-7fe6-566b-ac3c-c46efe254609', 'contentGeneration': 1, 'metadataRevision': 1}, 'targets': [{'projectId': 'b9e6631f-0c45-46f7-a971-a9e1f9f4da3c', 'tableId': '8d1c8407-43a4-42f1-a47b-8db761623964', 'datasetGeneration': 'baf15ef1-35fa-4fee-b7f8-cc245971a73b', 'recordKey': {'type': 'uuid', 'value': 'c9012265-68d7-4995-8cab-bb88fdf60553'}}, {'projectId': 'b9e6631f-0c45-46f7-a971-a9e1f9f4da3c', 'tableId': '229b3cee-10ba-4ea0-860b-ee621f2c1032', 'datasetGeneration': '696fbf67-d29a-4e13-ad72-f05d04497646', 'recordKey': {'type': 'uuid', 'value': '7a9418d0-554c-4495-957a-d19dc635d75b'}}], 'conflicts': []}}
E                 {'type': 'extra_forbidden', 'loc': ('response', 'result', 'StatusMutationResult', 'phase'), 'msg': 'Extra inputs are not permitted', 'input': 'completed'}
E                 {'type': 'extra_forbidden', 'loc': ('response', 'result', 'StatusMutationResult', 'error'), 'msg': 'Extra inputs are not permitted', 'input': None}
E                 {'type': 'extra_forbidden', 'loc': ('response', 'result', 'StatusMutationResult', 'complete'), 'msg': 'Extra inputs are not permitted', 'input': True}
E                 {'type': 'extra_forbidden', 'loc': ('response', 'result', 'StatusMutationResult', 'instance'), 'msg': 'Extra inputs are not permitted', 'input': None}
E                 {'type': 'extra_forbidden', 'loc': ('response', 'result', 'StatusMutationResult', 'source'), 'msg': 'Extra inputs are not permitted', 'input': {'projectId': 'b9e6631f-0c45-46f7-a971-a9e1f9f4da3c', 'environmentId': '0616b10e-7fe6-566b-ac3c-c46efe254609', 'contentGeneration': 1, 'metadataRevision': 1}}
E                 {'type': 'extra_forbidden', 'loc': ('response', 'result', 'StatusMutationResult', 'saved'), 'msg': 'Extra inputs are not permitted', 'input': {'projectId': 'b9e6631f-0c45-46f7-a971-a9e1f9f4da3c', 'environmentId': '0616b10e-7fe6-566b-ac3c-c46efe254609', 'contentGeneration': 1, 'metadataRevision': 1}}
E                 {'type': 'extra_forbidden', 'loc': ('response', 'result', 'StatusMutationResult', 'targets'), 'msg': 'Extra inputs are not permitted', 'input': [{'projectId': 'b9e6631f-0c45-46f7-a971-a9e1f9f4da3c', 'tableId': '8d1c8407-43a4-42f1-a47b-8db761623964', 'datasetGeneration': 'baf15ef1-35fa-4fee-b7f8-cc245971a73b', 'recordKey': {'type': 'uuid', 'value': 'c9012265-68d7-4995-8cab-bb88fdf60553'}}, {'projectId': 'b9e6631f-0c45-46f7-a971-a9e1f9f4da3c', 'tableId': '229b3cee-10ba-4ea0-860b-ee621f2c1032', 'datasetGeneration': '696fbf67-d29a-4e13-ad72-f05d04497646', 'recordKey': {'type': 'uuid', 'value': '7a9418d0-554c-4495-957a-d19dc635d75b'}}]}
E                 {'type': 'extra_forbidden', 'loc': ('response', 'result', 'StatusMutationResult', 'conflicts'), 'msg': 'Extra inputs are not permitted', 'input': []}
E                 {'type': 'missing', 'loc': ('response', 'result', 'StatusDeleteResult', 'action'), 'msg': 'Field required', 'input': {'phase': 'completed', 'error': None, 'complete': True, 'instance': None, 'source': {'projectId': 'b9e6631f-0c45-46f7-a971-a9e1f9f4da3c', 'environmentId': '0616b10e-7fe6-566b-ac3c-c46efe254609', 'contentGeneration': 1, 'metadataRevision': 1}, 'saved': {'projectId': 'b9e6631f-0c45-46f7-a971-a9e1f9f4da3c', 'environmentId': '0616b10e-7fe6-566b-ac3c-c46efe254609', 'contentGeneration': 1, 'metadataRevision': 1}, 'targets': [{'projectId': 'b9e6631f-0c45-46f7-a971-a9e1f9f4da3c', 'tableId': '8d1c8407-43a4-42f1-a47b-8db761623964', 'datasetGeneration': 'baf15ef1-35fa-4fee-b7f8-cc245971a73b', 'recordKey': {'type': 'uuid', 'value': 'c9012265-68d7-4995-8cab-bb88fdf60553'}}, {'projectId': 'b9e6631f-0c45-46f7-a971-a9e1f9f4da3c', 'tableId': '229b3cee-10ba-4ea0-860b-ee621f2c1032', 'datasetGeneration': '696fbf67-d29a-4e13-ad72-f05d04497646', 'recordKey': {'type': 'uuid', 'value': '7a9418d0-554c-4495-957a-d19dc635d75b'}}], 'conflicts': []}}
E                 {'type': 'missing', 'loc': ('response', 'result', 'StatusDeleteResult', 'statusId'), 'msg': 'Field required', 'input': {'phase': 'completed', 'error': None, 'complete': True, 'instance': None, 'source': {'projectId': 'b9e6631f-0c45-46f7-a971-a9e1f9f4da3c', 'environmentId': '0616b10e-7fe6-566b-ac3c-c46efe254609', 'contentGeneration': 1, 'metadataRevision': 1}, 'saved': {'projectId': 'b9e6631f-0c45-46f7-a971-a9e1f9f4da3c', 'environmentId': '0616b10e-7fe6-566b-ac3c-c46efe254609', 'contentGeneration': 1, 'metadataRevision': 1}, 'targets': [{'projectId': 'b9e6631f-0c45-46f7-a971-a9e1f9f4da3c', 'tableId': '8d1c8407-43a4-42f1-a47b-8db761623964', 'datasetGeneration': 'baf15ef1-35fa-4fee-b7f8-cc245971a73b', 'recordKey': {'type': 'uuid', 'value': 'c9012265-68d7-4995-8cab-bb88fdf60553'}}, {'projectId': 'b9e6631f-0c45-46f7-a971-a9e1f9f4da3c', 'tableId': '229b3cee-10ba-4ea0-860b-ee621f2c1032', 'datasetGeneration': '696fbf67-d29a-4e13-ad72-f05d04497646', 'recordKey': {'type': 'uuid', 'value': '7a9418d0-554c-4495-957a-d19dc635d75b'}}], 'conflicts': []}}
E                 {'type': 'missing', 'loc': ('response', 'result', 'StatusDeleteResult', 'deleted'), 'msg': 'Field required', 'input': {'phase': 'completed', 'error': None, 'complete': True, 'instance': None, 'source': {'projectId': 'b9e6631f-0c45-46f7-a971-a9e1f9f4da3c', 'environmentId': '0616b10e-7fe6-566b-ac3c-c46efe254609', 'contentGeneration': 1, 'metadataRevision': 1}, 'saved': {'projectId': 'b9e6631f-0c45-46f7-a971-a9e1f9f4da3c', 'environmentId': '0616b10e-7fe6-566b-ac3c-c46efe254609', 'contentGeneration': 1, 'metadataRevision': 1}, 'targets': [{'projectId': 'b9e6631f-0c45-46f7-a971-a9e1f9f4da3c', 'tableId': '8d1c8407-43a4-42f1-a47b-8db761623964', 'datasetGeneration': 'baf15ef1-35fa-4fee-b7f8-cc245971a73b', 'recordKey': {'type': 'uuid', 'value': 'c9012265-68d7-4995-8cab-bb88fdf60553'}}, {'projectId': 'b9e6631f-0c45-46f7-a971-a9e1f9f4da3c', 'tableId': '229b3cee-10ba-4ea0-860b-ee621f2c1032', 'datasetGeneration': '696fbf67-d29a-4e13-ad72-f05d04497646', 'recordKey': {'type': 'uuid', 'value': '7a9418d0-554c-4495-957a-d19dc635d75b'}}], 'conflicts': []}}
E                 {'type': 'missing', 'loc': ('response', 'result', 'StatusDeleteResult', 'tableRevision'), 'msg': 'Field required', 'input': {'phase': 'completed', 'error': None, 'complete': True, 'instance': None, 'source': {'projectId': 'b9e6631f-0c45-46f7-a971-a9e1f9f4da3c', 'environmentId': '0616b10e-7fe6-566b-ac3c-c46efe254609', 'contentGeneration': 1, 'metadataRevision': 1}, 'saved': {'projectId': 'b9e6631f-0c45-46f7-a971-a9e1f9f4da3c', 'environmentId': '0616b10e-7fe6-566b-ac3c-c46efe254609', 'contentGeneration': 1, 'metadataRevision': 1}, 'targets': [{'projectId': 'b9e6631f-0c45-46f7-a971-a9e1f9f4da3c', 'tableId': '8d1c8407-43a4-42f1-a47b-8db761623964', 'datasetGeneration': 'baf15ef1-35fa-4fee-b7f8-cc245971a73b', 'recordKey': {'type': 'uuid', 'value': 'c9012265-68d7-4995-8cab-bb88fdf60553'}}, {'projectId': 'b9e6631f-0c45-46f7-a971-a9e1f9f4da3c', 'tableId': '229b3cee-10ba-4ea0-860b-ee621f2c1032', 'datasetGeneration': '696fbf67-d29a-4e13-ad72-f05d04497646', 'recordKey': {'type': 'uuid', 'value': '7a9418d0-554c-4495-957a-d19dc635d75b'}}], 'conflicts': []}}
E                 {'type': 'extra_forbidden', 'loc': ('response', 'result', 'StatusDeleteResult', 'phase'), 'msg': 'Extra inputs are not permitted', 'input': 'completed'}
E                 {'type': 'extra_forbidden', 'loc': ('response', 'result', 'StatusDeleteResult', 'error'), 'msg': 'Extra inputs are not permitted', 'input': None}
E                 {'type': 'extra_forbidden', 'loc': ('response', 'result', 'StatusDeleteResult', 'complete'), 'msg': 'Extra inputs are not permitted', 'input': True}
E                 {'type': 'extra_forbidden', 'loc': ('response', 'result', 'StatusDeleteResult', 'instance'), 'msg': 'Extra inputs are not permitted', 'input': None}
E                 {'type': 'extra_forbidden', 'loc': ('response', 'result', 'StatusDeleteResult', 'source'), 'msg': 'Extra inputs are not permitted', 'input': {'projectId': 'b9e6631f-0c45-46f7-a971-a9e1f9f4da3c', 'environmentId': '0616b10e-7fe6-566b-ac3c-c46efe254609', 'contentGeneration': 1, 'metadataRevision': 1}}
E                 {'type': 'extra_forbidden', 'loc': ('response', 'result', 'StatusDeleteResult', 'saved'), 'msg': 'Extra inputs are not permitted', 'input': {'projectId': 'b9e6631f-0c45-46f7-a971-a9e1f9f4da3c', 'environmentId': '0616b10e-7fe6-566b-ac3c-c46efe254609', 'contentGeneration': 1, 'metadataRevision': 1}}
E                 {'type': 'extra_forbidden', 'loc': ('response', 'result', 'StatusDeleteResult', 'targets'), 'msg': 'Extra inputs are not permitted', 'input': [{'projectId': 'b9e6631f-0c45-46f7-a971-a9e1f9f4da3c', 'tableId': '8d1c8407-43a4-42f1-a47b-8db761623964', 'datasetGeneration': 'baf15ef1-35fa-4fee-b7f8-cc245971a73b', 'recordKey': {'type': 'uuid', 'value': 'c9012265-68d7-4995-8cab-bb88fdf60553'}}, {'projectId': 'b9e6631f-0c45-46f7-a971-a9e1f9f4da3c', 'tableId': '229b3cee-10ba-4ea0-860b-ee621f2c1032', 'datasetGeneration': '696fbf67-d29a-4e13-ad72-f05d04497646', 'recordKey': {'type': 'uuid', 'value': '7a9418d0-554c-4495-957a-d19dc635d75b'}}]}
E                 {'type': 'extra_forbidden', 'loc': ('response', 'result', 'StatusDeleteResult', 'conflicts'), 'msg': 'Extra inputs are not permitted', 'input': []}
E                 {'type': 'missing', 'loc': ('response', 'result', 'DataRecordView', 'ref'), 'msg': 'Field required', 'input': {'phase': 'completed', 'error': None, 'complete': True, 'instance': None, 'source': {'projectId': 'b9e6631f-0c45-46f7-a971-a9e1f9f4da3c', 'environmentId': '0616b10e-7fe6-566b-ac3c-c46efe254609', 'contentGeneration': 1, 'metadataRevision': 1}, 'saved': {'projectId': 'b9e6631f-0c45-46f7-a971-a9e1f9f4da3c', 'environmentId': '0616b10e-7fe6-566b-ac3c-c46efe254609', 'contentGeneration': 1, 'metadataRevision': 1}, 'targets': [{'projectId': 'b9e6631f-0c45-46f7-a971-a9e1f9f4da3c', 'tableId': '8d1c8407-43a4-42f1-a47b-8db761623964', 'datasetGeneration': 'baf15ef1-35fa-4fee-b7f8-cc245971a73b', 'recordKey': {'type': 'uuid', 'value': 'c9012265-68d7-4995-8cab-bb88fdf60553'}}, {'projectId': 'b9e6631f-0c45-46f7-a971-a9e1f9f4da3c', 'tableId': '229b3cee-10ba-4ea0-860b-ee621f2c1032', 'datasetGeneration': '696fbf67-d29a-4e13-ad72-f05d04497646', 'recordKey': {'type': 'uuid', 'value': '7a9418d0-554c-4495-957a-d19dc635d75b'}}], 'conflicts': []}}
E                 {'type': 'missing', 'loc': ('response', 'result', 'DataRecordView', 'values'), 'msg': 'Field required', 'input': {'phase': 'completed', 'error': None, 'complete': True, 'instance': None, 'source': {'projectId': 'b9e6631f-0c45-46f7-a971-a9e1f9f4da3c', 'environmentId': '0616b10e-7fe6-566b-ac3c-c46efe254609', 'contentGeneration': 1, 'metadataRevision': 1}, 'saved': {'projectId': 'b9e6631f-0c45-46f7-a971-a9e1f9f4da3c', 'environmentId': '0616b10e-7fe6-566b-ac3c-c46efe254609', 'contentGeneration': 1, 'metadataRevision': 1}, 'targets': [{'projectId': 'b9e6631f-0c45-46f7-a971-a9e1f9f4da3c', 'tableId': '8d1c8407-43a4-42f1-a47b-8db761623964', 'datasetGeneration': 'baf15ef1-35fa-4fee-b7f8-cc245971a73b', 'recordKey': {'type': 'uuid', 'value': 'c9012265-68d7-4995-8cab-bb88fdf60553'}}, {'projectId': 'b9e6631f-0c45-46f7-a971-a9e1f9f4da3c', 'tableId': '229b3cee-10ba-4ea0-860b-ee621f2c1032', 'datasetGeneration': '696fbf67-d29a-4e13-ad72-f05d04497646', 'recordKey': {'type': 'uuid', 'value': '7a9418d0-554c-4495-957a-d19dc635d75b'}}], 'conflicts': []}}
E                 {'type': 'missing', 'loc': ('response', 'result', 'DataRecordView', 'recordSlots'), 'msg': 'Field required', 'input': {'phase': 'completed', 'error': None, 'complete': True, 'instance': None, 'source': {'projectId': 'b9e6631f-0c45-46f7-a971-a9e1f9f4da3c', 'environmentId': '0616b10e-7fe6-566b-ac3c-c46efe254609', 'contentGeneration': 1, 'metadataRevision': 1}, 'saved': {'projectId': 'b9e6631f-0c45-46f7-a971-a9e1f9f4da3c', 'environmentId': '0616b10e-7fe6-566b-ac3c-c46efe254609', 'contentGeneration': 1, 'metadataRevision': 1}, 'targets': [{'projectId': 'b9e6631f-0c45-46f7-a971-a9e1f9f4da3c', 'tableId': '8d1c8407-43a4-42f1-a47b-8db761623964', 'datasetGeneration': 'baf15ef1-35fa-4fee-b7f8-cc245971a73b', 'recordKey': {'type': 'uuid', 'value': 'c9012265-68d7-4995-8cab-bb88fdf60553'}}, {'projectId': 'b9e6631f-0c45-46f7-a971-a9e1f9f4da3c', 'tableId': '229b3cee-10ba-4ea0-860b-ee621f2c1032', 'datasetGeneration': '696fbf67-d29a-4e13-ad72-f05d04497646', 'recordKey': {'type': 'uuid', 'value': '7a9418d0-554c-4495-957a-d19dc635d75b'}}], 'conflicts': []}}
E                 {'type': 'missing', 'loc': ('response', 'result', 'DataRecordView', 'statusId'), 'msg': 'Field required', 'input': {'phase': 'completed', 'error': None, 'complete': True, 'instance': None, 'source': {'projectId': 'b9e6631f-0c45-46f7-a971-a9e1f9f4da3c', 'environmentId': '0616b10e-7fe6-566b-ac3c-c46efe254609', 'contentGeneration': 1, 'metadataRevision': 1}, 'saved': {'projectId': 'b9e6631f-0c45-46f7-a971-a9e1f9f4da3c', 'environmentId': '0616b10e-7fe6-566b-ac3c-c46efe254609', 'contentGeneration': 1, 'metadataRevision': 1}, 'targets': [{'projectId': 'b9e6631f-0c45-46f7-a971-a9e1f9f4da3c', 'tableId': '8d1c8407-43a4-42f1-a47b-8db761623964', 'datasetGeneration': 'baf15ef1-35fa-4fee-b7f8-cc245971a73b', 'recordKey': {'type': 'uuid', 'value': 'c9012265-68d7-4995-8cab-bb88fdf60553'}}, {'projectId': 'b9e6631f-0c45-46f7-a971-a9e1f9f4da3c', 'tableId': '229b3cee-10ba-4ea0-860b-ee621f2c1032', 'datasetGeneration': '696fbf67-d29a-4e13-ad72-f05d04497646', 'recordKey': {'type': 'uuid', 'value': '7a9418d0-554c-4495-957a-d19dc635d75b'}}], 'conflicts': []}}
E                 {'type': 'missing', 'loc': ('response', 'result', 'DataRecordView', 'currentEnvironmentId'), 'msg': 'Field required', 'input': {'phase': 'completed', 'error': None, 'complete': True, 'instance': None, 'source': {'projectId': 'b9e6631f-0c45-46f7-a971-a9e1f9f4da3c', 'environmentId': '0616b10e-7fe6-566b-ac3c-c46efe254609', 'contentGeneration': 1, 'metadataRevision': 1}, 'saved': {'projectId': 'b9e6631f-0c45-46f7-a971-a9e1f9f4da3c', 'environmentId': '0616b10e-7fe6-566b-ac3c-c46efe254609', 'contentGeneration': 1, 'metadataRevision': 1}, 'targets': [{'projectId': 'b9e6631f-0c45-46f7-a971-a9e1f9f4da3c', 'tableId': '8d1c8407-43a4-42f1-a47b-8db761623964', 'datasetGeneration': 'baf15ef1-35fa-4fee-b7f8-cc245971a73b', 'recordKey': {'type': 'uuid', 'value': 'c9012265-68d7-4995-8cab-bb88fdf60553'}}, {'projectId': 'b9e6631f-0c45-46f7-a971-a9e1f9f4da3c', 'tableId': '229b3cee-10ba-4ea0-860b-ee621f2c1032', 'datasetGeneration': '696fbf67-d29a-4e13-ad72-f05d04497646', 'recordKey': {'type': 'uuid', 'value': '7a9418d0-554c-4495-957a-d19dc635d75b'}}], 'conflicts': []}}
E                 {'type': 'missing', 'loc': ('response', 'result', 'DataRecordView', 'contentRevision'), 'msg': 'Field required', 'input': {'phase': 'completed', 'error': None, 'complete': True, 'instance': None, 'source': {'projectId': 'b9e6631f-0c45-46f7-a971-a9e1f9f4da3c', 'environmentId': '0616b10e-7fe6-566b-ac3c-c46efe254609', 'contentGeneration': 1, 'metadataRevision': 1}, 'saved': {'projectId': 'b9e6631f-0c45-46f7-a971-a9e1f9f4da3c', 'environmentId': '0616b10e-7fe6-566b-ac3c-c46efe254609', 'contentGeneration': 1, 'metadataRevision': 1}, 'targets': [{'projectId': 'b9e6631f-0c45-46f7-a971-a9e1f9f4da3c', 'tableId': '8d1c8407-43a4-42f1-a47b-8db761623964', 'datasetGeneration': 'baf15ef1-35fa-4fee-b7f8-cc245971a73b', 'recordKey': {'type': 'uuid', 'value': 'c9012265-68d7-4995-8cab-bb88fdf60553'}}, {'projectId': 'b9e6631f-0c45-46f7-a971-a9e1f9f4da3c', 'tableId': '229b3cee-10ba-4ea0-860b-ee621f2c1032', 'datasetGeneration': '696fbf67-d29a-4e13-ad72-f05d04497646', 'recordKey': {'type': 'uuid', 'value': '7a9418d0-554c-4495-957a-d19dc635d75b'}}], 'conflicts': []}}
E                 {'type': 'missing', 'loc': ('response', 'result', 'DataRecordView', 'statusRevision'), 'msg': 'Field required', 'input': {'phase': 'completed', 'error': None, 'complete': True, 'instance': None, 'source': {'projectId': 'b9e6631f-0c45-46f7-a971-a9e1f9f4da3c', 'environmentId': '0616b10e-7fe6-566b-ac3c-c46efe254609', 'contentGeneration': 1, 'metadataRevision': 1}, 'saved': {'projectId': 'b9e6631f-0c45-46f7-a971-a9e1f9f4da3c', 'environmentId': '0616b10e-7fe6-566b-ac3c-c46efe254609', 'contentGeneration': 1, 'metadataRevision': 1}, 'targets': [{'projectId': 'b9e6631f-0c45-46f7-a971-a9e1f9f4da3c', 'tableId': '8d1c8407-43a4-42f1-a47b-8db761623964', 'datasetGeneration': 'baf15ef1-35fa-4fee-b7f8-cc245971a73b', 'recordKey': {'type': 'uuid', 'value': 'c9012265-68d7-4995-8cab-bb88fdf60553'}}, {'projectId': 'b9e6631f-0c45-46f7-a971-a9e1f9f4da3c', 'tableId': '229b3cee-10ba-4ea0-860b-ee621f2c1032', 'datasetGeneration': '696fbf67-d29a-4e13-ad72-f05d04497646', 'recordKey': {'type': 'uuid', 'value': '7a9418d0-554c-4495-957a-d19dc635d75b'}}], 'conflicts': []}}
E                 {'type': 'missing', 'loc': ('response', 'result', 'DataRecordView', 'linkRevision'), 'msg': 'Field required', 'input': {'phase': 'completed', 'error': None, 'complete': True, 'instance': None, 'source': {'projectId': 'b9e6631f-0c45-46f7-a971-a9e1f9f4da3c', 'environmentId': '0616b10e-7fe6-566b-ac3c-c46efe254609', 'contentGeneration': 1, 'metadataRevision': 1}, 'saved': {'projectId': 'b9e6631f-0c45-46f7-a971-a9e1f9f4da3c', 'environmentId': '0616b10e-7fe6-566b-ac3c-c46efe254609', 'contentGeneration': 1, 'metadataRevision': 1}, 'targets': [{'projectId': 'b9e6631f-0c45-46f7-a971-a9e1f9f4da3c', 'tableId': '8d1c8407-43a4-42f1-a47b-8db761623964', 'datasetGeneration': 'baf15ef1-35fa-4fee-b7f8-cc245971a73b', 'recordKey': {'type': 'uuid', 'value': 'c9012265-68d7-4995-8cab-bb88fdf60553'}}, {'projectId': 'b9e6631f-0c45-46f7-a971-a9e1f9f4da3c', 'tableId': '229b3cee-10ba-4ea0-860b-ee621f2c1032', 'datasetGeneration': '696fbf67-d29a-4e13-ad72-f05d04497646', 'recordKey': {'type': 'uuid', 'value': '7a9418d0-554c-4495-957a-d19dc635d75b'}}], 'conflicts': []}}
E                 {'type': 'missing', 'loc': ('response', 'result', 'DataRecordView', 'deleted'), 'msg': 'Field required', 'input': {'phase': 'completed', 'error': None, 'complete': True, 'instance': None, 'source': {'projectId': 'b9e6631f-0c45-46f7-a971-a9e1f9f4da3c', 'environmentId': '0616b10e-7fe6-566b-ac3c-c46efe254609', 'contentGeneration': 1, 'metadataRevision': 1}, 'saved': {'projectId': 'b9e6631f-0c45-46f7-a971-a9e1f9f4da3c', 'environmentId': '0616b10e-7fe6-566b-ac3c-c46efe254609', 'contentGeneration': 1, 'metadataRevision': 1}, 'targets': [{'projectId': 'b9e6631f-0c45-46f7-a971-a9e1f9f4da3c', 'tableId': '8d1c8407-43a4-42f1-a47b-8db761623964', 'datasetGeneration': 'baf15ef1-35fa-4fee-b7f8-cc245971a73b', 'recordKey': {'type': 'uuid', 'value': 'c9012265-68d7-4995-8cab-bb88fdf60553'}}, {'projectId': 'b9e6631f-0c45-46f7-a971-a9e1f9f4da3c', 'tableId': '229b3cee-10ba-4ea0-860b-ee621f2c1032', 'datasetGeneration': '696fbf67-d29a-4e13-ad72-f05d04497646', 'recordKey': {'type': 'uuid', 'value': '7a9418d0-554c-4495-957a-d19dc635d75b'}}], 'conflicts': []}}
E                 {'type': 'missing', 'loc': ('response', 'result', 'DataRecordView', 'createdAt'), 'msg': 'Field required', 'input': {'phase': 'completed', 'error': None, 'complete': True, 'instance': None, 'source': {'projectId': 'b9e6631f-0c45-46f7-a971-a9e1f9f4da3c', 'environmentId': '0616b10e-7fe6-566b-ac3c-c46efe254609', 'contentGeneration': 1, 'metadataRevision': 1}, 'saved': {'projectId': 'b9e6631f-0c45-46f7-a971-a9e1f9f4da3c', 'environmentId': '0616b10e-7fe6-566b-ac3c-c46efe254609', 'contentGeneration': 1, 'metadataRevision': 1}, 'targets': [{'projectId': 'b9e6631f-0c45-46f7-a971-a9e1f9f4da3c', 'tableId': '8d1c8407-43a4-42f1-a47b-8db761623964', 'datasetGeneration': 'baf15ef1-35fa-4fee-b7f8-cc245971a73b', 'recordKey': {'type': 'uuid', 'value': 'c9012265-68d7-4995-8cab-bb88fdf60553'}}, {'projectId': 'b9e6631f-0c45-46f7-a971-a9e1f9f4da3c', 'tableId': '229b3cee-10ba-4ea0-860b-ee621f2c1032', 'datasetGeneration': '696fbf67-d29a-4e13-ad72-f05d04497646', 'recordKey': {'type': 'uuid', 'value': '7a9418d0-554c-4495-957a-d19dc635d75b'}}], 'conflicts': []}}
E                 {'type': 'missing', 'loc': ('response', 'result', 'DataRecordView', 'updatedAt'), 'msg': 'Field required', 'input': {'phase': 'completed', 'error': None, 'complete': True, 'instance': None, 'source': {'projectId': 'b9e6631f-0c45-46f7-a971-a9e1f9f4da3c', 'environmentId': '0616b10e-7fe6-566b-ac3c-c46efe254609', 'contentGeneration': 1, 'metadataRevision': 1}, 'saved': {'projectId': 'b9e6631f-0c45-46f7-a971-a9e1f9f4da3c', 'environmentId': '0616b10e-7fe6-566b-ac3c-c46efe254609', 'contentGeneration': 1, 'metadataRevision': 1}, 'targets': [{'projectId': 'b9e6631f-0c45-46f7-a971-a9e1f9f4da3c', 'tableId': '8d1c8407-43a4-42f1-a47b-8db761623964', 'datasetGeneration': 'baf15ef1-35fa-4fee-b7f8-cc245971a73b', 'recordKey': {'type': 'uuid', 'value': 'c9012265-68d7-4995-8cab-bb88fdf60553'}}, {'projectId': 'b9e6631f-0c45-46f7-a971-a9e1f9f4da3c', 'tableId': '229b3cee-10ba-4ea0-860b-ee621f2c1032', 'datasetGeneration': '696fbf67-d29a-4e13-ad72-f05d04497646', 'recordKey': {'type': 'uuid', 'value': '7a9418d0-554c-4495-957a-d19dc635d75b'}}], 'conflicts': []}}
E                 {'type': 'extra_forbidden', 'loc': ('response', 'result', 'DataRecordView', 'phase'), 'msg': 'Extra inputs are not permitted', 'input': 'completed'}
E                 {'type': 'extra_forbidden', 'loc': ('response', 'result', 'DataRecordView', 'error'), 'msg': 'Extra inputs are not permitted', 'input': None}
E                 {'type': 'extra_forbidden', 'loc': ('response', 'result', 'DataRecordView', 'complete'), 'msg': 'Extra inputs are not permitted', 'input': True}
E                 {'type': 'extra_forbidden', 'loc': ('response', 'result', 'DataRecordView', 'instance'), 'msg': 'Extra inputs are not permitted', 'input': None}
E                 {'type': 'extra_forbidden', 'loc': ('response', 'result', 'DataRecordView', 'source'), 'msg': 'Extra inputs are not permitted', 'input': {'projectId': 'b9e6631f-0c45-46f7-a971-a9e1f9f4da3c', 'environmentId': '0616b10e-7fe6-566b-ac3c-c46efe254609', 'contentGeneration': 1, 'metadataRevision': 1}}
E                 {'type': 'extra_forbidden', 'loc': ('response', 'result', 'DataRecordView', 'saved'), 'msg': 'Extra inputs are not permitted', 'input': {'projectId': 'b9e6631f-0c45-46f7-a971-a9e1f9f4da3c', 'environmentId': '0616b10e-7fe6-566b-ac3c-c46efe254609', 'contentGeneration': 1, 'metadataRevision': 1}}
E                 {'type': 'extra_forbidden', 'loc': ('response', 'result', 'DataRecordView', 'targets'), 'msg': 'Extra inputs are not permitted', 'input': [{'projectId': 'b9e6631f-0c45-46f7-a971-a9e1f9f4da3c', 'tableId': '8d1c8407-43a4-42f1-a47b-8db761623964', 'datasetGeneration': 'baf15ef1-35fa-4fee-b7f8-cc245971a73b', 'recordKey': {'type': 'uuid', 'value': 'c9012265-68d7-4995-8cab-bb88fdf60553'}}, {'projectId': 'b9e6631f-0c45-46f7-a971-a9e1f9f4da3c', 'tableId': '229b3cee-10ba-4ea0-860b-ee621f2c1032', 'datasetGeneration': '696fbf67-d29a-4e13-ad72-f05d04497646', 'recordKey': {'type': 'uuid', 'value': '7a9418d0-554c-4495-957a-d19dc635d75b'}}]}
E                 {'type': 'extra_forbidden', 'loc': ('response', 'result', 'DataRecordView', 'conflicts'), 'msg': 'Extra inputs are not permitted', 'input': []}
E                 {'type': 'missing', 'loc': ('response', 'result', 'DataRecordBatchResult', 'records'), 'msg': 'Field required', 'input': {'phase': 'completed', 'error': None, 'complete': True, 'instance': None, 'source': {'projectId': 'b9e6631f-0c45-46f7-a971-a9e1f9f4da3c', 'environmentId': '0616b10e-7fe6-566b-ac3c-c46efe254609', 'contentGeneration': 1, 'metadataRevision': 1}, 'saved': {'projectId': 'b9e6631f-0c45-46f7-a971-a9e1f9f4da3c', 'environmentId': '0616b10e-7fe6-566b-ac3c-c46efe254609', 'contentGeneration': 1, 'metadataRevision': 1}, 'targets': [{'projectId': 'b9e6631f-0c45-46f7-a971-a9e1f9f4da3c', 'tableId': '8d1c8407-43a4-42f1-a47b-8db761623964', 'datasetGeneration': 'baf15ef1-35fa-4fee-b7f8-cc245971a73b', 'recordKey': {'type': 'uuid', 'value': 'c9012265-68d7-4995-8cab-bb88fdf60553'}}, {'projectId': 'b9e6631f-0c45-46f7-a971-a9e1f9f4da3c', 'tableId': '229b3cee-10ba-4ea0-860b-ee621f2c1032', 'datasetGeneration': '696fbf67-d29a-4e13-ad72-f05d04497646', 'recordKey': {'type': 'uuid', 'value': '7a9418d0-554c-4495-957a-d19dc635d75b'}}], 'conflicts': []}}
E                 {'type': 'extra_forbidden', 'loc': ('response', 'result', 'DataRecordBatchResult', 'phase'), 'msg': 'Extra inputs are not permitted', 'input': 'completed'}
E                 {'type': 'extra_forbidden', 'loc': ('response', 'result', 'DataRecordBatchResult', 'error'), 'msg': 'Extra inputs are not permitted', 'input': None}
E                 {'type': 'extra_forbidden', 'loc': ('response', 'result', 'DataRecordBatchResult', 'complete'), 'msg': 'Extra inputs are not permitted', 'input': True}
E                 {'type': 'extra_forbidden', 'loc': ('response', 'result', 'DataRecordBatchResult', 'instance'), 'msg': 'Extra inputs are not permitted', 'input': None}
E                 {'type': 'extra_forbidden', 'loc': ('response', 'result', 'DataRecordBatchResult', 'source'), 'msg': 'Extra inputs are not permitted', 'input': {'projectId': 'b9e6631f-0c45-46f7-a971-a9e1f9f4da3c', 'environmentId': '0616b10e-7fe6-566b-ac3c-c46efe254609', 'contentGeneration': 1, 'metadataRevision': 1}}
E                 {'type': 'extra_forbidden', 'loc': ('response', 'result', 'DataRecordBatchResult', 'saved'), 'msg': 'Extra inputs are not permitted', 'input': {'projectId': 'b9e6631f-0c45-46f7-a971-a9e1f9f4da3c', 'environmentId': '0616b10e-7fe6-566b-ac3c-c46efe254609', 'contentGeneration': 1, 'metadataRevision': 1}}
E                 {'type': 'extra_forbidden', 'loc': ('response', 'result', 'DataRecordBatchResult', 'targets'), 'msg': 'Extra inputs are not permitted', 'input': [{'projectId': 'b9e6631f-0c45-46f7-a971-a9e1f9f4da3c', 'tableId': '8d1c8407-43a4-42f1-a47b-8db761623964', 'datasetGeneration': 'baf15ef1-35fa-4fee-b7f8-cc245971a73b', 'recordKey': {'type': 'uuid', 'value': 'c9012265-68d7-4995-8cab-bb88fdf60553'}}, {'projectId': 'b9e6631f-0c45-46f7-a971-a9e1f9f4da3c', 'tableId': '229b3cee-10ba-4ea0-860b-ee621f2c1032', 'datasetGeneration': '696fbf67-d29a-4e13-ad72-f05d04497646', 'recordKey': {'type': 'uuid', 'value': '7a9418d0-554c-4495-957a-d19dc635d75b'}}]}
E                 {'type': 'extra_forbidden', 'loc': ('response', 'result', 'DataRecordBatchResult', 'conflicts'), 'msg': 'Extra inputs are not permitted', 'input': []}
E                 {'type': 'missing', 'loc': ('response', 'result', 'RecordDeleteResult', 'target'), 'msg': 'Field required', 'input': {'phase': 'completed', 'error': None, 'complete': True, 'instance': None, 'source': {'projectId': 'b9e6631f-0c45-46f7-a971-a9e1f9f4da3c', 'environmentId': '0616b10e-7fe6-566b-ac3c-c46efe254609', 'contentGeneration': 1, 'metadataRevision': 1}, 'saved': {'projectId': 'b9e6631f-0c45-46f7-a971-a9e1f9f4da3c', 'environmentId': '0616b10e-7fe6-566b-ac3c-c46efe254609', 'contentGeneration': 1, 'metadataRevision': 1}, 'targets': [{'projectId': 'b9e6631f-0c45-46f7-a971-a9e1f9f4da3c', 'tableId': '8d1c8407-43a4-42f1-a47b-8db761623964', 'datasetGeneration': 'baf15ef1-35fa-4fee-b7f8-cc245971a73b', 'recordKey': {'type': 'uuid', 'value': 'c9012265-68d7-4995-8cab-bb88fdf60553'}}, {'projectId': 'b9e6631f-0c45-46f7-a971-a9e1f9f4da3c', 'tableId': '229b3cee-10ba-4ea0-860b-ee621f2c1032', 'datasetGeneration': '696fbf67-d29a-4e13-ad72-f05d04497646', 'recordKey': {'type': 'uuid', 'value': '7a9418d0-554c-4495-957a-d19dc635d75b'}}], 'conflicts': []}}
E                 {'type': 'missing', 'loc': ('response', 'result', 'RecordDeleteResult', 'deleted'), 'msg': 'Field required', 'input': {'phase': 'completed', 'error': None, 'complete': True, 'instance': None, 'source': {'projectId': 'b9e6631f-0c45-46f7-a971-a9e1f9f4da3c', 'environmentId': '0616b10e-7fe6-566b-ac3c-c46efe254609', 'contentGeneration': 1, 'metadataRevision': 1}, 'saved': {'projectId': 'b9e6631f-0c45-46f7-a971-a9e1f9f4da3c', 'environmentId': '0616b10e-7fe6-566b-ac3c-c46efe254609', 'contentGeneration': 1, 'metadataRevision': 1}, 'targets': [{'projectId': 'b9e6631f-0c45-46f7-a971-a9e1f9f4da3c', 'tableId': '8d1c8407-43a4-42f1-a47b-8db761623964', 'datasetGeneration': 'baf15ef1-35fa-4fee-b7f8-cc245971a73b', 'recordKey': {'type': 'uuid', 'value': 'c9012265-68d7-4995-8cab-bb88fdf60553'}}, {'projectId': 'b9e6631f-0c45-46f7-a971-a9e1f9f4da3c', 'tableId': '229b3cee-10ba-4ea0-860b-ee621f2c1032', 'datasetGeneration': '696fbf67-d29a-4e13-ad72-f05d04497646', 'recordKey': {'type': 'uuid', 'value': '7a9418d0-554c-4495-957a-d19dc635d75b'}}], 'conflicts': []}}
E                 {'type': 'extra_forbidden', 'loc': ('response', 'result', 'RecordDeleteResult', 'phase'), 'msg': 'Extra inputs are not permitted', 'input': 'completed'}
E                 {'type': 'extra_forbidden', 'loc': ('response', 'result', 'RecordDeleteResult', 'error'), 'msg': 'Extra inputs are not permitted', 'input': None}
E                 {'type': 'extra_forbidden', 'loc': ('response', 'result', 'RecordDeleteResult', 'complete'), 'msg': 'Extra inputs are not permitted', 'input': True}
E                 {'type': 'extra_forbidden', 'loc': ('response', 'result', 'RecordDeleteResult', 'instance'), 'msg': 'Extra inputs are not permitted', 'input': None}
E                 {'type': 'extra_forbidden', 'loc': ('response', 'result', 'RecordDeleteResult', 'source'), 'msg': 'Extra inputs are not permitted', 'input': {'projectId': 'b9e6631f-0c45-46f7-a971-a9e1f9f4da3c', 'environmentId': '0616b10e-7fe6-566b-ac3c-c46efe254609', 'contentGeneration': 1, 'metadataRevision': 1}}
E                 {'type': 'extra_forbidden', 'loc': ('response', 'result', 'RecordDeleteResult', 'saved'), 'msg': 'Extra inputs are not permitted', 'input': {'projectId': 'b9e6631f-0c45-46f7-a971-a9e1f9f4da3c', 'environmentId': '0616b10e-7fe6-566b-ac3c-c46efe254609', 'contentGeneration': 1, 'metadataRevision': 1}}
E                 {'type': 'extra_forbidden', 'loc': ('response', 'result', 'RecordDeleteResult', 'targets'), 'msg': 'Extra inputs are not permitted', 'input': [{'projectId': 'b9e6631f-0c45-46f7-a971-a9e1f9f4da3c', 'tableId': '8d1c8407-43a4-42f1-a47b-8db761623964', 'datasetGeneration': 'baf15ef1-35fa-4fee-b7f8-cc245971a73b', 'recordKey': {'type': 'uuid', 'value': 'c9012265-68d7-4995-8cab-bb88fdf60553'}}, {'projectId': 'b9e6631f-0c45-46f7-a971-a9e1f9f4da3c', 'tableId': '229b3cee-10ba-4ea0-860b-ee621f2c1032', 'datasetGeneration': '696fbf67-d29a-4e13-ad72-f05d04497646', 'recordKey': {'type': 'uuid', 'value': '7a9418d0-554c-4495-957a-d19dc635d75b'}}]}
E                 {'type': 'extra_forbidden', 'loc': ('response', 'result', 'RecordDeleteResult', 'conflicts'), 'msg': 'Extra inputs are not permitted', 'input': []}
E                 {'type': 'missing', 'loc': ('response', 'result', 'RecordStatusBatchOutcome', 'outcome'), 'msg': 'Field required', 'input': {'phase': 'completed', 'error': None, 'complete': True, 'instance': None, 'source': {'projectId': 'b9e6631f-0c45-46f7-a971-a9e1f9f4da3c', 'environmentId': '0616b10e-7fe6-566b-ac3c-c46efe254609', 'contentGeneration': 1, 'metadataRevision': 1}, 'saved': {'projectId': 'b9e6631f-0c45-46f7-a971-a9e1f9f4da3c', 'environmentId': '0616b10e-7fe6-566b-ac3c-c46efe254609', 'contentGeneration': 1, 'metadataRevision': 1}, 'targets': [{'projectId': 'b9e6631f-0c45-46f7-a971-a9e1f9f4da3c', 'tableId': '8d1c8407-43a4-42f1-a47b-8db761623964', 'datasetGeneration': 'baf15ef1-35fa-4fee-b7f8-cc245971a73b', 'recordKey': {'type': 'uuid', 'value': 'c9012265-68d7-4995-8cab-bb88fdf60553'}}, {'projectId': 'b9e6631f-0c45-46f7-a971-a9e1f9f4da3c', 'tableId': '229b3cee-10ba-4ea0-860b-ee621f2c1032', 'datasetGeneration': '696fbf67-d29a-4e13-ad72-f05d04497646', 'recordKey': {'type': 'uuid', 'value': '7a9418d0-554c-4495-957a-d19dc635d75b'}}], 'conflicts': []}}
E                 {'type': 'missing', 'loc': ('response', 'result', 'RecordStatusBatchOutcome', 'request'), 'msg': 'Field required', 'input': {'phase': 'completed', 'error': None, 'complete': True, 'instance': None, 'source': {'projectId': 'b9e6631f-0c45-46f7-a971-a9e1f9f4da3c', 'environmentId': '0616b10e-7fe6-566b-ac3c-c46efe254609', 'contentGeneration': 1, 'metadataRevision': 1}, 'saved': {'projectId': 'b9e6631f-0c45-46f7-a971-a9e1f9f4da3c', 'environmentId': '0616b10e-7fe6-566b-ac3c-c46efe254609', 'contentGeneration': 1, 'metadataRevision': 1}, 'targets': [{'projectId': 'b9e6631f-0c45-46f7-a971-a9e1f9f4da3c', 'tableId': '8d1c8407-43a4-42f1-a47b-8db761623964', 'datasetGeneration': 'baf15ef1-35fa-4fee-b7f8-cc245971a73b', 'recordKey': {'type': 'uuid', 'value': 'c9012265-68d7-4995-8cab-bb88fdf60553'}}, {'projectId': 'b9e6631f-0c45-46f7-a971-a9e1f9f4da3c', 'tableId': '229b3cee-10ba-4ea0-860b-ee621f2c1032', 'datasetGeneration': '696fbf67-d29a-4e13-ad72-f05d04497646', 'recordKey': {'type': 'uuid', 'value': '7a9418d0-554c-4495-957a-d19dc635d75b'}}], 'conflicts': []}}
E                 {'type': 'missing', 'loc': ('response', 'result', 'RecordStatusBatchOutcome', 'blocks'), 'msg': 'Field required', 'input': {'phase': 'completed', 'error': None, 'complete': True, 'instance': None, 'source': {'projectId': 'b9e6631f-0c45-46f7-a971-a9e1f9f4da3c', 'environmentId': '0616b10e-7fe6-566b-ac3c-c46efe254609', 'contentGeneration': 1, 'metadataRevision': 1}, 'saved': {'projectId': 'b9e6631f-0c45-46f7-a971-a9e1f9f4da3c', 'environmentId': '0616b10e-7fe6-566b-ac3c-c46efe254609', 'contentGeneration': 1, 'metadataRevision': 1}, 'targets': [{'projectId': 'b9e6631f-0c45-46f7-a971-a9e1f9f4da3c', 'tableId': '8d1c8407-43a4-42f1-a47b-8db761623964', 'datasetGeneration': 'baf15ef1-35fa-4fee-b7f8-cc245971a73b', 'recordKey': {'type': 'uuid', 'value': 'c9012265-68d7-4995-8cab-bb88fdf60553'}}, {'projectId': 'b9e6631f-0c45-46f7-a971-a9e1f9f4da3c', 'tableId': '229b3cee-10ba-4ea0-860b-ee621f2c1032', 'datasetGeneration': '696fbf67-d29a-4e13-ad72-f05d04497646', 'recordKey': {'type': 'uuid', 'value': '7a9418d0-554c-4495-957a-d19dc635d75b'}}], 'conflicts': []}}
E                 {'type': 'missing', 'loc': ('response', 'result', 'RecordStatusBatchOutcome', 'changedCount'), 'msg': 'Field required', 'input': {'phase': 'completed', 'error': None, 'complete': True, 'instance': None, 'source': {'projectId': 'b9e6631f-0c45-46f7-a971-a9e1f9f4da3c', 'environmentId': '0616b10e-7fe6-566b-ac3c-c46efe254609', 'contentGeneration': 1, 'metadataRevision': 1}, 'saved': {'projectId': 'b9e6631f-0c45-46f7-a971-a9e1f9f4da3c', 'environmentId': '0616b10e-7fe6-566b-ac3c-c46efe254609', 'contentGeneration': 1, 'metadataRevision': 1}, 'targets': [{'projectId': 'b9e6631f-0c45-46f7-a971-a9e1f9f4da3c', 'tableId': '8d1c8407-43a4-42f1-a47b-8db761623964', 'datasetGeneration': 'baf15ef1-35fa-4fee-b7f8-cc245971a73b', 'recordKey': {'type': 'uuid', 'value': 'c9012265-68d7-4995-8cab-bb88fdf60553'}}, {'projectId': 'b9e6631f-0c45-46f7-a971-a9e1f9f4da3c', 'tableId': '229b3cee-10ba-4ea0-860b-ee621f2c1032', 'datasetGeneration': '696fbf67-d29a-4e13-ad72-f05d04497646', 'recordKey': {'type': 'uuid', 'value': '7a9418d0-554c-4495-957a-d19dc635d75b'}}], 'conflicts': []}}
E                 {'type': 'missing', 'loc': ('response', 'result', 'RecordStatusBatchOutcome', 'conflictCount'), 'msg': 'Field required', 'input': {'phase': 'completed', 'error': None, 'complete': True, 'instance': None, 'source': {'projectId': 'b9e6631f-0c45-46f7-a971-a9e1f9f4da3c', 'environmentId': '0616b10e-7fe6-566b-ac3c-c46efe254609', 'contentGeneration': 1, 'metadataRevision': 1}, 'saved': {'projectId': 'b9e6631f-0c45-46f7-a971-a9e1f9f4da3c', 'environmentId': '0616b10e-7fe6-566b-ac3c-c46efe254609', 'contentGeneration': 1, 'metadataRevision': 1}, 'targets': [{'projectId': 'b9e6631f-0c45-46f7-a971-a9e1f9f4da3c', 'tableId': '8d1c8407-43a4-42f1-a47b-8db761623964', 'datasetGeneration': 'baf15ef1-35fa-4fee-b7f8-cc245971a73b', 'recordKey': {'type': 'uuid', 'value': 'c9012265-68d7-4995-8cab-bb88fdf60553'}}, {'projectId': 'b9e6631f-0c45-46f7-a971-a9e1f9f4da3c', 'tableId': '229b3cee-10ba-4ea0-860b-ee621f2c1032', 'datasetGeneration': '696fbf67-d29a-4e13-ad72-f05d04497646', 'recordKey': {'type': 'uuid', 'value': '7a9418d0-554c-4495-957a-d19dc635d75b'}}], 'conflicts': []}}
E                 {'type': 'missing', 'loc': ('response', 'result', 'RecordStatusBatchOutcome', 'notStartedCount'), 'msg': 'Field required', 'input': {'phase': 'completed', 'error': None, 'complete': True, 'instance': None, 'source': {'projectId': 'b9e6631f-0c45-46f7-a971-a9e1f9f4da3c', 'environmentId': '0616b10e-7fe6-566b-ac3c-c46efe254609', 'contentGeneration': 1, 'metadataRevision': 1}, 'saved': {'projectId': 'b9e6631f-0c45-46f7-a971-a9e1f9f4da3c', 'environmentId': '0616b10e-7fe6-566b-ac3c-c46efe254609', 'contentGeneration': 1, 'metadataRevision': 1}, 'targets': [{'projectId': 'b9e6631f-0c45-46f7-a971-a9e1f9f4da3c', 'tableId': '8d1c8407-43a4-42f1-a47b-8db761623964', 'datasetGeneration': 'baf15ef1-35fa-4fee-b7f8-cc245971a73b', 'recordKey': {'type': 'uuid', 'value': 'c9012265-68d7-4995-8cab-bb88fdf60553'}}, {'projectId': 'b9e6631f-0c45-46f7-a971-a9e1f9f4da3c', 'tableId': '229b3cee-10ba-4ea0-860b-ee621f2c1032', 'datasetGeneration': '696fbf67-d29a-4e13-ad72-f05d04497646', 'recordKey': {'type': 'uuid', 'value': '7a9418d0-554c-4495-957a-d19dc635d75b'}}], 'conflicts': []}}
E                 {'type': 'missing', 'loc': ('response', 'result', 'RecordStatusBatchOutcome', 'cancelled'), 'msg': 'Field required', 'input': {'phase': 'completed', 'error': None, 'complete': True, 'instance': None, 'source': {'projectId': 'b9e6631f-0c45-46f7-a971-a9e1f9f4da3c', 'environmentId': '0616b10e-7fe6-566b-ac3c-c46efe254609', 'contentGeneration': 1, 'metadataRevision': 1}, 'saved': {'projectId': 'b9e6631f-0c45-46f7-a971-a9e1f9f4da3c', 'environmentId': '0616b10e-7fe6-566b-ac3c-c46efe254609', 'contentGeneration': 1, 'metadataRevision': 1}, 'targets': [{'projectId': 'b9e6631f-0c45-46f7-a971-a9e1f9f4da3c', 'tableId': '8d1c8407-43a4-42f1-a47b-8db761623964', 'datasetGeneration': 'baf15ef1-35fa-4fee-b7f8-cc245971a73b', 'recordKey': {'type': 'uuid', 'value': 'c9012265-68d7-4995-8cab-bb88fdf60553'}}, {'projectId': 'b9e6631f-0c45-46f7-a971-a9e1f9f4da3c', 'tableId': '229b3cee-10ba-4ea0-860b-ee621f2c1032', 'datasetGeneration': '696fbf67-d29a-4e13-ad72-f05d04497646', 'recordKey': {'type': 'uuid', 'value': '7a9418d0-554c-4495-957a-d19dc635d75b'}}], 'conflicts': []}}
E                 {'type': 'extra_forbidden', 'loc': ('response', 'result', 'RecordStatusBatchOutcome', 'phase'), 'msg': 'Extra inputs are not permitted', 'input': 'completed'}
E                 {'type': 'extra_forbidden', 'loc': ('response', 'result', 'RecordStatusBatchOutcome', 'error'), 'msg': 'Extra inputs are not permitted', 'input': None}
E                 {'type': 'extra_forbidden', 'loc': ('response', 'result', 'RecordStatusBatchOutcome', 'complete'), 'msg': 'Extra inputs are not permitted', 'input': True}
E                 {'type': 'extra_forbidden', 'loc': ('response', 'result', 'RecordStatusBatchOutcome', 'instance'), 'msg': 'Extra inputs are not permitted', 'input': None}
E                 {'type': 'extra_forbidden', 'loc': ('response', 'result', 'RecordStatusBatchOutcome', 'source'), 'msg': 'Extra inputs are not permitted', 'input': {'projectId': 'b9e6631f-0c45-46f7-a971-a9e1f9f4da3c', 'environmentId': '0616b10e-7fe6-566b-ac3c-c46efe254609', 'contentGeneration': 1, 'metadataRevision': 1}}
E                 {'type': 'extra_forbidden', 'loc': ('response', 'result', 'RecordStatusBatchOutcome', 'saved'), 'msg': 'Extra inputs are not permitted', 'input': {'projectId': 'b9e6631f-0c45-46f7-a971-a9e1f9f4da3c', 'environmentId': '0616b10e-7fe6-566b-ac3c-c46efe254609', 'contentGeneration': 1, 'metadataRevision': 1}}
E                 {'type': 'extra_forbidden', 'loc': ('response', 'result', 'RecordStatusBatchOutcome', 'targets'), 'msg': 'Extra inputs are not permitted', 'input': [{'projectId': 'b9e6631f-0c45-46f7-a971-a9e1f9f4da3c', 'tableId': '8d1c8407-43a4-42f1-a47b-8db761623964', 'datasetGeneration': 'baf15ef1-35fa-4fee-b7f8-cc245971a73b', 'recordKey': {'type': 'uuid', 'value': 'c9012265-68d7-4995-8cab-bb88fdf60553'}}, {'projectId': 'b9e6631f-0c45-46f7-a971-a9e1f9f4da3c', 'tableId': '229b3cee-10ba-4ea0-860b-ee621f2c1032', 'datasetGeneration': '696fbf67-d29a-4e13-ad72-f05d04497646', 'recordKey': {'type': 'uuid', 'value': '7a9418d0-554c-4495-957a-d19dc635d75b'}}]}
E                 {'type': 'extra_forbidden', 'loc': ('response', 'result', 'RecordStatusBatchOutcome', 'conflicts'), 'msg': 'Extra inputs are not permitted', 'input': []}
E                 {'type': 'missing', 'loc': ('response', 'result', 'ExcelInspectionView', 'inspectionId'), 'msg': 'Field required', 'input': {'phase': 'completed', 'error': None, 'complete': True, 'instance': None, 'source': {'projectId': 'b9e6631f-0c45-46f7-a971-a9e1f9f4da3c', 'environmentId': '0616b10e-7fe6-566b-ac3c-c46efe254609', 'contentGeneration': 1, 'metadataRevision': 1}, 'saved': {'projectId': 'b9e6631f-0c45-46f7-a971-a9e1f9f4da3c', 'environmentId': '0616b10e-7fe6-566b-ac3c-c46efe254609', 'contentGeneration': 1, 'metadataRevision': 1}, 'targets': [{'projectId': 'b9e6631f-0c45-46f7-a971-a9e1f9f4da3c', 'tableId': '8d1c8407-43a4-42f1-a47b-8db761623964', 'datasetGeneration': 'baf15ef1-35fa-4fee-b7f8-cc245971a73b', 'recordKey': {'type': 'uuid', 'value': 'c9012265-68d7-4995-8cab-bb88fdf60553'}}, {'projectId': 'b9e6631f-0c45-46f7-a971-a9e1f9f4da3c', 'tableId': '229b3cee-10ba-4ea0-860b-ee621f2c1032', 'datasetGeneration': '696fbf67-d29a-4e13-ad72-f05d04497646', 'recordKey': {'type': 'uuid', 'value': '7a9418d0-554c-4495-957a-d19dc635d75b'}}], 'conflicts': []}}
E                 {'type': 'missing', 'loc': ('response', 'result', 'ExcelInspectionView', 'fingerprint'), 'msg': 'Field required', 'input': {'phase': 'completed', 'error': None, 'complete': True, 'instance': None, 'source': {'projectId': 'b9e6631f-0c45-46f7-a971-a9e1f9f4da3c', 'environmentId': '0616b10e-7fe6-566b-ac3c-c46efe254609', 'contentGeneration': 1, 'metadataRevision': 1}, 'saved': {'projectId': 'b9e6631f-0c45-46f7-a971-a9e1f9f4da3c', 'environmentId': '0616b10e-7fe6-566b-ac3c-c46efe254609', 'contentGeneration': 1, 'metadataRevision': 1}, 'targets': [{'projectId': 'b9e6631f-0c45-46f7-a971-a9e1f9f4da3c', 'tableId': '8d1c8407-43a4-42f1-a47b-8db761623964', 'datasetGeneration': 'baf15ef1-35fa-4fee-b7f8-cc245971a73b', 'recordKey': {'type': 'uuid', 'value': 'c9012265-68d7-4995-8cab-bb88fdf60553'}}, {'projectId': 'b9e6631f-0c45-46f7-a971-a9e1f9f4da3c', 'tableId': '229b3cee-10ba-4ea0-860b-ee621f2c1032', 'datasetGeneration': '696fbf67-d29a-4e13-ad72-f05d04497646', 'recordKey': {'type': 'uuid', 'value': '7a9418d0-554c-4495-957a-d19dc635d75b'}}], 'conflicts': []}}
E                 {'type': 'missing', 'loc': ('response', 'result', 'ExcelInspectionView', 'filename'), 'msg': 'Field required', 'input': {'phase': 'completed', 'error': None, 'complete': True, 'instance': None, 'source': {'projectId': 'b9e6631f-0c45-46f7-a971-a9e1f9f4da3c', 'environmentId': '0616b10e-7fe6-566b-ac3c-c46efe254609', 'contentGeneration': 1, 'metadataRevision': 1}, 'saved': {'projectId': 'b9e6631f-0c45-46f7-a971-a9e1f9f4da3c', 'environmentId': '0616b10e-7fe6-566b-ac3c-c46efe254609', 'contentGeneration': 1, 'metadataRevision': 1}, 'targets': [{'projectId': 'b9e6631f-0c45-46f7-a971-a9e1f9f4da3c', 'tableId': '8d1c8407-43a4-42f1-a47b-8db761623964', 'datasetGeneration': 'baf15ef1-35fa-4fee-b7f8-cc245971a73b', 'recordKey': {'type': 'uuid', 'value': 'c9012265-68d7-4995-8cab-bb88fdf60553'}}, {'projectId': 'b9e6631f-0c45-46f7-a971-a9e1f9f4da3c', 'tableId': '229b3cee-10ba-4ea0-860b-ee621f2c1032', 'datasetGeneration': '696fbf67-d29a-4e13-ad72-f05d04497646', 'recordKey': {'type': 'uuid', 'value': '7a9418d0-554c-4495-957a-d19dc635d75b'}}], 'conflicts': []}}
E                 {'type': 'missing', 'loc': ('response', 'result', 'ExcelInspectionView', 'expiresAt'), 'msg': 'Field required', 'input': {'phase': 'completed', 'error': None, 'complete': True, 'instance': None, 'source': {'projectId': 'b9e6631f-0c45-46f7-a971-a9e1f9f4da3c', 'environmentId': '0616b10e-7fe6-566b-ac3c-c46efe254609', 'contentGeneration': 1, 'metadataRevision': 1}, 'saved': {'projectId': 'b9e6631f-0c45-46f7-a971-a9e1f9f4da3c', 'environmentId': '0616b10e-7fe6-566b-ac3c-c46efe254609', 'contentGeneration': 1, 'metadataRevision': 1}, 'targets': [{'projectId': 'b9e6631f-0c45-46f7-a971-a9e1f9f4da3c', 'tableId': '8d1c8407-43a4-42f1-a47b-8db761623964', 'datasetGeneration': 'baf15ef1-35fa-4fee-b7f8-cc245971a73b', 'recordKey': {'type': 'uuid', 'value': 'c9012265-68d7-4995-8cab-bb88fdf60553'}}, {'projectId': 'b9e6631f-0c45-46f7-a971-a9e1f9f4da3c', 'tableId': '229b3cee-10ba-4ea0-860b-ee621f2c1032', 'datasetGeneration': '696fbf67-d29a-4e13-ad72-f05d04497646', 'recordKey': {'type': 'uuid', 'value': '7a9418d0-554c-4495-957a-d19dc635d75b'}}], 'conflicts': []}}
E                 {'type': 'missing', 'loc': ('response', 'result', 'ExcelInspectionView', 'sheets'), 'msg': 'Field required', 'input': {'phase': 'completed', 'error': None, 'complete': True, 'instance': None, 'source': {'projectId': 'b9e6631f-0c45-46f7-a971-a9e1f9f4da3c', 'environmentId': '0616b10e-7fe6-566b-ac3c-c46efe254609', 'contentGeneration': 1, 'metadataRevision': 1}, 'saved': {'projectId': 'b9e6631f-0c45-46f7-a971-a9e1f9f4da3c', 'environmentId': '0616b10e-7fe6-566b-ac3c-c46efe254609', 'contentGeneration': 1, 'metadataRevision': 1}, 'targets': [{'projectId': 'b9e6631f-0c45-46f7-a971-a9e1f9f4da3c', 'tableId': '8d1c8407-43a4-42f1-a47b-8db761623964', 'datasetGeneration': 'baf15ef1-35fa-4fee-b7f8-cc245971a73b', 'recordKey': {'type': 'uuid', 'value': 'c9012265-68d7-4995-8cab-bb88fdf60553'}}, {'projectId': 'b9e6631f-0c45-46f7-a971-a9e1f9f4da3c', 'tableId': '229b3cee-10ba-4ea0-860b-ee621f2c1032', 'datasetGeneration': '696fbf67-d29a-4e13-ad72-f05d04497646', 'recordKey': {'type': 'uuid', 'value': '7a9418d0-554c-4495-957a-d19dc635d75b'}}], 'conflicts': []}}
E                 {'type': 'missing', 'loc': ('response', 'result', 'ExcelInspectionView', 'issues'), 'msg': 'Field required', 'input': {'phase': 'completed', 'error': None, 'complete': True, 'instance': None, 'source': {'projectId': 'b9e6631f-0c45-46f7-a971-a9e1f9f4da3c', 'environmentId': '0616b10e-7fe6-566b-ac3c-c46efe254609', 'contentGeneration': 1, 'metadataRevision': 1}, 'saved': {'projectId': 'b9e6631f-0c45-46f7-a971-a9e1f9f4da3c', 'environmentId': '0616b10e-7fe6-566b-ac3c-c46efe254609', 'contentGeneration': 1, 'metadataRevision': 1}, 'targets': [{'projectId': 'b9e6631f-0c45-46f7-a971-a9e1f9f4da3c', 'tableId': '8d1c8407-43a4-42f1-a47b-8db761623964', 'datasetGeneration': 'baf15ef1-35fa-4fee-b7f8-cc245971a73b', 'recordKey': {'type': 'uuid', 'value': 'c9012265-68d7-4995-8cab-bb88fdf60553'}}, {'projectId': 'b9e6631f-0c45-46f7-a971-a9e1f9f4da3c', 'tableId': '229b3cee-10ba-4ea0-860b-ee621f2c1032', 'datasetGeneration': '696fbf67-d29a-4e13-ad72-f05d04497646', 'recordKey': {'type': 'uuid', 'value': '7a9418d0-554c-4495-957a-d19dc635d75b'}}], 'conflicts': []}}
E                 {'type': 'extra_forbidden', 'loc': ('response', 'result', 'ExcelInspectionView', 'phase'), 'msg': 'Extra inputs are not permitted', 'input': 'completed'}
E                 {'type': 'extra_forbidden', 'loc': ('response', 'result', 'ExcelInspectionView', 'error'), 'msg': 'Extra inputs are not permitted', 'input': None}
E                 {'type': 'extra_forbidden', 'loc': ('response', 'result', 'ExcelInspectionView', 'complete'), 'msg': 'Extra inputs are not permitted', 'input': True}
E                 {'type': 'extra_forbidden', 'loc': ('response', 'result', 'ExcelInspectionView', 'instance'), 'msg': 'Extra inputs are not permitted', 'input': None}
E                 {'type': 'extra_forbidden', 'loc': ('response', 'result', 'ExcelInspectionView', 'source'), 'msg': 'Extra inputs are not permitted', 'input': {'projectId': 'b9e6631f-0c45-46f7-a971-a9e1f9f4da3c', 'environmentId': '0616b10e-7fe6-566b-ac3c-c46efe254609', 'contentGeneration': 1, 'metadataRevision': 1}}
E                 {'type': 'extra_forbidden', 'loc': ('response', 'result', 'ExcelInspectionView', 'saved'), 'msg': 'Extra inputs are not permitted', 'input': {'projectId': 'b9e6631f-0c45-46f7-a971-a9e1f9f4da3c', 'environmentId': '0616b10e-7fe6-566b-ac3c-c46efe254609', 'contentGeneration': 1, 'metadataRevision': 1}}
E                 {'type': 'extra_forbidden', 'loc': ('response', 'result', 'ExcelInspectionView', 'targets'), 'msg': 'Extra inputs are not permitted', 'input': [{'projectId': 'b9e6631f-0c45-46f7-a971-a9e1f9f4da3c', 'tableId': '8d1c8407-43a4-42f1-a47b-8db761623964', 'datasetGeneration': 'baf15ef1-35fa-4fee-b7f8-cc245971a73b', 'recordKey': {'type': 'uuid', 'value': 'c9012265-68d7-4995-8cab-bb88fdf60553'}}, {'projectId': 'b9e6631f-0c45-46f7-a971-a9e1f9f4da3c', 'tableId': '229b3cee-10ba-4ea0-860b-ee621f2c1032', 'datasetGeneration': '696fbf67-d29a-4e13-ad72-f05d04497646', 'recordKey': {'type': 'uuid', 'value': '7a9418d0-554c-4495-957a-d19dc635d75b'}}]}
E                 {'type': 'extra_forbidden', 'loc': ('response', 'result', 'ExcelInspectionView', 'conflicts'), 'msg': 'Extra inputs are not permitted', 'input': []}
E                 {'type': 'missing', 'loc': ('response', 'result', 'ExcelImportResult', 'table'), 'msg': 'Field required', 'input': {'phase': 'completed', 'error': None, 'complete': True, 'instance': None, 'source': {'projectId': 'b9e6631f-0c45-46f7-a971-a9e1f9f4da3c', 'environmentId': '0616b10e-7fe6-566b-ac3c-c46efe254609', 'contentGeneration': 1, 'metadataRevision': 1}, 'saved': {'projectId': 'b9e6631f-0c45-46f7-a971-a9e1f9f4da3c', 'environmentId': '0616b10e-7fe6-566b-ac3c-c46efe254609', 'contentGeneration': 1, 'metadataRevision': 1}, 'targets': [{'projectId': 'b9e6631f-0c45-46f7-a971-a9e1f9f4da3c', 'tableId': '8d1c8407-43a4-42f1-a47b-8db761623964', 'datasetGeneration': 'baf15ef1-35fa-4fee-b7f8-cc245971a73b', 'recordKey': {'type': 'uuid', 'value': 'c9012265-68d7-4995-8cab-bb88fdf60553'}}, {'projectId': 'b9e6631f-0c45-46f7-a971-a9e1f9f4da3c', 'tableId': '229b3cee-10ba-4ea0-860b-ee621f2c1032', 'datasetGeneration': '696fbf67-d29a-4e13-ad72-f05d04497646', 'recordKey': {'type': 'uuid', 'value': '7a9418d0-554c-4495-957a-d19dc635d75b'}}], 'conflicts': []}}
E                 {'type': 'missing', 'loc': ('response', 'result', 'ExcelImportResult', 'importedRecordCount'), 'msg': 'Field required', 'input': {'phase': 'completed', 'error': None, 'complete': True, 'instance': None, 'source': {'projectId': 'b9e6631f-0c45-46f7-a971-a9e1f9f4da3c', 'environmentId': '0616b10e-7fe6-566b-ac3c-c46efe254609', 'contentGeneration': 1, 'metadataRevision': 1}, 'saved': {'projectId': 'b9e6631f-0c45-46f7-a971-a9e1f9f4da3c', 'environmentId': '0616b10e-7fe6-566b-ac3c-c46efe254609', 'contentGeneration': 1, 'metadataRevision': 1}, 'targets': [{'projectId': 'b9e6631f-0c45-46f7-a971-a9e1f9f4da3c', 'tableId': '8d1c8407-43a4-42f1-a47b-8db761623964', 'datasetGeneration': 'baf15ef1-35fa-4fee-b7f8-cc245971a73b', 'recordKey': {'type': 'uuid', 'value': 'c9012265-68d7-4995-8cab-bb88fdf60553'}}, {'projectId': 'b9e6631f-0c45-46f7-a971-a9e1f9f4da3c', 'tableId': '229b3cee-10ba-4ea0-860b-ee621f2c1032', 'datasetGeneration': '696fbf67-d29a-4e13-ad72-f05d04497646', 'recordKey': {'type': 'uuid', 'value': '7a9418d0-554c-4495-957a-d19dc635d75b'}}], 'conflicts': []}}
E                 {'type': 'extra_forbidden', 'loc': ('response', 'result', 'ExcelImportResult', 'phase'), 'msg': 'Extra inputs are not permitted', 'input': 'completed'}
E                 {'type': 'extra_forbidden', 'loc': ('response', 'result', 'ExcelImportResult', 'error'), 'msg': 'Extra inputs are not permitted', 'input': None}
E                 {'type': 'extra_forbidden', 'loc': ('response', 'result', 'ExcelImportResult', 'complete'), 'msg': 'Extra inputs are not permitted', 'input': True}
E                 {'type': 'extra_forbidden', 'loc': ('response', 'result', 'ExcelImportResult', 'instance'), 'msg': 'Extra inputs are not permitted', 'input': None}
E                 {'type': 'extra_forbidden', 'loc': ('response', 'result', 'ExcelImportResult', 'source'), 'msg': 'Extra inputs are not permitted', 'input': {'projectId': 'b9e6631f-0c45-46f7-a971-a9e1f9f4da3c', 'environmentId': '0616b10e-7fe6-566b-ac3c-c46efe254609', 'contentGeneration': 1, 'metadataRevision': 1}}
E                 {'type': 'extra_forbidden', 'loc': ('response', 'result', 'ExcelImportResult', 'saved'), 'msg': 'Extra inputs are not permitted', 'input': {'projectId': 'b9e6631f-0c45-46f7-a971-a9e1f9f4da3c', 'environmentId': '0616b10e-7fe6-566b-ac3c-c46efe254609', 'contentGeneration': 1, 'metadataRevision': 1}}
E                 {'type': 'extra_forbidden', 'loc': ('response', 'result', 'ExcelImportResult', 'targets'), 'msg': 'Extra inputs are not permitted', 'input': [{'projectId': 'b9e6631f-0c45-46f7-a971-a9e1f9f4da3c', 'tableId': '8d1c8407-43a4-42f1-a47b-8db761623964', 'datasetGeneration': 'baf15ef1-35fa-4fee-b7f8-cc245971a73b', 'recordKey': {'type': 'uuid', 'value': 'c9012265-68d7-4995-8cab-bb88fdf60553'}}, {'projectId': 'b9e6631f-0c45-46f7-a971-a9e1f9f4da3c', 'tableId': '229b3cee-10ba-4ea0-860b-ee621f2c1032', 'datasetGeneration': '696fbf67-d29a-4e13-ad72-f05d04497646', 'recordKey': {'type': 'uuid', 'value': '7a9418d0-554c-4495-957a-d19dc635d75b'}}]}
E                 {'type': 'extra_forbidden', 'loc': ('response', 'result', 'ExcelImportResult', 'conflicts'), 'msg': 'Extra inputs are not permitted', 'input': []}
E                 {'type': 'missing', 'loc': ('response', 'result', 'ExcelExportResult', 'filename'), 'msg': 'Field required', 'input': {'phase': 'completed', 'error': None, 'complete': True, 'instance': None, 'source': {'projectId': 'b9e6631f-0c45-46f7-a971-a9e1f9f4da3c', 'environmentId': '0616b10e-7fe6-566b-ac3c-c46efe254609', 'contentGeneration': 1, 'metadataRevision': 1}, 'saved': {'projectId': 'b9e6631f-0c45-46f7-a971-a9e1f9f4da3c', 'environmentId': '0616b10e-7fe6-566b-ac3c-c46efe254609', 'contentGeneration': 1, 'metadataRevision': 1}, 'targets': [{'projectId': 'b9e6631f-0c45-46f7-a971-a9e1f9f4da3c', 'tableId': '8d1c8407-43a4-42f1-a47b-8db761623964', 'datasetGeneration': 'baf15ef1-35fa-4fee-b7f8-cc245971a73b', 'recordKey': {'type': 'uuid', 'value': 'c9012265-68d7-4995-8cab-bb88fdf60553'}}, {'projectId': 'b9e6631f-0c45-46f7-a971-a9e1f9f4da3c', 'tableId': '229b3cee-10ba-4ea0-860b-ee621f2c1032', 'datasetGeneration': '696fbf67-d29a-4e13-ad72-f05d04497646', 'recordKey': {'type': 'uuid', 'value': '7a9418d0-554c-4495-957a-d19dc635d75b'}}], 'conflicts': []}}
E                 {'type': 'missing', 'loc': ('response', 'result', 'ExcelExportResult', 'sha256'), 'msg': 'Field required', 'input': {'phase': 'completed', 'error': None, 'complete': True, 'instance': None, 'source': {'projectId': 'b9e6631f-0c45-46f7-a971-a9e1f9f4da3c', 'environmentId': '0616b10e-7fe6-566b-ac3c-c46efe254609', 'contentGeneration': 1, 'metadataRevision': 1}, 'saved': {'projectId': 'b9e6631f-0c45-46f7-a971-a9e1f9f4da3c', 'environmentId': '0616b10e-7fe6-566b-ac3c-c46efe254609', 'contentGeneration': 1, 'metadataRevision': 1}, 'targets': [{'projectId': 'b9e6631f-0c45-46f7-a971-a9e1f9f4da3c', 'tableId': '8d1c8407-43a4-42f1-a47b-8db761623964', 'datasetGeneration': 'baf15ef1-35fa-4fee-b7f8-cc245971a73b', 'recordKey': {'type': 'uuid', 'value': 'c9012265-68d7-4995-8cab-bb88fdf60553'}}, {'projectId': 'b9e6631f-0c45-46f7-a971-a9e1f9f4da3c', 'tableId': '229b3cee-10ba-4ea0-860b-ee621f2c1032', 'datasetGeneration': '696fbf67-d29a-4e13-ad72-f05d04497646', 'recordKey': {'type': 'uuid', 'value': '7a9418d0-554c-4495-957a-d19dc635d75b'}}], 'conflicts': []}}
E                 {'type': 'missing', 'loc': ('response', 'result', 'ExcelExportResult', 'recordCount'), 'msg': 'Field required', 'input': {'phase': 'completed', 'error': None, 'complete': True, 'instance': None, 'source': {'projectId': 'b9e6631f-0c45-46f7-a971-a9e1f9f4da3c', 'environmentId': '0616b10e-7fe6-566b-ac3c-c46efe254609', 'contentGeneration': 1, 'metadataRevision': 1}, 'saved': {'projectId': 'b9e6631f-0c45-46f7-a971-a9e1f9f4da3c', 'environmentId': '0616b10e-7fe6-566b-ac3c-c46efe254609', 'contentGeneration': 1, 'metadataRevision': 1}, 'targets': [{'projectId': 'b9e6631f-0c45-46f7-a971-a9e1f9f4da3c', 'tableId': '8d1c8407-43a4-42f1-a47b-8db761623964', 'datasetGeneration': 'baf15ef1-35fa-4fee-b7f8-cc245971a73b', 'recordKey': {'type': 'uuid', 'value': 'c9012265-68d7-4995-8cab-bb88fdf60553'}}, {'projectId': 'b9e6631f-0c45-46f7-a971-a9e1f9f4da3c', 'tableId': '229b3cee-10ba-4ea0-860b-ee621f2c1032', 'datasetGeneration': '696fbf67-d29a-4e13-ad72-f05d04497646', 'recordKey': {'type': 'uuid', 'value': '7a9418d0-554c-4495-957a-d19dc635d75b'}}], 'conflicts': []}}
E                 {'type': 'extra_forbidden', 'loc': ('response', 'result', 'ExcelExportResult', 'phase'), 'msg': 'Extra inputs are not permitted', 'input': 'completed'}
E                 {'type': 'extra_forbidden', 'loc': ('response', 'result', 'ExcelExportResult', 'error'), 'msg': 'Extra inputs are not permitted', 'input': None}
E                 {'type': 'extra_forbidden', 'loc': ('response', 'result', 'ExcelExportResult', 'complete'), 'msg': 'Extra inputs are not permitted', 'input': True}
E                 {'type': 'extra_forbidden', 'loc': ('response', 'result', 'ExcelExportResult', 'instance'), 'msg': 'Extra inputs are not permitted', 'input': None}
E                 {'type': 'extra_forbidden', 'loc': ('response', 'result', 'ExcelExportResult', 'source'), 'msg': 'Extra inputs are not permitted', 'input': {'projectId': 'b9e6631f-0c45-46f7-a971-a9e1f9f4da3c', 'environmentId': '0616b10e-7fe6-566b-ac3c-c46efe254609', 'contentGeneration': 1, 'metadataRevision': 1}}
E                 {'type': 'extra_forbidden', 'loc': ('response', 'result', 'ExcelExportResult', 'saved'), 'msg': 'Extra inputs are not permitted', 'input': {'projectId': 'b9e6631f-0c45-46f7-a971-a9e1f9f4da3c', 'environmentId': '0616b10e-7fe6-566b-ac3c-c46efe254609', 'contentGeneration': 1, 'metadataRevision': 1}}
E                 {'type': 'extra_forbidden', 'loc': ('response', 'result', 'ExcelExportResult', 'targets'), 'msg': 'Extra inputs are not permitted', 'input': [{'projectId': 'b9e6631f-0c45-46f7-a971-a9e1f9f4da3c', 'tableId': '8d1c8407-43a4-42f1-a47b-8db761623964', 'datasetGeneration': 'baf15ef1-35fa-4fee-b7f8-cc245971a73b', 'recordKey': {'type': 'uuid', 'value': 'c9012265-68d7-4995-8cab-bb88fdf60553'}}, {'projectId': 'b9e6631f-0c45-46f7-a971-a9e1f9f4da3c', 'tableId': '229b3cee-10ba-4ea0-860b-ee621f2c1032', 'datasetGeneration': '696fbf67-d29a-4e13-ad72-f05d04497646', 'recordKey': {'type': 'uuid', 'value': '7a9418d0-554c-4495-957a-d19dc635d75b'}}]}
E                 {'type': 'extra_forbidden', 'loc': ('response', 'result', 'ExcelExportResult', 'conflicts'), 'msg': 'Extra inputs are not permitted', 'input': []}
E                 {'type': 'missing', 'loc': ('response', 'result', 'ExcelReconcileResult', 'targetOperationId'), 'msg': 'Field required', 'input': {'phase': 'completed', 'error': None, 'complete': True, 'instance': None, 'source': {'projectId': 'b9e6631f-0c45-46f7-a971-a9e1f9f4da3c', 'environmentId': '0616b10e-7fe6-566b-ac3c-c46efe254609', 'contentGeneration': 1, 'metadataRevision': 1}, 'saved': {'projectId': 'b9e6631f-0c45-46f7-a971-a9e1f9f4da3c', 'environmentId': '0616b10e-7fe6-566b-ac3c-c46efe254609', 'contentGeneration': 1, 'metadataRevision': 1}, 'targets': [{'projectId': 'b9e6631f-0c45-46f7-a971-a9e1f9f4da3c', 'tableId': '8d1c8407-43a4-42f1-a47b-8db761623964', 'datasetGeneration': 'baf15ef1-35fa-4fee-b7f8-cc245971a73b', 'recordKey': {'type': 'uuid', 'value': 'c9012265-68d7-4995-8cab-bb88fdf60553'}}, {'projectId': 'b9e6631f-0c45-46f7-a971-a9e1f9f4da3c', 'tableId': '229b3cee-10ba-4ea0-860b-ee621f2c1032', 'datasetGeneration': '696fbf67-d29a-4e13-ad72-f05d04497646', 'recordKey': {'type': 'uuid', 'value': '7a9418d0-554c-4495-957a-d19dc635d75b'}}], 'conflicts': []}}
E                 {'type': 'missing', 'loc': ('response', 'result', 'ExcelReconcileResult', 'status'), 'msg': 'Field required', 'input': {'phase': 'completed', 'error': None, 'complete': True, 'instance': None, 'source': {'projectId': 'b9e6631f-0c45-46f7-a971-a9e1f9f4da3c', 'environmentId': '0616b10e-7fe6-566b-ac3c-c46efe254609', 'contentGeneration': 1, 'metadataRevision': 1}, 'saved': {'projectId': 'b9e6631f-0c45-46f7-a971-a9e1f9f4da3c', 'environmentId': '0616b10e-7fe6-566b-ac3c-c46efe254609', 'contentGeneration': 1, 'metadataRevision': 1}, 'targets': [{'projectId': 'b9e6631f-0c45-46f7-a971-a9e1f9f4da3c', 'tableId': '8d1c8407-43a4-42f1-a47b-8db761623964', 'datasetGeneration': 'baf15ef1-35fa-4fee-b7f8-cc245971a73b', 'recordKey': {'type': 'uuid', 'value': 'c9012265-68d7-4995-8cab-bb88fdf60553'}}, {'projectId': 'b9e6631f-0c45-46f7-a971-a9e1f9f4da3c', 'tableId': '229b3cee-10ba-4ea0-860b-ee621f2c1032', 'datasetGeneration': '696fbf67-d29a-4e13-ad72-f05d04497646', 'recordKey': {'type': 'uuid', 'value': '7a9418d0-554c-4495-957a-d19dc635d75b'}}], 'conflicts': []}}
E                 {'type': 'extra_forbidden', 'loc': ('response', 'result', 'ExcelReconcileResult', 'phase'), 'msg': 'Extra inputs are not permitted', 'input': 'completed'}
E                 {'type': 'extra_forbidden', 'loc': ('response', 'result', 'ExcelReconcileResult', 'error'), 'msg': 'Extra inputs are not permitted', 'input': None}
E                 {'type': 'extra_forbidden', 'loc': ('response', 'result', 'ExcelReconcileResult', 'complete'), 'msg': 'Extra inputs are not permitted', 'input': True}
E                 {'type': 'extra_forbidden', 'loc': ('response', 'result', 'ExcelReconcileResult', 'instance'), 'msg': 'Extra inputs are not permitted', 'input': None}
E                 {'type': 'extra_forbidden', 'loc': ('response', 'result', 'ExcelReconcileResult', 'source'), 'msg': 'Extra inputs are not permitted', 'input': {'projectId': 'b9e6631f-0c45-46f7-a971-a9e1f9f4da3c', 'environmentId': '0616b10e-7fe6-566b-ac3c-c46efe254609', 'contentGeneration': 1, 'metadataRevision': 1}}
E                 {'type': 'extra_forbidden', 'loc': ('response', 'result', 'ExcelReconcileResult', 'saved'), 'msg': 'Extra inputs are not permitted', 'input': {'projectId': 'b9e6631f-0c45-46f7-a971-a9e1f9f4da3c', 'environmentId': '0616b10e-7fe6-566b-ac3c-c46efe254609', 'contentGeneration': 1, 'metadataRevision': 1}}
E                 {'type': 'extra_forbidden', 'loc': ('response', 'result', 'ExcelReconcileResult', 'targets'), 'msg': 'Extra inputs are not permitted', 'input': [{'projectId': 'b9e6631f-0c45-46f7-a971-a9e1f9f4da3c', 'tableId': '8d1c8407-43a4-42f1-a47b-8db761623964', 'datasetGeneration': 'baf15ef1-35fa-4fee-b7f8-cc245971a73b', 'recordKey': {'type': 'uuid', 'value': 'c9012265-68d7-4995-8cab-bb88fdf60553'}}, {'projectId': 'b9e6631f-0c45-46f7-a971-a9e1f9f4da3c', 'tableId': '229b3cee-10ba-4ea0-860b-ee621f2c1032', 'datasetGeneration': '696fbf67-d29a-4e13-ad72-f05d04497646', 'recordKey': {'type': 'uuid', 'value': '7a9418d0-554c-4495-957a-d19dc635d75b'}}]}
E                 {'type': 'extra_forbidden', 'loc': ('response', 'result', 'ExcelReconcileResult', 'conflicts'), 'msg': 'Extra inputs are not permitted', 'input': []}
E                 {'type': 'missing', 'loc': ('response', 'result', 'CancelRecordStatusesResult', 'operationId'), 'msg': 'Field required', 'input': {'phase': 'completed', 'error': None, 'complete': True, 'instance': None, 'source': {'projectId': 'b9e6631f-0c45-46f7-a971-a9e1f9f4da3c', 'environmentId': '0616b10e-7fe6-566b-ac3c-c46efe254609', 'contentGeneration': 1, 'metadataRevision': 1}, 'saved': {'projectId': 'b9e6631f-0c45-46f7-a971-a9e1f9f4da3c', 'environmentId': '0616b10e-7fe6-566b-ac3c-c46efe254609', 'contentGeneration': 1, 'metadataRevision': 1}, 'targets': [{'projectId': 'b9e6631f-0c45-46f7-a971-a9e1f9f4da3c', 'tableId': '8d1c8407-43a4-42f1-a47b-8db761623964', 'datasetGeneration': 'baf15ef1-35fa-4fee-b7f8-cc245971a73b', 'recordKey': {'type': 'uuid', 'value': 'c9012265-68d7-4995-8cab-bb88fdf60553'}}, {'projectId': 'b9e6631f-0c45-46f7-a971-a9e1f9f4da3c', 'tableId': '229b3cee-10ba-4ea0-860b-ee621f2c1032', 'datasetGeneration': '696fbf67-d29a-4e13-ad72-f05d04497646', 'recordKey': {'type': 'uuid', 'value': '7a9418d0-554c-4495-957a-d19dc635d75b'}}], 'conflicts': []}}
E                 {'type': 'missing', 'loc': ('response', 'result', 'CancelRecordStatusesResult', 'subsequentBlocksClosed'), 'msg': 'Field required', 'input': {'phase': 'completed', 'error': None, 'complete': True, 'instance': None, 'source': {'projectId': 'b9e6631f-0c45-46f7-a971-a9e1f9f4da3c', 'environmentId': '0616b10e-7fe6-566b-ac3c-c46efe254609', 'contentGeneration': 1, 'metadataRevision': 1}, 'saved': {'projectId': 'b9e6631f-0c45-46f7-a971-a9e1f9f4da3c', 'environmentId': '0616b10e-7fe6-566b-ac3c-c46efe254609', 'contentGeneration': 1, 'metadataRevision': 1}, 'targets': [{'projectId': 'b9e6631f-0c45-46f7-a971-a9e1f9f4da3c', 'tableId': '8d1c8407-43a4-42f1-a47b-8db761623964', 'datasetGeneration': 'baf15ef1-35fa-4fee-b7f8-cc245971a73b', 'recordKey': {'type': 'uuid', 'value': 'c9012265-68d7-4995-8cab-bb88fdf60553'}}, {'projectId': 'b9e6631f-0c45-46f7-a971-a9e1f9f4da3c', 'tableId': '229b3cee-10ba-4ea0-860b-ee621f2c1032', 'datasetGeneration': '696fbf67-d29a-4e13-ad72-f05d04497646', 'recordKey': {'type': 'uuid', 'value': '7a9418d0-554c-4495-957a-d19dc635d75b'}}], 'conflicts': []}}
E                 {'type': 'extra_forbidden', 'loc': ('response', 'result', 'CancelRecordStatusesResult', 'phase'), 'msg': 'Extra inputs are not permitted', 'input': 'completed'}
E                 {'type': 'extra_forbidden', 'loc': ('response', 'result', 'CancelRecordStatusesResult', 'error'), 'msg': 'Extra inputs are not permitted', 'input': None}
E                 {'type': 'extra_forbidden', 'loc': ('response', 'result', 'CancelRecordStatusesResult', 'complete'), 'msg': 'Extra inputs are not permitted', 'input': True}
E                 {'type': 'extra_forbidden', 'loc': ('response', 'result', 'CancelRecordStatusesResult', 'instance'), 'msg': 'Extra inputs are not permitted', 'input': None}
E                 {'type': 'extra_forbidden', 'loc': ('response', 'result', 'CancelRecordStatusesResult', 'source'), 'msg': 'Extra inputs are not permitted', 'input': {'projectId': 'b9e6631f-0c45-46f7-a971-a9e1f9f4da3c', 'environmentId': '0616b10e-7fe6-566b-ac3c-c46efe254609', 'contentGeneration': 1, 'metadataRevision': 1}}
E                 {'type': 'extra_forbidden', 'loc': ('response', 'result', 'CancelRecordStatusesResult', 'saved'), 'msg': 'Extra inputs are not permitted', 'input': {'projectId': 'b9e6631f-0c45-46f7-a971-a9e1f9f4da3c', 'environmentId': '0616b10e-7fe6-566b-ac3c-c46efe254609', 'contentGeneration': 1, 'metadataRevision': 1}}
E                 {'type': 'extra_forbidden', 'loc': ('response', 'result', 'CancelRecordStatusesResult', 'targets'), 'msg': 'Extra inputs are not permitted', 'input': [{'projectId': 'b9e6631f-0c45-46f7-a971-a9e1f9f4da3c', 'tableId': '8d1c8407-43a4-42f1-a47b-8db761623964', 'datasetGeneration': 'baf15ef1-35fa-4fee-b7f8-cc245971a73b', 'recordKey': {'type': 'uuid', 'value': 'c9012265-68d7-4995-8cab-bb88fdf60553'}}, {'projectId': 'b9e6631f-0c45-46f7-a971-a9e1f9f4da3c', 'tableId': '229b3cee-10ba-4ea0-860b-ee621f2c1032', 'datasetGeneration': '696fbf67-d29a-4e13-ad72-f05d04497646', 'recordKey': {'type': 'uuid', 'value': '7a9418d0-554c-4495-957a-d19dc635d75b'}}]}
E                 {'type': 'extra_forbidden', 'loc': ('response', 'result', 'CancelRecordStatusesResult', 'conflicts'), 'msg': 'Extra inputs are not permitted', 'input': []}
E                 {'type': 'missing', 'loc': ('response', 'result', 'SheetsConnection', 'connectionId'), 'msg': 'Field required', 'input': {'phase': 'completed', 'error': None, 'complete': True, 'instance': None, 'source': {'projectId': 'b9e6631f-0c45-46f7-a971-a9e1f9f4da3c', 'environmentId': '0616b10e-7fe6-566b-ac3c-c46efe254609', 'contentGeneration': 1, 'metadataRevision': 1}, 'saved': {'projectId': 'b9e6631f-0c45-46f7-a971-a9e1f9f4da3c', 'environmentId': '0616b10e-7fe6-566b-ac3c-c46efe254609', 'contentGeneration': 1, 'metadataRevision': 1}, 'targets': [{'projectId': 'b9e6631f-0c45-46f7-a971-a9e1f9f4da3c', 'tableId': '8d1c8407-43a4-42f1-a47b-8db761623964', 'datasetGeneration': 'baf15ef1-35fa-4fee-b7f8-cc245971a73b', 'recordKey': {'type': 'uuid', 'value': 'c9012265-68d7-4995-8cab-bb88fdf60553'}}, {'projectId': 'b9e6631f-0c45-46f7-a971-a9e1f9f4da3c', 'tableId': '229b3cee-10ba-4ea0-860b-ee621f2c1032', 'datasetGeneration': '696fbf67-d29a-4e13-ad72-f05d04497646', 'recordKey': {'type': 'uuid', 'value': '7a9418d0-554c-4495-957a-d19dc635d75b'}}], 'conflicts': []}}
E                 {'type': 'missing', 'loc': ('response', 'result', 'SheetsConnection', 'accountLabel'), 'msg': 'Field required', 'input': {'phase': 'completed', 'error': None, 'complete': True, 'instance': None, 'source': {'projectId': 'b9e6631f-0c45-46f7-a971-a9e1f9f4da3c', 'environmentId': '0616b10e-7fe6-566b-ac3c-c46efe254609', 'contentGeneration': 1, 'metadataRevision': 1}, 'saved': {'projectId': 'b9e6631f-0c45-46f7-a971-a9e1f9f4da3c', 'environmentId': '0616b10e-7fe6-566b-ac3c-c46efe254609', 'contentGeneration': 1, 'metadataRevision': 1}, 'targets': [{'projectId': 'b9e6631f-0c45-46f7-a971-a9e1f9f4da3c', 'tableId': '8d1c8407-43a4-42f1-a47b-8db761623964', 'datasetGeneration': 'baf15ef1-35fa-4fee-b7f8-cc245971a73b', 'recordKey': {'type': 'uuid', 'value': 'c9012265-68d7-4995-8cab-bb88fdf60553'}}, {'projectId': 'b9e6631f-0c45-46f7-a971-a9e1f9f4da3c', 'tableId': '229b3cee-10ba-4ea0-860b-ee621f2c1032', 'datasetGeneration': '696fbf67-d29a-4e13-ad72-f05d04497646', 'recordKey': {'type': 'uuid', 'value': '7a9418d0-554c-4495-957a-d19dc635d75b'}}], 'conflicts': []}}
E                 {'type': 'missing', 'loc': ('response', 'result', 'SheetsConnection', 'credentialState'), 'msg': 'Field required', 'input': {'phase': 'completed', 'error': None, 'complete': True, 'instance': None, 'source': {'projectId': 'b9e6631f-0c45-46f7-a971-a9e1f9f4da3c', 'environmentId': '0616b10e-7fe6-566b-ac3c-c46efe254609', 'contentGeneration': 1, 'metadataRevision': 1}, 'saved': {'projectId': 'b9e6631f-0c45-46f7-a971-a9e1f9f4da3c', 'environmentId': '0616b10e-7fe6-566b-ac3c-c46efe254609', 'contentGeneration': 1, 'metadataRevision': 1}, 'targets': [{'projectId': 'b9e6631f-0c45-46f7-a971-a9e1f9f4da3c', 'tableId': '8d1c8407-43a4-42f1-a47b-8db761623964', 'datasetGeneration': 'baf15ef1-35fa-4fee-b7f8-cc245971a73b', 'recordKey': {'type': 'uuid', 'value': 'c9012265-68d7-4995-8cab-bb88fdf60553'}}, {'projectId': 'b9e6631f-0c45-46f7-a971-a9e1f9f4da3c', 'tableId': '229b3cee-10ba-4ea0-860b-ee621f2c1032', 'datasetGeneration': '696fbf67-d29a-4e13-ad72-f05d04497646', 'recordKey': {'type': 'uuid', 'value': '7a9418d0-554c-4495-957a-d19dc635d75b'}}], 'conflicts': []}}
E                 {'type': 'missing', 'loc': ('response', 'result', 'SheetsConnection', 'readable'), 'msg': 'Field required', 'input': {'phase': 'completed', 'error': None, 'complete': True, 'instance': None, 'source': {'projectId': 'b9e6631f-0c45-46f7-a971-a9e1f9f4da3c', 'environmentId': '0616b10e-7fe6-566b-ac3c-c46efe254609', 'contentGeneration': 1, 'metadataRevision': 1}, 'saved': {'projectId': 'b9e6631f-0c45-46f7-a971-a9e1f9f4da3c', 'environmentId': '0616b10e-7fe6-566b-ac3c-c46efe254609', 'contentGeneration': 1, 'metadataRevision': 1}, 'targets': [{'projectId': 'b9e6631f-0c45-46f7-a971-a9e1f9f4da3c', 'tableId': '8d1c8407-43a4-42f1-a47b-8db761623964', 'datasetGeneration': 'baf15ef1-35fa-4fee-b7f8-cc245971a73b', 'recordKey': {'type': 'uuid', 'value': 'c9012265-68d7-4995-8cab-bb88fdf60553'}}, {'projectId': 'b9e6631f-0c45-46f7-a971-a9e1f9f4da3c', 'tableId': '229b3cee-10ba-4ea0-860b-ee621f2c1032', 'datasetGeneration': '696fbf67-d29a-4e13-ad72-f05d04497646', 'recordKey': {'type': 'uuid', 'value': '7a9418d0-554c-4495-957a-d19dc635d75b'}}], 'conflicts': []}}
E                 {'type': 'missing', 'loc': ('response', 'result', 'SheetsConnection', 'writable'), 'msg': 'Field required', 'input': {'phase': 'completed', 'error': None, 'complete': True, 'instance': None, 'source': {'projectId': 'b9e6631f-0c45-46f7-a971-a9e1f9f4da3c', 'environmentId': '0616b10e-7fe6-566b-ac3c-c46efe254609', 'contentGeneration': 1, 'metadataRevision': 1}, 'saved': {'projectId': 'b9e6631f-0c45-46f7-a971-a9e1f9f4da3c', 'environmentId': '0616b10e-7fe6-566b-ac3c-c46efe254609', 'contentGeneration': 1, 'metadataRevision': 1}, 'targets': [{'projectId': 'b9e6631f-0c45-46f7-a971-a9e1f9f4da3c', 'tableId': '8d1c8407-43a4-42f1-a47b-8db761623964', 'datasetGeneration': 'baf15ef1-35fa-4fee-b7f8-cc245971a73b', 'recordKey': {'type': 'uuid', 'value': 'c9012265-68d7-4995-8cab-bb88fdf60553'}}, {'projectId': 'b9e6631f-0c45-46f7-a971-a9e1f9f4da3c', 'tableId': '229b3cee-10ba-4ea0-860b-ee621f2c1032', 'datasetGeneration': '696fbf67-d29a-4e13-ad72-f05d04497646', 'recordKey': {'type': 'uuid', 'value': '7a9418d0-554c-4495-957a-d19dc635d75b'}}], 'conflicts': []}}
E                 {'type': 'missing', 'loc': ('response', 'result', 'SheetsConnection', 'updatedAt'), 'msg': 'Field required', 'input': {'phase': 'completed', 'error': None, 'complete': True, 'instance': None, 'source': {'projectId': 'b9e6631f-0c45-46f7-a971-a9e1f9f4da3c', 'environmentId': '0616b10e-7fe6-566b-ac3c-c46efe254609', 'contentGeneration': 1, 'metadataRevision': 1}, 'saved': {'projectId': 'b9e6631f-0c45-46f7-a971-a9e1f9f4da3c', 'environmentId': '0616b10e-7fe6-566b-ac3c-c46efe254609', 'contentGeneration': 1, 'metadataRevision': 1}, 'targets': [{'projectId': 'b9e6631f-0c45-46f7-a971-a9e1f9f4da3c', 'tableId': '8d1c8407-43a4-42f1-a47b-8db761623964', 'datasetGeneration': 'baf15ef1-35fa-4fee-b7f8-cc245971a73b', 'recordKey': {'type': 'uuid', 'value': 'c9012265-68d7-4995-8cab-bb88fdf60553'}}, {'projectId': 'b9e6631f-0c45-46f7-a971-a9e1f9f4da3c', 'tableId': '229b3cee-10ba-4ea0-860b-ee621f2c1032', 'datasetGeneration': '696fbf67-d29a-4e13-ad72-f05d04497646', 'recordKey': {'type': 'uuid', 'value': '7a9418d0-554c-4495-957a-d19dc635d75b'}}], 'conflicts': []}}
E                 {'type': 'extra_forbidden', 'loc': ('response', 'result', 'SheetsConnection', 'phase'), 'msg': 'Extra inputs are not permitted', 'input': 'completed'}
E                 {'type': 'extra_forbidden', 'loc': ('response', 'result', 'SheetsConnection', 'error'), 'msg': 'Extra inputs are not permitted', 'input': None}
E                 {'type': 'extra_forbidden', 'loc': ('response', 'result', 'SheetsConnection', 'complete'), 'msg': 'Extra inputs are not permitted', 'input': True}
E                 {'type': 'extra_forbidden', 'loc': ('response', 'result', 'SheetsConnection', 'instance'), 'msg': 'Extra inputs are not permitted', 'input': None}
E                 {'type': 'extra_forbidden', 'loc': ('response', 'result', 'SheetsConnection', 'source'), 'msg': 'Extra inputs are not permitted', 'input': {'projectId': 'b9e6631f-0c45-46f7-a971-a9e1f9f4da3c', 'environmentId': '0616b10e-7fe6-566b-ac3c-c46efe254609', 'contentGeneration': 1, 'metadataRevision': 1}}
E                 {'type': 'extra_forbidden', 'loc': ('response', 'result', 'SheetsConnection', 'saved'), 'msg': 'Extra inputs are not permitted', 'input': {'projectId': 'b9e6631f-0c45-46f7-a971-a9e1f9f4da3c', 'environmentId': '0616b10e-7fe6-566b-ac3c-c46efe254609', 'contentGeneration': 1, 'metadataRevision': 1}}
E                 {'type': 'extra_forbidden', 'loc': ('response', 'result', 'SheetsConnection', 'targets'), 'msg': 'Extra inputs are not permitted', 'input': [{'projectId': 'b9e6631f-0c45-46f7-a971-a9e1f9f4da3c', 'tableId': '8d1c8407-43a4-42f1-a47b-8db761623964', 'datasetGeneration': 'baf15ef1-35fa-4fee-b7f8-cc245971a73b', 'recordKey': {'type': 'uuid', 'value': 'c9012265-68d7-4995-8cab-bb88fdf60553'}}, {'projectId': 'b9e6631f-0c45-46f7-a971-a9e1f9f4da3c', 'tableId': '229b3cee-10ba-4ea0-860b-ee621f2c1032', 'datasetGeneration': '696fbf67-d29a-4e13-ad72-f05d04497646', 'recordKey': {'type': 'uuid', 'value': '7a9418d0-554c-4495-957a-d19dc635d75b'}}]}
E                 {'type': 'extra_forbidden', 'loc': ('response', 'result', 'SheetsConnection', 'conflicts'), 'msg': 'Extra inputs are not permitted', 'input': []}
E                 {'type': 'missing', 'loc': ('response', 'result', 'SheetsDisconnectResult', 'connectionId'), 'msg': 'Field required', 'input': {'phase': 'completed', 'error': None, 'complete': True, 'instance': None, 'source': {'projectId': 'b9e6631f-0c45-46f7-a971-a9e1f9f4da3c', 'environmentId': '0616b10e-7fe6-566b-ac3c-c46efe254609', 'contentGeneration': 1, 'metadataRevision': 1}, 'saved': {'projectId': 'b9e6631f-0c45-46f7-a971-a9e1f9f4da3c', 'environmentId': '0616b10e-7fe6-566b-ac3c-c46efe254609', 'contentGeneration': 1, 'metadataRevision': 1}, 'targets': [{'projectId': 'b9e6631f-0c45-46f7-a971-a9e1f9f4da3c', 'tableId': '8d1c8407-43a4-42f1-a47b-8db761623964', 'datasetGeneration': 'baf15ef1-35fa-4fee-b7f8-cc245971a73b', 'recordKey': {'type': 'uuid', 'value': 'c9012265-68d7-4995-8cab-bb88fdf60553'}}, {'projectId': 'b9e6631f-0c45-46f7-a971-a9e1f9f4da3c', 'tableId': '229b3cee-10ba-4ea0-860b-ee621f2c1032', 'datasetGeneration': '696fbf67-d29a-4e13-ad72-f05d04497646', 'recordKey': {'type': 'uuid', 'value': '7a9418d0-554c-4495-957a-d19dc635d75b'}}], 'conflicts': []}}
E                 {'type': 'missing', 'loc': ('response', 'result', 'SheetsDisconnectResult', 'mode'), 'msg': 'Field required', 'input': {'phase': 'completed', 'error': None, 'complete': True, 'instance': None, 'source': {'projectId': 'b9e6631f-0c45-46f7-a971-a9e1f9f4da3c', 'environmentId': '0616b10e-7fe6-566b-ac3c-c46efe254609', 'contentGeneration': 1, 'metadataRevision': 1}, 'saved': {'projectId': 'b9e6631f-0c45-46f7-a971-a9e1f9f4da3c', 'environmentId': '0616b10e-7fe6-566b-ac3c-c46efe254609', 'contentGeneration': 1, 'metadataRevision': 1}, 'targets': [{'projectId': 'b9e6631f-0c45-46f7-a971-a9e1f9f4da3c', 'tableId': '8d1c8407-43a4-42f1-a47b-8db761623964', 'datasetGeneration': 'baf15ef1-35fa-4fee-b7f8-cc245971a73b', 'recordKey': {'type': 'uuid', 'value': 'c9012265-68d7-4995-8cab-bb88fdf60553'}}, {'projectId': 'b9e6631f-0c45-46f7-a971-a9e1f9f4da3c', 'tableId': '229b3cee-10ba-4ea0-860b-ee621f2c1032', 'datasetGeneration': '696fbf67-d29a-4e13-ad72-f05d04497646', 'recordKey': {'type': 'uuid', 'value': '7a9418d0-554c-4495-957a-d19dc635d75b'}}], 'conflicts': []}}
E                 {'type': 'missing', 'loc': ('response', 'result', 'SheetsDisconnectResult', 'disconnected'), 'msg': 'Field required', 'input': {'phase': 'completed', 'error': None, 'complete': True, 'instance': None, 'source': {'projectId': 'b9e6631f-0c45-46f7-a971-a9e1f9f4da3c', 'environmentId': '0616b10e-7fe6-566b-ac3c-c46efe254609', 'contentGeneration': 1, 'metadataRevision': 1}, 'saved': {'projectId': 'b9e6631f-0c45-46f7-a971-a9e1f9f4da3c', 'environmentId': '0616b10e-7fe6-566b-ac3c-c46efe254609', 'contentGeneration': 1, 'metadataRevision': 1}, 'targets': [{'projectId': 'b9e6631f-0c45-46f7-a971-a9e1f9f4da3c', 'tableId': '8d1c8407-43a4-42f1-a47b-8db761623964', 'datasetGeneration': 'baf15ef1-35fa-4fee-b7f8-cc245971a73b', 'recordKey': {'type': 'uuid', 'value': 'c9012265-68d7-4995-8cab-bb88fdf60553'}}, {'projectId': 'b9e6631f-0c45-46f7-a971-a9e1f9f4da3c', 'tableId': '229b3cee-10ba-4ea0-860b-ee621f2c1032', 'datasetGeneration': '696fbf67-d29a-4e13-ad72-f05d04497646', 'recordKey': {'type': 'uuid', 'value': '7a9418d0-554c-4495-957a-d19dc635d75b'}}], 'conflicts': []}}
E                 {'type': 'extra_forbidden', 'loc': ('response', 'result', 'SheetsDisconnectResult', 'phase'), 'msg': 'Extra inputs are not permitted', 'input': 'completed'}
E                 {'type': 'extra_forbidden', 'loc': ('response', 'result', 'SheetsDisconnectResult', 'error'), 'msg': 'Extra inputs are not permitted', 'input': None}
E                 {'type': 'extra_forbidden', 'loc': ('response', 'result', 'SheetsDisconnectResult', 'complete'), 'msg': 'Extra inputs are not permitted', 'input': True}
E                 {'type': 'extra_forbidden', 'loc': ('response', 'result', 'SheetsDisconnectResult', 'instance'), 'msg': 'Extra inputs are not permitted', 'input': None}
E                 {'type': 'extra_forbidden', 'loc': ('response', 'result', 'SheetsDisconnectResult', 'source'), 'msg': 'Extra inputs are not permitted', 'input': {'projectId': 'b9e6631f-0c45-46f7-a971-a9e1f9f4da3c', 'environmentId': '0616b10e-7fe6-566b-ac3c-c46efe254609', 'contentGeneration': 1, 'metadataRevision': 1}}
E                 {'type': 'extra_forbidden', 'loc': ('response', 'result', 'SheetsDisconnectResult', 'saved'), 'msg': 'Extra inputs are not permitted', 'input': {'projectId': 'b9e6631f-0c45-46f7-a971-a9e1f9f4da3c', 'environmentId': '0616b10e-7fe6-566b-ac3c-c46efe254609', 'contentGeneration': 1, 'metadataRevision': 1}}
E                 {'type': 'extra_forbidden', 'loc': ('response', 'result', 'SheetsDisconnectResult', 'targets'), 'msg': 'Extra inputs are not permitted', 'input': [{'projectId': 'b9e6631f-0c45-46f7-a971-a9e1f9f4da3c', 'tableId': '8d1c8407-43a4-42f1-a47b-8db761623964', 'datasetGeneration': 'baf15ef1-35fa-4fee-b7f8-cc245971a73b', 'recordKey': {'type': 'uuid', 'value': 'c9012265-68d7-4995-8cab-bb88fdf60553'}}, {'projectId': 'b9e6631f-0c45-46f7-a971-a9e1f9f4da3c', 'tableId': '229b3cee-10ba-4ea0-860b-ee621f2c1032', 'datasetGeneration': '696fbf67-d29a-4e13-ad72-f05d04497646', 'recordKey': {'type': 'uuid', 'value': '7a9418d0-554c-4495-957a-d19dc635d75b'}}]}
E                 {'type': 'extra_forbidden', 'loc': ('response', 'result', 'SheetsDisconnectResult', 'conflicts'), 'msg': 'Extra inputs are not permitted', 'input': []}
E                 {'type': 'missing', 'loc': ('response', 'result', 'SheetsInspection', 'valid'), 'msg': 'Field required', 'input': {'phase': 'completed', 'error': None, 'complete': True, 'instance': None, 'source': {'projectId': 'b9e6631f-0c45-46f7-a971-a9e1f9f4da3c', 'environmentId': '0616b10e-7fe6-566b-ac3c-c46efe254609', 'contentGeneration': 1, 'metadataRevision': 1}, 'saved': {'projectId': 'b9e6631f-0c45-46f7-a971-a9e1f9f4da3c', 'environmentId': '0616b10e-7fe6-566b-ac3c-c46efe254609', 'contentGeneration': 1, 'metadataRevision': 1}, 'targets': [{'projectId': 'b9e6631f-0c45-46f7-a971-a9e1f9f4da3c', 'tableId': '8d1c8407-43a4-42f1-a47b-8db761623964', 'datasetGeneration': 'baf15ef1-35fa-4fee-b7f8-cc245971a73b', 'recordKey': {'type': 'uuid', 'value': 'c9012265-68d7-4995-8cab-bb88fdf60553'}}, {'projectId': 'b9e6631f-0c45-46f7-a971-a9e1f9f4da3c', 'tableId': '229b3cee-10ba-4ea0-860b-ee621f2c1032', 'datasetGeneration': '696fbf67-d29a-4e13-ad72-f05d04497646', 'recordKey': {'type': 'uuid', 'value': '7a9418d0-554c-4495-957a-d19dc635d75b'}}], 'conflicts': []}}
E                 {'type': 'missing', 'loc': ('response', 'result', 'SheetsInspection', 'issues'), 'msg': 'Field required', 'input': {'phase': 'completed', 'error': None, 'complete': True, 'instance': None, 'source': {'projectId': 'b9e6631f-0c45-46f7-a971-a9e1f9f4da3c', 'environmentId': '0616b10e-7fe6-566b-ac3c-c46efe254609', 'contentGeneration': 1, 'metadataRevision': 1}, 'saved': {'projectId': 'b9e6631f-0c45-46f7-a971-a9e1f9f4da3c', 'environmentId': '0616b10e-7fe6-566b-ac3c-c46efe254609', 'contentGeneration': 1, 'metadataRevision': 1}, 'targets': [{'projectId': 'b9e6631f-0c45-46f7-a971-a9e1f9f4da3c', 'tableId': '8d1c8407-43a4-42f1-a47b-8db761623964', 'datasetGeneration': 'baf15ef1-35fa-4fee-b7f8-cc245971a73b', 'recordKey': {'type': 'uuid', 'value': 'c9012265-68d7-4995-8cab-bb88fdf60553'}}, {'projectId': 'b9e6631f-0c45-46f7-a971-a9e1f9f4da3c', 'tableId': '229b3cee-10ba-4ea0-860b-ee621f2c1032', 'datasetGeneration': '696fbf67-d29a-4e13-ad72-f05d04497646', 'recordKey': {'type': 'uuid', 'value': '7a9418d0-554c-4495-957a-d19dc635d75b'}}], 'conflicts': []}}
E                 {'type': 'missing', 'loc': ('response', 'result', 'SheetsInspection', 'columns'), 'msg': 'Field required', 'input': {'phase': 'completed', 'error': None, 'complete': True, 'instance': None, 'source': {'projectId': 'b9e6631f-0c45-46f7-a971-a9e1f9f4da3c', 'environmentId': '0616b10e-7fe6-566b-ac3c-c46efe254609', 'contentGeneration': 1, 'metadataRevision': 1}, 'saved': {'projectId': 'b9e6631f-0c45-46f7-a971-a9e1f9f4da3c', 'environmentId': '0616b10e-7fe6-566b-ac3c-c46efe254609', 'contentGeneration': 1, 'metadataRevision': 1}, 'targets': [{'projectId': 'b9e6631f-0c45-46f7-a971-a9e1f9f4da3c', 'tableId': '8d1c8407-43a4-42f1-a47b-8db761623964', 'datasetGeneration': 'baf15ef1-35fa-4fee-b7f8-cc245971a73b', 'recordKey': {'type': 'uuid', 'value': 'c9012265-68d7-4995-8cab-bb88fdf60553'}}, {'projectId': 'b9e6631f-0c45-46f7-a971-a9e1f9f4da3c', 'tableId': '229b3cee-10ba-4ea0-860b-ee621f2c1032', 'datasetGeneration': '696fbf67-d29a-4e13-ad72-f05d04497646', 'recordKey': {'type': 'uuid', 'value': '7a9418d0-554c-4495-957a-d19dc635d75b'}}], 'conflicts': []}}
E                 {'type': 'missing', 'loc': ('response', 'result', 'SheetsInspection', 'identitySummary'), 'msg': 'Field required', 'input': {'phase': 'completed', 'error': None, 'complete': True, 'instance': None, 'source': {'projectId': 'b9e6631f-0c45-46f7-a971-a9e1f9f4da3c', 'environmentId': '0616b10e-7fe6-566b-ac3c-c46efe254609', 'contentGeneration': 1, 'metadataRevision': 1}, 'saved': {'projectId': 'b9e6631f-0c45-46f7-a971-a9e1f9f4da3c', 'environmentId': '0616b10e-7fe6-566b-ac3c-c46efe254609', 'contentGeneration': 1, 'metadataRevision': 1}, 'targets': [{'projectId': 'b9e6631f-0c45-46f7-a971-a9e1f9f4da3c', 'tableId': '8d1c8407-43a4-42f1-a47b-8db761623964', 'datasetGeneration': 'baf15ef1-35fa-4fee-b7f8-cc245971a73b', 'recordKey': {'type': 'uuid', 'value': 'c9012265-68d7-4995-8cab-bb88fdf60553'}}, {'projectId': 'b9e6631f-0c45-46f7-a971-a9e1f9f4da3c', 'tableId': '229b3cee-10ba-4ea0-860b-ee621f2c1032', 'datasetGeneration': '696fbf67-d29a-4e13-ad72-f05d04497646', 'recordKey': {'type': 'uuid', 'value': '7a9418d0-554c-4495-957a-d19dc635d75b'}}], 'conflicts': []}}
E                 {'type': 'missing', 'loc': ('response', 'result', 'SheetsInspection', 'overlaps'), 'msg': 'Field required', 'input': {'phase': 'completed', 'error': None, 'complete': True, 'instance': None, 'source': {'projectId': 'b9e6631f-0c45-46f7-a971-a9e1f9f4da3c', 'environmentId': '0616b10e-7fe6-566b-ac3c-c46efe254609', 'contentGeneration': 1, 'metadataRevision': 1}, 'saved': {'projectId': 'b9e6631f-0c45-46f7-a971-a9e1f9f4da3c', 'environmentId': '0616b10e-7fe6-566b-ac3c-c46efe254609', 'contentGeneration': 1, 'metadataRevision': 1}, 'targets': [{'projectId': 'b9e6631f-0c45-46f7-a971-a9e1f9f4da3c', 'tableId': '8d1c8407-43a4-42f1-a47b-8db761623964', 'datasetGeneration': 'baf15ef1-35fa-4fee-b7f8-cc245971a73b', 'recordKey': {'type': 'uuid', 'value': 'c9012265-68d7-4995-8cab-bb88fdf60553'}}, {'projectId': 'b9e6631f-0c45-46f7-a971-a9e1f9f4da3c', 'tableId': '229b3cee-10ba-4ea0-860b-ee621f2c1032', 'datasetGeneration': '696fbf67-d29a-4e13-ad72-f05d04497646', 'recordKey': {'type': 'uuid', 'value': '7a9418d0-554c-4495-957a-d19dc635d75b'}}], 'conflicts': []}}
E                 {'type': 'extra_forbidden', 'loc': ('response', 'result', 'SheetsInspection', 'phase'), 'msg': 'Extra inputs are not permitted', 'input': 'completed'}
E                 {'type': 'extra_forbidden', 'loc': ('response', 'result', 'SheetsInspection', 'error'), 'msg': 'Extra inputs are not permitted', 'input': None}
E                 {'type': 'extra_forbidden', 'loc': ('response', 'result', 'SheetsInspection', 'complete'), 'msg': 'Extra inputs are not permitted', 'input': True}
E                 {'type': 'extra_forbidden', 'loc': ('response', 'result', 'SheetsInspection', 'instance'), 'msg': 'Extra inputs are not permitted', 'input': None}
E                 {'type': 'extra_forbidden', 'loc': ('response', 'result', 'SheetsInspection', 'source'), 'msg': 'Extra inputs are not permitted', 'input': {'projectId': 'b9e6631f-0c45-46f7-a971-a9e1f9f4da3c', 'environmentId': '0616b10e-7fe6-566b-ac3c-c46efe254609', 'contentGeneration': 1, 'metadataRevision': 1}}
E                 {'type': 'extra_forbidden', 'loc': ('response', 'result', 'SheetsInspection', 'saved'), 'msg': 'Extra inputs are not permitted', 'input': {'projectId': 'b9e6631f-0c45-46f7-a971-a9e1f9f4da3c', 'environmentId': '0616b10e-7fe6-566b-ac3c-c46efe254609', 'contentGeneration': 1, 'metadataRevision': 1}}
E                 {'type': 'extra_forbidden', 'loc': ('response', 'result', 'SheetsInspection', 'targets'), 'msg': 'Extra inputs are not permitted', 'input': [{'projectId': 'b9e6631f-0c45-46f7-a971-a9e1f9f4da3c', 'tableId': '8d1c8407-43a4-42f1-a47b-8db761623964', 'datasetGeneration': 'baf15ef1-35fa-4fee-b7f8-cc245971a73b', 'recordKey': {'type': 'uuid', 'value': 'c9012265-68d7-4995-8cab-bb88fdf60553'}}, {'projectId': 'b9e6631f-0c45-46f7-a971-a9e1f9f4da3c', 'tableId': '229b3cee-10ba-4ea0-860b-ee621f2c1032', 'datasetGeneration': '696fbf67-d29a-4e13-ad72-f05d04497646', 'recordKey': {'type': 'uuid', 'value': '7a9418d0-554c-4495-957a-d19dc635d75b'}}]}
E                 {'type': 'extra_forbidden', 'loc': ('response', 'result', 'SheetsInspection', 'conflicts'), 'msg': 'Extra inputs are not permitted', 'input': []}
E                 {'type': 'missing', 'loc': ('response', 'result', 'SheetsBinding', 'connectionId'), 'msg': 'Field required', 'input': {'phase': 'completed', 'error': None, 'complete': True, 'instance': None, 'source': {'projectId': 'b9e6631f-0c45-46f7-a971-a9e1f9f4da3c', 'environmentId': '0616b10e-7fe6-566b-ac3c-c46efe254609', 'contentGeneration': 1, 'metadataRevision': 1}, 'saved': {'projectId': 'b9e6631f-0c45-46f7-a971-a9e1f9f4da3c', 'environmentId': '0616b10e-7fe6-566b-ac3c-c46efe254609', 'contentGeneration': 1, 'metadataRevision': 1}, 'targets': [{'projectId': 'b9e6631f-0c45-46f7-a971-a9e1f9f4da3c', 'tableId': '8d1c8407-43a4-42f1-a47b-8db761623964', 'datasetGeneration': 'baf15ef1-35fa-4fee-b7f8-cc245971a73b', 'recordKey': {'type': 'uuid', 'value': 'c9012265-68d7-4995-8cab-bb88fdf60553'}}, {'projectId': 'b9e6631f-0c45-46f7-a971-a9e1f9f4da3c', 'tableId': '229b3cee-10ba-4ea0-860b-ee621f2c1032', 'datasetGeneration': '696fbf67-d29a-4e13-ad72-f05d04497646', 'recordKey': {'type': 'uuid', 'value': '7a9418d0-554c-4495-957a-d19dc635d75b'}}], 'conflicts': []}}
E                 {'type': 'missing', 'loc': ('response', 'result', 'SheetsBinding', 'spreadsheetId'), 'msg': 'Field required', 'input': {'phase': 'completed', 'error': None, 'complete': True, 'instance': None, 'source': {'projectId': 'b9e6631f-0c45-46f7-a971-a9e1f9f4da3c', 'environmentId': '0616b10e-7fe6-566b-ac3c-c46efe254609', 'contentGeneration': 1, 'metadataRevision': 1}, 'saved': {'projectId': 'b9e6631f-0c45-46f7-a971-a9e1f9f4da3c', 'environmentId': '0616b10e-7fe6-566b-ac3c-c46efe254609', 'contentGeneration': 1, 'metadataRevision': 1}, 'targets': [{'projectId': 'b9e6631f-0c45-46f7-a971-a9e1f9f4da3c', 'tableId': '8d1c8407-43a4-42f1-a47b-8db761623964', 'datasetGeneration': 'baf15ef1-35fa-4fee-b7f8-cc245971a73b', 'recordKey': {'type': 'uuid', 'value': 'c9012265-68d7-4995-8cab-bb88fdf60553'}}, {'projectId': 'b9e6631f-0c45-46f7-a971-a9e1f9f4da3c', 'tableId': '229b3cee-10ba-4ea0-860b-ee621f2c1032', 'datasetGeneration': '696fbf67-d29a-4e13-ad72-f05d04497646', 'recordKey': {'type': 'uuid', 'value': '7a9418d0-554c-4495-957a-d19dc635d75b'}}], 'conflicts': []}}
E                 {'type': 'missing', 'loc': ('response', 'result', 'SheetsBinding', 'sheetId'), 'msg': 'Field required', 'input': {'phase': 'completed', 'error': None, 'complete': True, 'instance': None, 'source': {'projectId': 'b9e6631f-0c45-46f7-a971-a9e1f9f4da3c', 'environmentId': '0616b10e-7fe6-566b-ac3c-c46efe254609', 'contentGeneration': 1, 'metadataRevision': 1}, 'saved': {'projectId': 'b9e6631f-0c45-46f7-a971-a9e1f9f4da3c', 'environmentId': '0616b10e-7fe6-566b-ac3c-c46efe254609', 'contentGeneration': 1, 'metadataRevision': 1}, 'targets': [{'projectId': 'b9e6631f-0c45-46f7-a971-a9e1f9f4da3c', 'tableId': '8d1c8407-43a4-42f1-a47b-8db761623964', 'datasetGeneration': 'baf15ef1-35fa-4fee-b7f8-cc245971a73b', 'recordKey': {'type': 'uuid', 'value': 'c9012265-68d7-4995-8cab-bb88fdf60553'}}, {'projectId': 'b9e6631f-0c45-46f7-a971-a9e1f9f4da3c', 'tableId': '229b3cee-10ba-4ea0-860b-ee621f2c1032', 'datasetGeneration': '696fbf67-d29a-4e13-ad72-f05d04497646', 'recordKey': {'type': 'uuid', 'value': '7a9418d0-554c-4495-957a-d19dc635d75b'}}], 'conflicts': []}}
E                 {'type': 'missing', 'loc': ('response', 'result', 'SheetsBinding', 'bindingEpoch'), 'msg': 'Field required', 'input': {'phase': 'completed', 'error': None, 'complete': True, 'instance': None, 'source': {'projectId': 'b9e6631f-0c45-46f7-a971-a9e1f9f4da3c', 'environmentId': '0616b10e-7fe6-566b-ac3c-c46efe254609', 'contentGeneration': 1, 'metadataRevision': 1}, 'saved': {'projectId': 'b9e6631f-0c45-46f7-a971-a9e1f9f4da3c', 'environmentId': '0616b10e-7fe6-566b-ac3c-c46efe254609', 'contentGeneration': 1, 'metadataRevision': 1}, 'targets': [{'projectId': 'b9e6631f-0c45-46f7-a971-a9e1f9f4da3c', 'tableId': '8d1c8407-43a4-42f1-a47b-8db761623964', 'datasetGeneration': 'baf15ef1-35fa-4fee-b7f8-cc245971a73b', 'recordKey': {'type': 'uuid', 'value': 'c9012265-68d7-4995-8cab-bb88fdf60553'}}, {'projectId': 'b9e6631f-0c45-46f7-a971-a9e1f9f4da3c', 'tableId': '229b3cee-10ba-4ea0-860b-ee621f2c1032', 'datasetGeneration': '696fbf67-d29a-4e13-ad72-f05d04497646', 'recordKey': {'type': 'uuid', 'value': '7a9418d0-554c-4495-957a-d19dc635d75b'}}], 'conflicts': []}}
E                 {'type': 'missing', 'loc': ('response', 'result', 'SheetsBinding', 'identityStrategy'), 'msg': 'Field required', 'input': {'phase': 'completed', 'error': None, 'complete': True, 'instance': None, 'source': {'projectId': 'b9e6631f-0c45-46f7-a971-a9e1f9f4da3c', 'environmentId': '0616b10e-7fe6-566b-ac3c-c46efe254609', 'contentGeneration': 1, 'metadataRevision': 1}, 'saved': {'projectId': 'b9e6631f-0c45-46f7-a971-a9e1f9f4da3c', 'environmentId': '0616b10e-7fe6-566b-ac3c-c46efe254609', 'contentGeneration': 1, 'metadataRevision': 1}, 'targets': [{'projectId': 'b9e6631f-0c45-46f7-a971-a9e1f9f4da3c', 'tableId': '8d1c8407-43a4-42f1-a47b-8db761623964', 'datasetGeneration': 'baf15ef1-35fa-4fee-b7f8-cc245971a73b', 'recordKey': {'type': 'uuid', 'value': 'c9012265-68d7-4995-8cab-bb88fdf60553'}}, {'projectId': 'b9e6631f-0c45-46f7-a971-a9e1f9f4da3c', 'tableId': '229b3cee-10ba-4ea0-860b-ee621f2c1032', 'datasetGeneration': '696fbf67-d29a-4e13-ad72-f05d04497646', 'recordKey': {'type': 'uuid', 'value': '7a9418d0-554c-4495-957a-d19dc635d75b'}}], 'conflicts': []}}
E                 {'type': 'missing', 'loc': ('response', 'result', 'SheetsBinding', 'mapping'), 'msg': 'Field required', 'input': {'phase': 'completed', 'error': None, 'complete': True, 'instance': None, 'source': {'projectId': 'b9e6631f-0c45-46f7-a971-a9e1f9f4da3c', 'environmentId': '0616b10e-7fe6-566b-ac3c-c46efe254609', 'contentGeneration': 1, 'metadataRevision': 1}, 'saved': {'projectId': 'b9e6631f-0c45-46f7-a971-a9e1f9f4da3c', 'environmentId': '0616b10e-7fe6-566b-ac3c-c46efe254609', 'contentGeneration': 1, 'metadataRevision': 1}, 'targets': [{'projectId': 'b9e6631f-0c45-46f7-a971-a9e1f9f4da3c', 'tableId': '8d1c8407-43a4-42f1-a47b-8db761623964', 'datasetGeneration': 'baf15ef1-35fa-4fee-b7f8-cc245971a73b', 'recordKey': {'type': 'uuid', 'value': 'c9012265-68d7-4995-8cab-bb88fdf60553'}}, {'projectId': 'b9e6631f-0c45-46f7-a971-a9e1f9f4da3c', 'tableId': '229b3cee-10ba-4ea0-860b-ee621f2c1032', 'datasetGeneration': '696fbf67-d29a-4e13-ad72-f05d04497646', 'recordKey': {'type': 'uuid', 'value': '7a9418d0-554c-4495-957a-d19dc635d75b'}}], 'conflicts': []}}
E                 {'type': 'missing', 'loc': ('response', 'result', 'SheetsBinding', 'syncPaused'), 'msg': 'Field required', 'input': {'phase': 'completed', 'error': None, 'complete': True, 'instance': None, 'source': {'projectId': 'b9e6631f-0c45-46f7-a971-a9e1f9f4da3c', 'environmentId': '0616b10e-7fe6-566b-ac3c-c46efe254609', 'contentGeneration': 1, 'metadataRevision': 1}, 'saved': {'projectId': 'b9e6631f-0c45-46f7-a971-a9e1f9f4da3c', 'environmentId': '0616b10e-7fe6-566b-ac3c-c46efe254609', 'contentGeneration': 1, 'metadataRevision': 1}, 'targets': [{'projectId': 'b9e6631f-0c45-46f7-a971-a9e1f9f4da3c', 'tableId': '8d1c8407-43a4-42f1-a47b-8db761623964', 'datasetGeneration': 'baf15ef1-35fa-4fee-b7f8-cc245971a73b', 'recordKey': {'type': 'uuid', 'value': 'c9012265-68d7-4995-8cab-bb88fdf60553'}}, {'projectId': 'b9e6631f-0c45-46f7-a971-a9e1f9f4da3c', 'tableId': '229b3cee-10ba-4ea0-860b-ee621f2c1032', 'datasetGeneration': '696fbf67-d29a-4e13-ad72-f05d04497646', 'recordKey': {'type': 'uuid', 'value': '7a9418d0-554c-4495-957a-d19dc635d75b'}}], 'conflicts': []}}
E                 {'type': 'extra_forbidden', 'loc': ('response', 'result', 'SheetsBinding', 'phase'), 'msg': 'Extra inputs are not permitted', 'input': 'completed'}
E                 {'type': 'extra_forbidden', 'loc': ('response', 'result', 'SheetsBinding', 'error'), 'msg': 'Extra inputs are not permitted', 'input': None}
E                 {'type': 'extra_forbidden', 'loc': ('response', 'result', 'SheetsBinding', 'complete'), 'msg': 'Extra inputs are not permitted', 'input': True}
E                 {'type': 'extra_forbidden', 'loc': ('response', 'result', 'SheetsBinding', 'instance'), 'msg': 'Extra inputs are not permitted', 'input': None}
E                 {'type': 'extra_forbidden', 'loc': ('response', 'result', 'SheetsBinding', 'source'), 'msg': 'Extra inputs are not permitted', 'input': {'projectId': 'b9e6631f-0c45-46f7-a971-a9e1f9f4da3c', 'environmentId': '0616b10e-7fe6-566b-ac3c-c46efe254609', 'contentGeneration': 1, 'metadataRevision': 1}}
E                 {'type': 'extra_forbidden', 'loc': ('response', 'result', 'SheetsBinding', 'saved'), 'msg': 'Extra inputs are not permitted', 'input': {'projectId': 'b9e6631f-0c45-46f7-a971-a9e1f9f4da3c', 'environmentId': '0616b10e-7fe6-566b-ac3c-c46efe254609', 'contentGeneration': 1, 'metadataRevision': 1}}
E                 {'type': 'extra_forbidden', 'loc': ('response', 'result', 'SheetsBinding', 'targets'), 'msg': 'Extra inputs are not permitted', 'input': [{'projectId': 'b9e6631f-0c45-46f7-a971-a9e1f9f4da3c', 'tableId': '8d1c8407-43a4-42f1-a47b-8db761623964', 'datasetGeneration': 'baf15ef1-35fa-4fee-b7f8-cc245971a73b', 'recordKey': {'type': 'uuid', 'value': 'c9012265-68d7-4995-8cab-bb88fdf60553'}}, {'projectId': 'b9e6631f-0c45-46f7-a971-a9e1f9f4da3c', 'tableId': '229b3cee-10ba-4ea0-860b-ee621f2c1032', 'datasetGeneration': '696fbf67-d29a-4e13-ad72-f05d04497646', 'recordKey': {'type': 'uuid', 'value': '7a9418d0-554c-4495-957a-d19dc635d75b'}}]}
E                 {'type': 'extra_forbidden', 'loc': ('response', 'result', 'SheetsBinding', 'conflicts'), 'msg': 'Extra inputs are not permitted', 'input': []}
E                 {'type': 'missing', 'loc': ('response', 'result', 'SheetsUnbindResult', 'table'), 'msg': 'Field required', 'input': {'phase': 'completed', 'error': None, 'complete': True, 'instance': None, 'source': {'projectId': 'b9e6631f-0c45-46f7-a971-a9e1f9f4da3c', 'environmentId': '0616b10e-7fe6-566b-ac3c-c46efe254609', 'contentGeneration': 1, 'metadataRevision': 1}, 'saved': {'projectId': 'b9e6631f-0c45-46f7-a971-a9e1f9f4da3c', 'environmentId': '0616b10e-7fe6-566b-ac3c-c46efe254609', 'contentGeneration': 1, 'metadataRevision': 1}, 'targets': [{'projectId': 'b9e6631f-0c45-46f7-a971-a9e1f9f4da3c', 'tableId': '8d1c8407-43a4-42f1-a47b-8db761623964', 'datasetGeneration': 'baf15ef1-35fa-4fee-b7f8-cc245971a73b', 'recordKey': {'type': 'uuid', 'value': 'c9012265-68d7-4995-8cab-bb88fdf60553'}}, {'projectId': 'b9e6631f-0c45-46f7-a971-a9e1f9f4da3c', 'tableId': '229b3cee-10ba-4ea0-860b-ee621f2c1032', 'datasetGeneration': '696fbf67-d29a-4e13-ad72-f05d04497646', 'recordKey': {'type': 'uuid', 'value': '7a9418d0-554c-4495-957a-d19dc635d75b'}}], 'conflicts': []}}
E                 {'type': 'missing', 'loc': ('response', 'result', 'SheetsUnbindResult', 'unbound'), 'msg': 'Field required', 'input': {'phase': 'completed', 'error': None, 'complete': True, 'instance': None, 'source': {'projectId': 'b9e6631f-0c45-46f7-a971-a9e1f9f4da3c', 'environmentId': '0616b10e-7fe6-566b-ac3c-c46efe254609', 'contentGeneration': 1, 'metadataRevision': 1}, 'saved': {'projectId': 'b9e6631f-0c45-46f7-a971-a9e1f9f4da3c', 'environmentId': '0616b10e-7fe6-566b-ac3c-c46efe254609', 'contentGeneration': 1, 'metadataRevision': 1}, 'targets': [{'projectId': 'b9e6631f-0c45-46f7-a971-a9e1f9f4da3c', 'tableId': '8d1c8407-43a4-42f1-a47b-8db761623964', 'datasetGeneration': 'baf15ef1-35fa-4fee-b7f8-cc245971a73b', 'recordKey': {'type': 'uuid', 'value': 'c9012265-68d7-4995-8cab-bb88fdf60553'}}, {'projectId': 'b9e6631f-0c45-46f7-a971-a9e1f9f4da3c', 'tableId': '229b3cee-10ba-4ea0-860b-ee621f2c1032', 'datasetGeneration': '696fbf67-d29a-4e13-ad72-f05d04497646', 'recordKey': {'type': 'uuid', 'value': '7a9418d0-554c-4495-957a-d19dc635d75b'}}], 'conflicts': []}}
E                 {'type': 'extra_forbidden', 'loc': ('response', 'result', 'SheetsUnbindResult', 'phase'), 'msg': 'Extra inputs are not permitted', 'input': 'completed'}
E                 {'type': 'extra_forbidden', 'loc': ('response', 'result', 'SheetsUnbindResult', 'error'), 'msg': 'Extra inputs are not permitted', 'input': None}
E                 {'type': 'extra_forbidden', 'loc': ('response', 'result', 'SheetsUnbindResult', 'complete'), 'msg': 'Extra inputs are not permitted', 'input': True}
E                 {'type': 'extra_forbidden', 'loc': ('response', 'result', 'SheetsUnbindResult', 'instance'), 'msg': 'Extra inputs are not permitted', 'input': None}
E                 {'type': 'extra_forbidden', 'loc': ('response', 'result', 'SheetsUnbindResult', 'source'), 'msg': 'Extra inputs are not permitted', 'input': {'projectId': 'b9e6631f-0c45-46f7-a971-a9e1f9f4da3c', 'environmentId': '0616b10e-7fe6-566b-ac3c-c46efe254609', 'contentGeneration': 1, 'metadataRevision': 1}}
E                 {'type': 'extra_forbidden', 'loc': ('response', 'result', 'SheetsUnbindResult', 'saved'), 'msg': 'Extra inputs are not permitted', 'input': {'projectId': 'b9e6631f-0c45-46f7-a971-a9e1f9f4da3c', 'environmentId': '0616b10e-7fe6-566b-ac3c-c46efe254609', 'contentGeneration': 1, 'metadataRevision': 1}}
E                 {'type': 'extra_forbidden', 'loc': ('response', 'result', 'SheetsUnbindResult', 'targets'), 'msg': 'Extra inputs are not permitted', 'input': [{'projectId': 'b9e6631f-0c45-46f7-a971-a9e1f9f4da3c', 'tableId': '8d1c8407-43a4-42f1-a47b-8db761623964', 'datasetGeneration': 'baf15ef1-35fa-4fee-b7f8-cc245971a73b', 'recordKey': {'type': 'uuid', 'value': 'c9012265-68d7-4995-8cab-bb88fdf60553'}}, {'projectId': 'b9e6631f-0c45-46f7-a971-a9e1f9f4da3c', 'tableId': '229b3cee-10ba-4ea0-860b-ee621f2c1032', 'datasetGeneration': '696fbf67-d29a-4e13-ad72-f05d04497646', 'recordKey': {'type': 'uuid', 'value': '7a9418d0-554c-4495-957a-d19dc635d75b'}}]}
E                 {'type': 'extra_forbidden', 'loc': ('response', 'result', 'SheetsUnbindResult', 'conflicts'), 'msg': 'Extra inputs are not permitted', 'input': []}
E                 {'type': 'missing', 'loc': ('response', 'result', 'SyncRunResult', 'tableId'), 'msg': 'Field required', 'input': {'phase': 'completed', 'error': None, 'complete': True, 'instance': None, 'source': {'projectId': 'b9e6631f-0c45-46f7-a971-a9e1f9f4da3c', 'environmentId': '0616b10e-7fe6-566b-ac3c-c46efe254609', 'contentGeneration': 1, 'metadataRevision': 1}, 'saved': {'projectId': 'b9e6631f-0c45-46f7-a971-a9e1f9f4da3c', 'environmentId': '0616b10e-7fe6-566b-ac3c-c46efe254609', 'contentGeneration': 1, 'metadataRevision': 1}, 'targets': [{'projectId': 'b9e6631f-0c45-46f7-a971-a9e1f9f4da3c', 'tableId': '8d1c8407-43a4-42f1-a47b-8db761623964', 'datasetGeneration': 'baf15ef1-35fa-4fee-b7f8-cc245971a73b', 'recordKey': {'type': 'uuid', 'value': 'c9012265-68d7-4995-8cab-bb88fdf60553'}}, {'projectId': 'b9e6631f-0c45-46f7-a971-a9e1f9f4da3c', 'tableId': '229b3cee-10ba-4ea0-860b-ee621f2c1032', 'datasetGeneration': '696fbf67-d29a-4e13-ad72-f05d04497646', 'recordKey': {'type': 'uuid', 'value': '7a9418d0-554c-4495-957a-d19dc635d75b'}}], 'conflicts': []}}
E                 {'type': 'missing', 'loc': ('response', 'result', 'SyncRunResult', 'summary'), 'msg': 'Field required', 'input': {'phase': 'completed', 'error': None, 'complete': True, 'instance': None, 'source': {'projectId': 'b9e6631f-0c45-46f7-a971-a9e1f9f4da3c', 'environmentId': '0616b10e-7fe6-566b-ac3c-c46efe254609', 'contentGeneration': 1, 'metadataRevision': 1}, 'saved': {'projectId': 'b9e6631f-0c45-46f7-a971-a9e1f9f4da3c', 'environmentId': '0616b10e-7fe6-566b-ac3c-c46efe254609', 'contentGeneration': 1, 'metadataRevision': 1}, 'targets': [{'projectId': 'b9e6631f-0c45-46f7-a971-a9e1f9f4da3c', 'tableId': '8d1c8407-43a4-42f1-a47b-8db761623964', 'datasetGeneration': 'baf15ef1-35fa-4fee-b7f8-cc245971a73b', 'recordKey': {'type': 'uuid', 'value': 'c9012265-68d7-4995-8cab-bb88fdf60553'}}, {'projectId': 'b9e6631f-0c45-46f7-a971-a9e1f9f4da3c', 'tableId': '229b3cee-10ba-4ea0-860b-ee621f2c1032', 'datasetGeneration': '696fbf67-d29a-4e13-ad72-f05d04497646', 'recordKey': {'type': 'uuid', 'value': '7a9418d0-554c-4495-957a-d19dc635d75b'}}], 'conflicts': []}}
E                 {'type': 'extra_forbidden', 'loc': ('response', 'result', 'SyncRunResult', 'phase'), 'msg': 'Extra inputs are not permitted', 'input': 'completed'}
E                 {'type': 'extra_forbidden', 'loc': ('response', 'result', 'SyncRunResult', 'error'), 'msg': 'Extra inputs are not permitted', 'input': None}
E                 {'type': 'extra_forbidden', 'loc': ('response', 'result', 'SyncRunResult', 'complete'), 'msg': 'Extra inputs are not permitted', 'input': True}
E                 {'type': 'extra_forbidden', 'loc': ('response', 'result', 'SyncRunResult', 'instance'), 'msg': 'Extra inputs are not permitted', 'input': None}
E                 {'type': 'extra_forbidden', 'loc': ('response', 'result', 'SyncRunResult', 'source'), 'msg': 'Extra inputs are not permitted', 'input': {'projectId': 'b9e6631f-0c45-46f7-a971-a9e1f9f4da3c', 'environmentId': '0616b10e-7fe6-566b-ac3c-c46efe254609', 'contentGeneration': 1, 'metadataRevision': 1}}
E                 {'type': 'extra_forbidden', 'loc': ('response', 'result', 'SyncRunResult', 'saved'), 'msg': 'Extra inputs are not permitted', 'input': {'projectId': 'b9e6631f-0c45-46f7-a971-a9e1f9f4da3c', 'environmentId': '0616b10e-7fe6-566b-ac3c-c46efe254609', 'contentGeneration': 1, 'metadataRevision': 1}}
E                 {'type': 'extra_forbidden', 'loc': ('response', 'result', 'SyncRunResult', 'targets'), 'msg': 'Extra inputs are not permitted', 'input': [{'projectId': 'b9e6631f-0c45-46f7-a971-a9e1f9f4da3c', 'tableId': '8d1c8407-43a4-42f1-a47b-8db761623964', 'datasetGeneration': 'baf15ef1-35fa-4fee-b7f8-cc245971a73b', 'recordKey': {'type': 'uuid', 'value': 'c9012265-68d7-4995-8cab-bb88fdf60553'}}, {'projectId': 'b9e6631f-0c45-46f7-a971-a9e1f9f4da3c', 'tableId': '229b3cee-10ba-4ea0-860b-ee621f2c1032', 'datasetGeneration': '696fbf67-d29a-4e13-ad72-f05d04497646', 'recordKey': {'type': 'uuid', 'value': '7a9418d0-554c-4495-957a-d19dc635d75b'}}]}
E                 {'type': 'extra_forbidden', 'loc': ('response', 'result', 'SyncRunResult', 'conflicts'), 'msg': 'Extra inputs are not permitted', 'input': []}
E                 {'type': 'missing', 'loc': ('response', 'result', 'SyncOperation', 'syncOperationId'), 'msg': 'Field required', 'input': {'phase': 'completed', 'error': None, 'complete': True, 'instance': None, 'source': {'projectId': 'b9e6631f-0c45-46f7-a971-a9e1f9f4da3c', 'environmentId': '0616b10e-7fe6-566b-ac3c-c46efe254609', 'contentGeneration': 1, 'metadataRevision': 1}, 'saved': {'projectId': 'b9e6631f-0c45-46f7-a971-a9e1f9f4da3c', 'environmentId': '0616b10e-7fe6-566b-ac3c-c46efe254609', 'contentGeneration': 1, 'metadataRevision': 1}, 'targets': [{'projectId': 'b9e6631f-0c45-46f7-a971-a9e1f9f4da3c', 'tableId': '8d1c8407-43a4-42f1-a47b-8db761623964', 'datasetGeneration': 'baf15ef1-35fa-4fee-b7f8-cc245971a73b', 'recordKey': {'type': 'uuid', 'value': 'c9012265-68d7-4995-8cab-bb88fdf60553'}}, {'projectId': 'b9e6631f-0c45-46f7-a971-a9e1f9f4da3c', 'tableId': '229b3cee-10ba-4ea0-860b-ee621f2c1032', 'datasetGeneration': '696fbf67-d29a-4e13-ad72-f05d04497646', 'recordKey': {'type': 'uuid', 'value': '7a9418d0-554c-4495-957a-d19dc635d75b'}}], 'conflicts': []}}
E                 {'type': 'missing', 'loc': ('response', 'result', 'SyncOperation', 'projectId'), 'msg': 'Field required', 'input': {'phase': 'completed', 'error': None, 'complete': True, 'instance': None, 'source': {'projectId': 'b9e6631f-0c45-46f7-a971-a9e1f9f4da3c', 'environmentId': '0616b10e-7fe6-566b-ac3c-c46efe254609', 'contentGeneration': 1, 'metadataRevision': 1}, 'saved': {'projectId': 'b9e6631f-0c45-46f7-a971-a9e1f9f4da3c', 'environmentId': '0616b10e-7fe6-566b-ac3c-c46efe254609', 'contentGeneration': 1, 'metadataRevision': 1}, 'targets': [{'projectId': 'b9e6631f-0c45-46f7-a971-a9e1f9f4da3c', 'tableId': '8d1c8407-43a4-42f1-a47b-8db761623964', 'datasetGeneration': 'baf15ef1-35fa-4fee-b7f8-cc245971a73b', 'recordKey': {'type': 'uuid', 'value': 'c9012265-68d7-4995-8cab-bb88fdf60553'}}, {'projectId': 'b9e6631f-0c45-46f7-a971-a9e1f9f4da3c', 'tableId': '229b3cee-10ba-4ea0-860b-ee621f2c1032', 'datasetGeneration': '696fbf67-d29a-4e13-ad72-f05d04497646', 'recordKey': {'type': 'uuid', 'value': '7a9418d0-554c-4495-957a-d19dc635d75b'}}], 'conflicts': []}}
E                 {'type': 'missing', 'loc': ('response', 'result', 'SyncOperation', 'tableId'), 'msg': 'Field required', 'input': {'phase': 'completed', 'error': None, 'complete': True, 'instance': None, 'source': {'projectId': 'b9e6631f-0c45-46f7-a971-a9e1f9f4da3c', 'environmentId': '0616b10e-7fe6-566b-ac3c-c46efe254609', 'contentGeneration': 1, 'metadataRevision': 1}, 'saved': {'projectId': 'b9e6631f-0c45-46f7-a971-a9e1f9f4da3c', 'environmentId': '0616b10e-7fe6-566b-ac3c-c46efe254609', 'contentGeneration': 1, 'metadataRevision': 1}, 'targets': [{'projectId': 'b9e6631f-0c45-46f7-a971-a9e1f9f4da3c', 'tableId': '8d1c8407-43a4-42f1-a47b-8db761623964', 'datasetGeneration': 'baf15ef1-35fa-4fee-b7f8-cc245971a73b', 'recordKey': {'type': 'uuid', 'value': 'c9012265-68d7-4995-8cab-bb88fdf60553'}}, {'projectId': 'b9e6631f-0c45-46f7-a971-a9e1f9f4da3c', 'tableId': '229b3cee-10ba-4ea0-860b-ee621f2c1032', 'datasetGeneration': '696fbf67-d29a-4e13-ad72-f05d04497646', 'recordKey': {'type': 'uuid', 'value': '7a9418d0-554c-4495-957a-d19dc635d75b'}}], 'conflicts': []}}
E                 {'type': 'missing', 'loc': ('response', 'result', 'SyncOperation', 'kind'), 'msg': 'Field required', 'input': {'phase': 'completed', 'error': None, 'complete': True, 'instance': None, 'source': {'projectId': 'b9e6631f-0c45-46f7-a971-a9e1f9f4da3c', 'environmentId': '0616b10e-7fe6-566b-ac3c-c46efe254609', 'contentGeneration': 1, 'metadataRevision': 1}, 'saved': {'projectId': 'b9e6631f-0c45-46f7-a971-a9e1f9f4da3c', 'environmentId': '0616b10e-7fe6-566b-ac3c-c46efe254609', 'contentGeneration': 1, 'metadataRevision': 1}, 'targets': [{'projectId': 'b9e6631f-0c45-46f7-a971-a9e1f9f4da3c', 'tableId': '8d1c8407-43a4-42f1-a47b-8db761623964', 'datasetGeneration': 'baf15ef1-35fa-4fee-b7f8-cc245971a73b', 'recordKey': {'type': 'uuid', 'value': 'c9012265-68d7-4995-8cab-bb88fdf60553'}}, {'projectId': 'b9e6631f-0c45-46f7-a971-a9e1f9f4da3c', 'tableId': '229b3cee-10ba-4ea0-860b-ee621f2c1032', 'datasetGeneration': '696fbf67-d29a-4e13-ad72-f05d04497646', 'recordKey': {'type': 'uuid', 'value': '7a9418d0-554c-4495-957a-d19dc635d75b'}}], 'conflicts': []}}
E                 {'type': 'missing', 'loc': ('response', 'result', 'SyncOperation', 'bindingEpoch'), 'msg': 'Field required', 'input': {'phase': 'completed', 'error': None, 'complete': True, 'instance': None, 'source': {'projectId': 'b9e6631f-0c45-46f7-a971-a9e1f9f4da3c', 'environmentId': '0616b10e-7fe6-566b-ac3c-c46efe254609', 'contentGeneration': 1, 'metadataRevision': 1}, 'saved': {'projectId': 'b9e6631f-0c45-46f7-a971-a9e1f9f4da3c', 'environmentId': '0616b10e-7fe6-566b-ac3c-c46efe254609', 'contentGeneration': 1, 'metadataRevision': 1}, 'targets': [{'projectId': 'b9e6631f-0c45-46f7-a971-a9e1f9f4da3c', 'tableId': '8d1c8407-43a4-42f1-a47b-8db761623964', 'datasetGeneration': 'baf15ef1-35fa-4fee-b7f8-cc245971a73b', 'recordKey': {'type': 'uuid', 'value': 'c9012265-68d7-4995-8cab-bb88fdf60553'}}, {'projectId': 'b9e6631f-0c45-46f7-a971-a9e1f9f4da3c', 'tableId': '229b3cee-10ba-4ea0-860b-ee621f2c1032', 'datasetGeneration': '696fbf67-d29a-4e13-ad72-f05d04497646', 'recordKey': {'type': 'uuid', 'value': '7a9418d0-554c-4495-957a-d19dc635d75b'}}], 'conflicts': []}}
E                 {'type': 'missing', 'loc': ('response', 'result', 'SyncOperation', 'status'), 'msg': 'Field required', 'input': {'phase': 'completed', 'error': None, 'complete': True, 'instance': None, 'source': {'projectId': 'b9e6631f-0c45-46f7-a971-a9e1f9f4da3c', 'environmentId': '0616b10e-7fe6-566b-ac3c-c46efe254609', 'contentGeneration': 1, 'metadataRevision': 1}, 'saved': {'projectId': 'b9e6631f-0c45-46f7-a971-a9e1f9f4da3c', 'environmentId': '0616b10e-7fe6-566b-ac3c-c46efe254609', 'contentGeneration': 1, 'metadataRevision': 1}, 'targets': [{'projectId': 'b9e6631f-0c45-46f7-a971-a9e1f9f4da3c', 'tableId': '8d1c8407-43a4-42f1-a47b-8db761623964', 'datasetGeneration': 'baf15ef1-35fa-4fee-b7f8-cc245971a73b', 'recordKey': {'type': 'uuid', 'value': 'c9012265-68d7-4995-8cab-bb88fdf60553'}}, {'projectId': 'b9e6631f-0c45-46f7-a971-a9e1f9f4da3c', 'tableId': '229b3cee-10ba-4ea0-860b-ee621f2c1032', 'datasetGeneration': '696fbf67-d29a-4e13-ad72-f05d04497646', 'recordKey': {'type': 'uuid', 'value': '7a9418d0-554c-4495-957a-d19dc635d75b'}}], 'conflicts': []}}
E                 {'type': 'missing', 'loc': ('response', 'result', 'SyncOperation', 'statusRevision'), 'msg': 'Field required', 'input': {'phase': 'completed', 'error': None, 'complete': True, 'instance': None, 'source': {'projectId': 'b9e6631f-0c45-46f7-a971-a9e1f9f4da3c', 'environmentId': '0616b10e-7fe6-566b-ac3c-c46efe254609', 'contentGeneration': 1, 'metadataRevision': 1}, 'saved': {'projectId': 'b9e6631f-0c45-46f7-a971-a9e1f9f4da3c', 'environmentId': '0616b10e-7fe6-566b-ac3c-c46efe254609', 'contentGeneration': 1, 'metadataRevision': 1}, 'targets': [{'projectId': 'b9e6631f-0c45-46f7-a971-a9e1f9f4da3c', 'tableId': '8d1c8407-43a4-42f1-a47b-8db761623964', 'datasetGeneration': 'baf15ef1-35fa-4fee-b7f8-cc245971a73b', 'recordKey': {'type': 'uuid', 'value': 'c9012265-68d7-4995-8cab-bb88fdf60553'}}, {'projectId': 'b9e6631f-0c45-46f7-a971-a9e1f9f4da3c', 'tableId': '229b3cee-10ba-4ea0-860b-ee621f2c1032', 'datasetGeneration': '696fbf67-d29a-4e13-ad72-f05d04497646', 'recordKey': {'type': 'uuid', 'value': '7a9418d0-554c-4495-957a-d19dc635d75b'}}], 'conflicts': []}}
E                 {'type': 'missing', 'loc': ('response', 'result', 'SyncOperation', 'createdAt'), 'msg': 'Field required', 'input': {'phase': 'completed', 'error': None, 'complete': True, 'instance': None, 'source': {'projectId': 'b9e6631f-0c45-46f7-a971-a9e1f9f4da3c', 'environmentId': '0616b10e-7fe6-566b-ac3c-c46efe254609', 'contentGeneration': 1, 'metadataRevision': 1}, 'saved': {'projectId': 'b9e6631f-0c45-46f7-a971-a9e1f9f4da3c', 'environmentId': '0616b10e-7fe6-566b-ac3c-c46efe254609', 'contentGeneration': 1, 'metadataRevision': 1}, 'targets': [{'projectId': 'b9e6631f-0c45-46f7-a971-a9e1f9f4da3c', 'tableId': '8d1c8407-43a4-42f1-a47b-8db761623964', 'datasetGeneration': 'baf15ef1-35fa-4fee-b7f8-cc245971a73b', 'recordKey': {'type': 'uuid', 'value': 'c9012265-68d7-4995-8cab-bb88fdf60553'}}, {'projectId': 'b9e6631f-0c45-46f7-a971-a9e1f9f4da3c', 'tableId': '229b3cee-10ba-4ea0-860b-ee621f2c1032', 'datasetGeneration': '696fbf67-d29a-4e13-ad72-f05d04497646', 'recordKey': {'type': 'uuid', 'value': '7a9418d0-554c-4495-957a-d19dc635d75b'}}], 'conflicts': []}}
E                 {'type': 'missing', 'loc': ('response', 'result', 'SyncOperation', 'updatedAt'), 'msg': 'Field required', 'input': {'phase': 'completed', 'error': None, 'complete': True, 'instance': None, 'source': {'projectId': 'b9e6631f-0c45-46f7-a971-a9e1f9f4da3c', 'environmentId': '0616b10e-7fe6-566b-ac3c-c46efe254609', 'contentGeneration': 1, 'metadataRevision': 1}, 'saved': {'projectId': 'b9e6631f-0c45-46f7-a971-a9e1f9f4da3c', 'environmentId': '0616b10e-7fe6-566b-ac3c-c46efe254609', 'contentGeneration': 1, 'metadataRevision': 1}, 'targets': [{'projectId': 'b9e6631f-0c45-46f7-a971-a9e1f9f4da3c', 'tableId': '8d1c8407-43a4-42f1-a47b-8db761623964', 'datasetGeneration': 'baf15ef1-35fa-4fee-b7f8-cc245971a73b', 'recordKey': {'type': 'uuid', 'value': 'c9012265-68d7-4995-8cab-bb88fdf60553'}}, {'projectId': 'b9e6631f-0c45-46f7-a971-a9e1f9f4da3c', 'tableId': '229b3cee-10ba-4ea0-860b-ee621f2c1032', 'datasetGeneration': '696fbf67-d29a-4e13-ad72-f05d04497646', 'recordKey': {'type': 'uuid', 'value': '7a9418d0-554c-4495-957a-d19dc635d75b'}}], 'conflicts': []}}
E                 {'type': 'extra_forbidden', 'loc': ('response', 'result', 'SyncOperation', 'phase'), 'msg': 'Extra inputs are not permitted', 'input': 'completed'}
E                 {'type': 'extra_forbidden', 'loc': ('response', 'result', 'SyncOperation', 'complete'), 'msg': 'Extra inputs are not permitted', 'input': True}
E                 {'type': 'extra_forbidden', 'loc': ('response', 'result', 'SyncOperation', 'instance'), 'msg': 'Extra inputs are not permitted', 'input': None}
E                 {'type': 'extra_forbidden', 'loc': ('response', 'result', 'SyncOperation', 'source'), 'msg': 'Extra inputs are not permitted', 'input': {'projectId': 'b9e6631f-0c45-46f7-a971-a9e1f9f4da3c', 'environmentId': '0616b10e-7fe6-566b-ac3c-c46efe254609', 'contentGeneration': 1, 'metadataRevision': 1}}
E                 {'type': 'extra_forbidden', 'loc': ('response', 'result', 'SyncOperation', 'saved'), 'msg': 'Extra inputs are not permitted', 'input': {'projectId': 'b9e6631f-0c45-46f7-a971-a9e1f9f4da3c', 'environmentId': '0616b10e-7fe6-566b-ac3c-c46efe254609', 'contentGeneration': 1, 'metadataRevision': 1}}
E                 {'type': 'extra_forbidden', 'loc': ('response', 'result', 'SyncOperation', 'targets'), 'msg': 'Extra inputs are not permitted', 'input': [{'projectId': 'b9e6631f-0c45-46f7-a971-a9e1f9f4da3c', 'tableId': '8d1c8407-43a4-42f1-a47b-8db761623964', 'datasetGeneration': 'baf15ef1-35fa-4fee-b7f8-cc245971a73b', 'recordKey': {'type': 'uuid', 'value': 'c9012265-68d7-4995-8cab-bb88fdf60553'}}, {'projectId': 'b9e6631f-0c45-46f7-a971-a9e1f9f4da3c', 'tableId': '229b3cee-10ba-4ea0-860b-ee621f2c1032', 'datasetGeneration': '696fbf67-d29a-4e13-ad72-f05d04497646', 'recordKey': {'type': 'uuid', 'value': '7a9418d0-554c-4495-957a-d19dc635d75b'}}]}
E                 {'type': 'extra_forbidden', 'loc': ('response', 'result', 'SyncOperation', 'conflicts'), 'msg': 'Extra inputs are not permitted', 'input': []}
E                 {'type': 'missing', 'loc': ('response', 'result', 'DeletedResourceResult', 'target'), 'msg': 'Field required', 'input': {'phase': 'completed', 'error': None, 'complete': True, 'instance': None, 'source': {'projectId': 'b9e6631f-0c45-46f7-a971-a9e1f9f4da3c', 'environmentId': '0616b10e-7fe6-566b-ac3c-c46efe254609', 'contentGeneration': 1, 'metadataRevision': 1}, 'saved': {'projectId': 'b9e6631f-0c45-46f7-a971-a9e1f9f4da3c', 'environmentId': '0616b10e-7fe6-566b-ac3c-c46efe254609', 'contentGeneration': 1, 'metadataRevision': 1}, 'targets': [{'projectId': 'b9e6631f-0c45-46f7-a971-a9e1f9f4da3c', 'tableId': '8d1c8407-43a4-42f1-a47b-8db761623964', 'datasetGeneration': 'baf15ef1-35fa-4fee-b7f8-cc245971a73b', 'recordKey': {'type': 'uuid', 'value': 'c9012265-68d7-4995-8cab-bb88fdf60553'}}, {'projectId': 'b9e6631f-0c45-46f7-a971-a9e1f9f4da3c', 'tableId': '229b3cee-10ba-4ea0-860b-ee621f2c1032', 'datasetGeneration': '696fbf67-d29a-4e13-ad72-f05d04497646', 'recordKey': {'type': 'uuid', 'value': '7a9418d0-554c-4495-957a-d19dc635d75b'}}], 'conflicts': []}}
E                 {'type': 'missing', 'loc': ('response', 'result', 'DeletedResourceResult', 'deleted'), 'msg': 'Field required', 'input': {'phase': 'completed', 'error': None, 'complete': True, 'instance': None, 'source': {'projectId': 'b9e6631f-0c45-46f7-a971-a9e1f9f4da3c', 'environmentId': '0616b10e-7fe6-566b-ac3c-c46efe254609', 'contentGeneration': 1, 'metadataRevision': 1}, 'saved': {'projectId': 'b9e6631f-0c45-46f7-a971-a9e1f9f4da3c', 'environmentId': '0616b10e-7fe6-566b-ac3c-c46efe254609', 'contentGeneration': 1, 'metadataRevision': 1}, 'targets': [{'projectId': 'b9e6631f-0c45-46f7-a971-a9e1f9f4da3c', 'tableId': '8d1c8407-43a4-42f1-a47b-8db761623964', 'datasetGeneration': 'baf15ef1-35fa-4fee-b7f8-cc245971a73b', 'recordKey': {'type': 'uuid', 'value': 'c9012265-68d7-4995-8cab-bb88fdf60553'}}, {'projectId': 'b9e6631f-0c45-46f7-a971-a9e1f9f4da3c', 'tableId': '229b3cee-10ba-4ea0-860b-ee621f2c1032', 'datasetGeneration': '696fbf67-d29a-4e13-ad72-f05d04497646', 'recordKey': {'type': 'uuid', 'value': '7a9418d0-554c-4495-957a-d19dc635d75b'}}], 'conflicts': []}}
E                 {'type': 'extra_forbidden', 'loc': ('response', 'result', 'DeletedResourceResult', 'phase'), 'msg': 'Extra inputs are not permitted', 'input': 'completed'}
E                 {'type': 'extra_forbidden', 'loc': ('response', 'result', 'DeletedResourceResult', 'error'), 'msg': 'Extra inputs are not permitted', 'input': None}
E                 {'type': 'extra_forbidden', 'loc': ('response', 'result', 'DeletedResourceResult', 'complete'), 'msg': 'Extra inputs are not permitted', 'input': True}
E                 {'type': 'extra_forbidden', 'loc': ('response', 'result', 'DeletedResourceResult', 'instance'), 'msg': 'Extra inputs are not permitted', 'input': None}
E                 {'type': 'extra_forbidden', 'loc': ('response', 'result', 'DeletedResourceResult', 'source'), 'msg': 'Extra inputs are not permitted', 'input': {'projectId': 'b9e6631f-0c45-46f7-a971-a9e1f9f4da3c', 'environmentId': '0616b10e-7fe6-566b-ac3c-c46efe254609', 'contentGeneration': 1, 'metadataRevision': 1}}
E                 {'type': 'extra_forbidden', 'loc': ('response', 'result', 'DeletedResourceResult', 'saved'), 'msg': 'Extra inputs are not permitted', 'input': {'projectId': 'b9e6631f-0c45-46f7-a971-a9e1f9f4da3c', 'environmentId': '0616b10e-7fe6-566b-ac3c-c46efe254609', 'contentGeneration': 1, 'metadataRevision': 1}}
E                 {'type': 'extra_forbidden', 'loc': ('response', 'result', 'DeletedResourceResult', 'targets'), 'msg': 'Extra inputs are not permitted', 'input': [{'projectId': 'b9e6631f-0c45-46f7-a971-a9e1f9f4da3c', 'tableId': '8d1c8407-43a4-42f1-a47b-8db761623964', 'datasetGeneration': 'baf15ef1-35fa-4fee-b7f8-cc245971a73b', 'recordKey': {'type': 'uuid', 'value': 'c9012265-68d7-4995-8cab-bb88fdf60553'}}, {'projectId': 'b9e6631f-0c45-46f7-a971-a9e1f9f4da3c', 'tableId': '229b3cee-10ba-4ea0-860b-ee621f2c1032', 'datasetGeneration': '696fbf67-d29a-4e13-ad72-f05d04497646', 'recordKey': {'type': 'uuid', 'value': '7a9418d0-554c-4495-957a-d19dc635d75b'}}]}
E                 {'type': 'extra_forbidden', 'loc': ('response', 'result', 'DeletedResourceResult', 'conflicts'), 'msg': 'Extra inputs are not permitted', 'input': []}
E               
E                 File "/Users/zhangtiancheng/Documents/projects/autoflow/apps/backend/src/autoflow/adapters/http/projects.py", line 206, in operation_by_key
E                   GET /api/v1/projects/{projectId}/operations/by-idempotency-key/{key}

.venv/lib/python3.11/site-packages/fastapi/routing.py:324: ResponseValidationError
=============================== warnings summary ===============================
tests/integration/test_project_end_worker.py::test_reopened_partial_end_repairs_all_targets_without_reviving_run
  /Users/zhangtiancheng/Documents/projects/autoflow/apps/backend/.venv/lib/python3.11/site-packages/starlette/testclient.py:53: DeprecationWarning: The anyio.abc.BlockingPortal alias is deprecated, use anyio.from_thread.BlockingPortal instead.
    _PortalFactoryType = Callable[[], AbstractContextManager[anyio.abc.BlockingPortal]]

-- Docs: https://docs.pytest.org/en/stable/how-to/capture-warnings.html
=========================== short test summary info ============================
FAILED tests/integration/test_project_end_worker.py::test_reopened_partial_end_repairs_all_targets_without_reviving_run
1 failed, 31 deselected, 1 warning in 1.60s
