
 RUN  v4.1.11 /Users/zhangtiancheng/Documents/projects/autoflow-project-management-implementation/apps/desktop

 ❯ src/renderer/domains/project-data/components/DataDeletionDialog.test.tsx (10 tests | 1 failed) 457ms
   × identifies the record and table without inventing an impact before preview 158ms
 ❯ src/renderer/shared/components/Modal.test.tsx (9 tests | 7 failed) 1447ms
     × applies an optional content class without changing the default modal 138ms
     × closes through Escape and returns focus 55ms
     × closes through overlay and returns focus 31ms
     × closes through close button and returns focus 48ms
     × keeps a busy modal open and focused through Escape and a complete overlay interaction 32ms
     × keeps the parent mounted and returns focus after cancelling a nested confirmation 60ms
     × preserves the new focus target during a rapid close and reopen 1031ms
 ❯ src/renderer/domains/project-data/pages/DataTableDetailPage.test.tsx (43 tests | 5 failed) 9089ms
   × loads a selected record through get and shows its readonly detail 1189ms
   × does not reopen the same typed key against a replacement generation 1099ms
   × opens replace import only for writable tables and keeps archived export available 1109ms
   × opens the table editor from settings without exposing internal versions 83ms
   × does not bind an old record key to a replacement data version during conflict reload 205ms

⎯⎯⎯⎯⎯⎯ Failed Tests 13 ⎯⎯⎯⎯⎯⎯⎯

 FAIL  src/renderer/shared/components/Modal.test.tsx > Modal > applies an optional content class without changing the default modal
TestingLibraryElementError: Unable to find an accessible element with the role "dialog" and name "默认弹窗"

Here are the accessible roles:

  dialog:

  Name "":
  [36m<div[39m
    [33maria-labelledby[39m=[32m"radix-_r_3_"[39m
    [33mclass[39m=[32m"autoflow-dialog-content fixed left-1/2 top-1/2 grid -translate-x-1/2 -translate-y-1/2 gap-4 rounded-modal border border-line bg-surface shadow-modal focus:outline-none motion-safe:transition-all max-h-[min(90vh,56rem)] w-[min(94vw,64rem)] grid-rows-[auto_minmax(0,1fr)_auto] p-0 max-w-2xl"[39m
    [33mdata-overlay-depth[39m=[32m"0"[39m
    [33mdata-placement[39m=[32m"dialog"[39m
    [33mdata-state[39m=[32m"open"[39m
    [33mid[39m=[32m"radix-_r_2_"[39m
    [33mrole[39m=[32m"dialog"[39m
    [33mstyle[39m=[32m"z-index: calc(var(--layer-modal) + 0 * var(--layer-step) + 1); pointer-events: auto;"[39m
    [33mtabindex[39m=[32m"-1"[39m
  [36m/>[39m

  --------------------------------------------------
  banner:

  Name "":
  [36m<header[39m
    [33mclass[39m=[32m"flex items-start justify-between gap-4 border-b border-line px-6 py-5"[39m
  [36m/>[39m

  --------------------------------------------------
  heading:

  Name "默认弹窗":
  [36m<h2[39m
    [33mclass[39m=[32m"text-lg font-semibold text-ink"[39m
    [33mid[39m=[32m"_r_1_"[39m
  [36m/>[39m

  --------------------------------------------------
  button:

  Name "关闭":
  [36m<button[39m
    [33maria-label[39m=[32m"关闭"[39m
    [33mclass[39m=[32m"af-button relative inline-flex items-center justify-center gap-2 rounded-control border border-transparent font-semibold transition-colors [transition-duration:var(--motion-control)] focus-visible:outline-2 focus-visible:outline-offset-2 focus-visible:outline-focus disabled:cursor-not-allowed text-muted enabled:hover:bg-surface-hover enabled:hover:text-ink enabled:active:bg-clay-soft text-sm h-9 w-9 shrink-0 p-0"[39m
    [33mtitle[39m=[32m"关闭"[39m
    [33mtype[39m=[32m"button"[39m
  [36m/>[39m

  --------------------------------------------------
  region:

  Name "默认弹窗内容":
  [36m<div[39m
    [33maria-label[39m=[32m"默认弹窗内容"[39m
    [33mclass[39m=[32m"min-h-0 overflow-y-auto px-6 py-5"[39m
    [33mrole[39m=[32m"region"[39m
    [33mtabindex[39m=[32m"0"[39m
  [36m/>[39m

  --------------------------------------------------

Ignored nodes: comments, script, style
[36m<body[39m
  [33mdata-scroll-locked[39m=[32m"1"[39m
  [33mstyle[39m=[32m"pointer-events: none;"[39m
[36m>[39m
  [36m<span[39m
    [33maria-hidden[39m=[32m"true"[39m
    [33mdata-aria-hidden[39m=[32m"true"[39m
    [33mdata-radix-focus-guard[39m=[32m""[39m
    [33mstyle[39m=[32m"outline: none; opacity: 0; position: fixed; pointer-events: none;"[39m
    [33mtabindex[39m=[32m"0"[39m
  [36m/>[39m
  [36m<div[39m
    [33maria-hidden[39m=[32m"true"[39m
    [33mdata-aria-hidden[39m=[32m"true"[39m
  [36m/>[39m
  [36m<div[39m
    [33maria-hidden[39m=[32m"true"[39m
    [33mclass[39m=[32m"autoflow-dialog-overlay fixed inset-0 bg-[var(--color-overlay)]"[39m
    [33mdata-aria-hidden[39m=[32m"true"[39m
    [33mdata-slot[39m=[32m"modal-overlay"[39m
    [33mdata-state[39m=[32m"open"[39m
    [33mstyle[39m=[32m"pointer-events: auto; z-index: calc(var(--layer-modal) + 0 * var(--layer-step));"[39m
  [36m/>[39m
  [36m<div[39m
    [33maria-labelledby[39m=[32m"radix-_r_3_"[39m
    [33mclass[39m=[32m"autoflow-dialog-content fixed left-1/2 top-1/2 grid -translate-x-1/2 -translate-y-1/2 gap-4 rounded-modal border border-line bg-surface shadow-modal focus:outline-none motion-safe:transition-all max-h-[min(90vh,56rem)] w-[min(94vw,64rem)] grid-rows-[auto_minmax(0,1fr)_auto] p-0 max-w-2xl"[39m
    [33mdata-overlay-depth[39m=[32m"0"[39m
    [33mdata-placement[39m=[32m"dialog"[39m
    [33mdata-state[39m=[32m"open"[39m
    [33mid[39m=[32m"radix-_r_2_"[39m
    [33mrole[39m=[32m"dialog"[39m
    [33mstyle[39m=[32m"z-index: calc(var(--layer-modal) + 0 * var(--layer-step) + 1); pointer-events: auto;"[39m
    [33mtabindex[39m=[32m"-1"[39m
  [36m>[39m
    [36m<header[39m
      [33mclass[39m=[32m"flex items-start justify-between gap-4 border-b border-line px-6 py-5"[39m
    [36m>[39m
      [36m<div[39m
        [33mclass[39m=[32m"grid gap-1"[39m
      [36m>[39m
        [36m<h2[39m
          [33mclass[39m=[32m"text-lg font-semibold text-ink"[39m
          [33mid[39m=[32m"_r_1_"[39m
        [36m>[39m
          [0m默认弹窗[0m
        [36m</h2>[39m
      [36m</div>[39m
      [36m<button[39m
        [33maria-label[39m=[32m"关闭"[39m
        [33mclass[39m=[32m"af-button relative inline-flex items-center justify-center gap-2 rounded-control border border-transparent font-semibold transition-colors [transition-duration:var(--motion-control)] focus-visible:outline-2 focus-visible:outline-offset-2 focus-visible:outline-focus disabled:cursor-not-allowed text-muted enabled:hover:bg-surface-hover enabled:hover:text-ink enabled:active:bg-clay-soft text-sm h-9 w-9 shrink-0 p-0"[39m
        [33mtitle[39m=[32m"关闭"[39m
        [33mtype[39m=[32m"button"[39m
      [36m>[39m
        [36m<span[39m
          [33mclass[39m=[32m"grid min-w-0"[39m
        [36m>[39m
          [36m<span[39m
            [33mclass[39m=[32m"col-start-1 row-start-1 inline-flex min-w-0 items-center justify-center gap-2"[39m
          [36m>[39m
            [36m<span[39m
              [33mclass[39m=[32m"grid place-items-center"[39m
            [36m>[39m
              [36m<span[39m
                [33maria-hidden[39m=[32m"true"[39m
                [33mclass[39m=[32m"col-start-1 row-start-1 inline-flex"[39m
              [36m>[39m
                [36m<svg[39m
                  [33mfill[39m=[32m"currentColor"[39m
                  [33mheight[39m=[32m"18"[39m
                  [33mviewBox[39m=[32m"0 0 256 256"[39m
                  [33mwidth[39m=[32m"18"[39m
                  [33mxmlns[39m=[32m"http://www.w3.org/2000/svg"[39m
                [36m>[39m
                  [36m<path[39m
                    [33md[39m=[32m"M205.66,194.34a8,8,0,0,1-11.32,11.32L128,139.31,61.66,205.66a8,8,0,0,1-11.32-11.32L116.69,128,50.34,61.66A8,8,0,0,1,61.66,50.34L128,116.69l66.34-66.35a8,8,0,0,1,11.32,11.32L139.31,128Z"[39m
                  [36m/>[39m
                [36m</svg>[39m
              [36m</span>[39m
            [36m</span>[39m
          [36m</span>[39m
        [36m</span>[39m
      [36m</button>[39m
    [36m</header>[39m
    [36m<div[39m
      [33maria-label[39m=[32m"默认弹窗内容"[39m
      [33mclass[39m=[32m"min-h-0 overflow-y-auto px-6 py-5"[39m
      [33mrole[39m=[32m"region"[39m
      [33mtabindex[39m=[32m"0"[39m
    [36m>[39m
      [0m内容[0m
    [36m</div>[39m
    [36m<div[39m
      [33mdata-overlay-host[39m=[32m"true"[39m
      [33mstyle[39m=[32m"display: contents;"[39m
    [36m/>[39m
  [36m</div>[39m
  [36m<span[39m
    [33maria-hidden[39m=[32m"true"[39m
    [33mdata-aria-hidden[39m=[32m"true"[39m
    [33mdata-radix-focus-guard[39m=[32m""[39m
    [33mstyle[39m=[32m"outline: none; opacity: 0; position: fixed; pointer-events: none;"[39m
    [33mtabindex[39m=[32m"0"[39m
  [36m/>[39m
[36m</body>[39m
 ❯ Object.getElementError ../../node_modules/@testing-library/dom/dist/config.js:37:19
 ❯ ../../node_modules/@testing-library/dom/dist/query-helpers.js:76:38
 ❯ ../../node_modules/@testing-library/dom/dist/query-helpers.js:52:17
 ❯ ../../node_modules/@testing-library/dom/dist/query-helpers.js:95:19
 ❯ src/renderer/shared/components/Modal.test.tsx:29:19
     27|   it('applies an optional content class without changing the default m…
     28|     const view=render(<Modal open onOpenChange={()=>undefined} title="…
     29|     expect(screen.getByRole('dialog',{name:'默认弹窗'})).not.toHaveClass('…
       |                   ^
     30|     view.rerender(<Modal open onOpenChange={()=>undefined} title="定制弹窗…
     31|     expect(screen.getByRole('dialog',{name:'定制弹窗'})).toHaveClass('max-…

⎯⎯⎯⎯⎯⎯⎯⎯⎯⎯⎯⎯⎯⎯⎯⎯⎯⎯⎯⎯⎯⎯⎯[1/13]⎯

 FAIL  src/renderer/shared/components/Modal.test.tsx > Modal > closes through Escape and returns focus
TestingLibraryElementError: Unable to find an accessible element with the role "dialog" and name "连接信息"

Here are the accessible roles:

  dialog:

  Name "":
  [36m<div[39m
    [33maria-labelledby[39m=[32m"radix-_r_8_"[39m
    [33mclass[39m=[32m"autoflow-dialog-content fixed left-1/2 top-1/2 grid -translate-x-1/2 -translate-y-1/2 gap-4 rounded-modal border border-line bg-surface shadow-modal focus:outline-none motion-safe:transition-all max-h-[min(90vh,56rem)] w-[min(94vw,64rem)] grid-rows-[auto_minmax(0,1fr)_auto] p-0 max-w-2xl"[39m
    [33mdata-overlay-depth[39m=[32m"0"[39m
    [33mdata-placement[39m=[32m"dialog"[39m
    [33mdata-state[39m=[32m"open"[39m
    [33mid[39m=[32m"radix-_r_7_"[39m
    [33mrole[39m=[32m"dialog"[39m
    [33mstyle[39m=[32m"z-index: calc(var(--layer-modal) + 0 * var(--layer-step) + 1); pointer-events: auto;"[39m
    [33mtabindex[39m=[32m"-1"[39m
  [36m/>[39m

  --------------------------------------------------
  banner:

  Name "":
  [36m<header[39m
    [33mclass[39m=[32m"flex items-start justify-between gap-4 border-b border-line px-6 py-5"[39m
  [36m/>[39m

  --------------------------------------------------
  heading:

  Name "连接信息":
  [36m<h2[39m
    [33mclass[39m=[32m"text-lg font-semibold text-ink"[39m
    [33mid[39m=[32m"_r_6_"[39m
  [36m/>[39m

  --------------------------------------------------
  button:

  Name "关闭":
  [36m<button[39m
    [33maria-label[39m=[32m"关闭"[39m
    [33mclass[39m=[32m"af-button relative inline-flex items-center justify-center gap-2 rounded-control border border-transparent font-semibold transition-colors [transition-duration:var(--motion-control)] focus-visible:outline-2 focus-visible:outline-offset-2 focus-visible:outline-focus disabled:cursor-not-allowed text-muted enabled:hover:bg-surface-hover enabled:hover:text-ink enabled:active:bg-clay-soft text-sm h-9 w-9 shrink-0 p-0"[39m
    [33mtitle[39m=[32m"关闭"[39m
    [33mtype[39m=[32m"button"[39m
  [36m/>[39m

  Name "内部操作":
  [36m<button />[39m

  --------------------------------------------------
  region:

  Name "连接信息内容":
  [36m<div[39m
    [33maria-label[39m=[32m"连接信息内容"[39m
    [33mclass[39m=[32m"min-h-0 overflow-y-auto px-6 py-5"[39m
    [33mrole[39m=[32m"region"[39m
    [33mtabindex[39m=[32m"0"[39m
  [36m/>[39m

  --------------------------------------------------

Ignored nodes: comments, script, style
[36m<body[39m
  [33mdata-scroll-locked[39m=[32m"1"[39m
  [33mstyle[39m=[32m"pointer-events: none;"[39m
[36m>[39m
  [36m<span[39m
    [33maria-hidden[39m=[32m"true"[39m
    [33mdata-aria-hidden[39m=[32m"true"[39m
    [33mdata-radix-focus-guard[39m=[32m""[39m
    [33mstyle[39m=[32m"outline: none; opacity: 0; position: fixed; pointer-events: none;"[39m
    [33mtabindex[39m=[32m"0"[39m
  [36m/>[39m
  [36m<div[39m
    [33maria-hidden[39m=[32m"true"[39m
    [33mdata-aria-hidden[39m=[32m"true"[39m
  [36m>[39m
    [36m<main>[39m
      [36m<button>[39m
        [0m打开连接信息[0m
      [36m</button>[39m
    [36m</main>[39m
  [36m</div>[39m
  [36m<div[39m
    [33maria-hidden[39m=[32m"true"[39m
    [33mclass[39m=[32m"autoflow-dialog-overlay fixed inset-0 bg-[var(--color-overlay)]"[39m
    [33mdata-aria-hidden[39m=[32m"true"[39m
    [33mdata-slot[39m=[32m"modal-overlay"[39m
    [33mdata-state[39m=[32m"open"[39m
    [33mstyle[39m=[32m"pointer-events: auto; z-index: calc(var(--layer-modal) + 0 * var(--layer-step));"[39m
  [36m/>[39m
  [36m<div[39m
    [33maria-labelledby[39m=[32m"radix-_r_8_"[39m
    [33mclass[39m=[32m"autoflow-dialog-content fixed left-1/2 top-1/2 grid -translate-x-1/2 -translate-y-1/2 gap-4 rounded-modal border border-line bg-surface shadow-modal focus:outline-none motion-safe:transition-all max-h-[min(90vh,56rem)] w-[min(94vw,64rem)] grid-rows-[auto_minmax(0,1fr)_auto] p-0 max-w-2xl"[39m
    [33mdata-overlay-depth[39m=[32m"0"[39m
    [33mdata-placement[39m=[32m"dialog"[39m
    [33mdata-state[39m=[32m"open"[39m
    [33mid[39m=[32m"radix-_r_7_"[39m
    [33mrole[39m=[32m"dialog"[39m
    [33mstyle[39m=[32m"z-index: calc(var(--layer-modal) + 0 * var(--layer-step) + 1); pointer-events: auto;"[39m
    [33mtabindex[39m=[32m"-1"[39m
  [36m>[39m
    [36m<header[39m
      [33mclass[39m=[32m"flex items-start justify-between gap-4 border-b border-line px-6 py-5"[39m
    [36m>[39m
      [36m<div[39m
        [33mclass[39m=[32m"grid gap-1"[39m
      [36m>[39m
        [36m<h2[39m
          [33mclass[39m=[32m"text-lg font-semibold text-ink"[39m
          [33mid[39m=[32m"_r_6_"[39m
        [36m>[39m
          [0m连接信息[0m
        [36m</h2>[39m
      [36m</div>[39m
      [36m<button[39m
        [33maria-label[39m=[32m"关闭"[39m
        [33mclass[39m=[32m"af-button relative inline-flex items-center justify-center gap-2 rounded-control border border-transparent font-semibold transition-colors [transition-duration:var(--motion-control)] focus-visible:outline-2 focus-visible:outline-offset-2 focus-visible:outline-focus disabled:cursor-not-allowed text-muted enabled:hover:bg-surface-hover enabled:hover:text-ink enabled:active:bg-clay-soft text-sm h-9 w-9 shrink-0 p-0"[39m
        [33mtitle[39m=[32m"关闭"[39m
        [33mtype[39m=[32m"button"[39m
      [36m>[39m
        [36m<span[39m
          [33mclass[39m=[32m"grid min-w-0"[39m
        [36m>[39m
          [36m<span[39m
            [33mclass[39m=[32m"col-start-1 row-start-1 inline-flex min-w-0 items-center justify-center gap-2"[39m
          [36m>[39m
            [36m<span[39m
              [33mclass[39m=[32m"grid place-items-center"[39m
            [36m>[39m
              [36m<span[39m
                [33maria-hidden[39m=[32m"true"[39m
                [33mclass[39m=[32m"col-start-1 row-start-1 inline-flex"[39m
              [36m>[39m
                [36m<svg[39m
                  [33mfill[39m=[32m"currentColor"[39m
                  [33mheight[39m=[32m"18"[39m
                  [33mviewBox[39m=[32m"0 0 256 256"[39m
                  [33mwidth[39m=[32m"18"[39m
                  [33mxmlns[39m=[32m"http://www.w3.org/2000/svg"[39m
                [36m>[39m
                  [36m<path[39m
                    [33md[39m=[32m"M205.66,194.34a8,8,0,0,1-11.32,11.32L128,139.31,61.66,205.66a8,8,0,0,1-11.32-11.32L116.69,128,50.34,61.66A8,8,0,0,1,61.66,50.34L128,116.69l66.34-66.35a8,8,0,0,1,11.32,11.32L139.31,128Z"[39m
                  [36m/>[39m
                [36m</svg>[39m
              [36m</span>[39m
            [36m</span>[39m
          [36m</span>[39m
        [36m</span>[39m
      [36m</button>[39m
    [36m</header>[39m
    [36m<div[39m
      [33maria-label[39m=[32m"连接信息内容"[39m
      [33mclass[39m=[32m"min-h-0 overflow-y-auto px-6 py-5"[39m
      [33mrole[39m=[32m"region"[39m
      [33mtabindex[39m=[32m"0"[39m
    [36m>[39m
      [36m<button>[39m
        [0m内部操作[0m
      [36m</button>[39m
    [36m</div>[39m
    [36m<div[39m
      [33mdata-overlay-host[39m=[32m"true"[39m
      [33mstyle[39m=[32m"display: contents;"[39m
    [36m/>[39m
  [36m</div>[39m
  [36m<span[39m
    [33maria-hidden[39m=[32m"true"[39m
    [33mdata-aria-hidden[39m=[32m"true"[39m
    [33mdata-radix-focus-guard[39m=[32m""[39m
    [33mstyle[39m=[32m"outline: none; opacity: 0; position: fixed; pointer-events: none;"[39m
    [33mtabindex[39m=[32m"0"[39m
  [36m/>[39m
[36m</body>[39m
 ❯ Object.getElementError ../../node_modules/@testing-library/dom/dist/config.js:37:19
 ❯ ../../node_modules/@testing-library/dom/dist/query-helpers.js:76:38
 ❯ ../../node_modules/@testing-library/dom/dist/query-helpers.js:52:17
 ❯ ../../node_modules/@testing-library/dom/dist/query-helpers.js:95:19
 ❯ src/renderer/shared/components/Modal.test.tsx:42:19
     40|     const opener = screen.getByRole('button', { name: '打开连接信息' })
     41|     await user.click(opener)
     42|     expect(screen.getByRole('dialog', { name: '连接信息' })).toContainElem…
       |                   ^
     43|     if (method === 'Escape') await user.keyboard('{Escape}')
     44|     else if (method === 'overlay') {

⎯⎯⎯⎯⎯⎯⎯⎯⎯⎯⎯⎯⎯⎯⎯⎯⎯⎯⎯⎯⎯⎯⎯[2/13]⎯

 FAIL  src/renderer/shared/components/Modal.test.tsx > Modal > closes through overlay and returns focus
TestingLibraryElementError: Unable to find an accessible element with the role "dialog" and name "连接信息"

Here are the accessible roles:

  dialog:

  Name "":
  [36m<div[39m
    [33maria-labelledby[39m=[32m"radix-_r_d_"[39m
    [33mclass[39m=[32m"autoflow-dialog-content fixed left-1/2 top-1/2 grid -translate-x-1/2 -translate-y-1/2 gap-4 rounded-modal border border-line bg-surface shadow-modal focus:outline-none motion-safe:transition-all max-h-[min(90vh,56rem)] w-[min(94vw,64rem)] grid-rows-[auto_minmax(0,1fr)_auto] p-0 max-w-2xl"[39m
    [33mdata-overlay-depth[39m=[32m"0"[39m
    [33mdata-placement[39m=[32m"dialog"[39m
    [33mdata-state[39m=[32m"open"[39m
    [33mid[39m=[32m"radix-_r_c_"[39m
    [33mrole[39m=[32m"dialog"[39m
    [33mstyle[39m=[32m"z-index: calc(var(--layer-modal) + 0 * var(--layer-step) + 1); pointer-events: auto;"[39m
    [33mtabindex[39m=[32m"-1"[39m
  [36m/>[39m

  --------------------------------------------------
  banner:

  Name "":
  [36m<header[39m
    [33mclass[39m=[32m"flex items-start justify-between gap-4 border-b border-line px-6 py-5"[39m
  [36m/>[39m

  --------------------------------------------------
  heading:

  Name "连接信息":
  [36m<h2[39m
    [33mclass[39m=[32m"text-lg font-semibold text-ink"[39m
    [33mid[39m=[32m"_r_b_"[39m
  [36m/>[39m

  --------------------------------------------------
  button:

  Name "关闭":
  [36m<button[39m
    [33maria-label[39m=[32m"关闭"[39m
    [33mclass[39m=[32m"af-button relative inline-flex items-center justify-center gap-2 rounded-control border border-transparent font-semibold transition-colors [transition-duration:var(--motion-control)] focus-visible:outline-2 focus-visible:outline-offset-2 focus-visible:outline-focus disabled:cursor-not-allowed text-muted enabled:hover:bg-surface-hover enabled:hover:text-ink enabled:active:bg-clay-soft text-sm h-9 w-9 shrink-0 p-0"[39m
    [33mtitle[39m=[32m"关闭"[39m
    [33mtype[39m=[32m"button"[39m
  [36m/>[39m

  Name "内部操作":
  [36m<button />[39m

  --------------------------------------------------
  region:

  Name "连接信息内容":
  [36m<div[39m
    [33maria-label[39m=[32m"连接信息内容"[39m
    [33mclass[39m=[32m"min-h-0 overflow-y-auto px-6 py-5"[39m
    [33mrole[39m=[32m"region"[39m
    [33mtabindex[39m=[32m"0"[39m
  [36m/>[39m

  --------------------------------------------------

Ignored nodes: comments, script, style
[36m<body[39m
  [33mdata-scroll-locked[39m=[32m"1"[39m
  [33mstyle[39m=[32m"pointer-events: none;"[39m
[36m>[39m
  [36m<span[39m
    [33maria-hidden[39m=[32m"true"[39m
    [33mdata-aria-hidden[39m=[32m"true"[39m
    [33mdata-radix-focus-guard[39m=[32m""[39m
    [33mstyle[39m=[32m"outline: none; opacity: 0; position: fixed; pointer-events: none;"[39m
    [33mtabindex[39m=[32m"0"[39m
  [36m/>[39m
  [36m<div[39m
    [33maria-hidden[39m=[32m"true"[39m
    [33mdata-aria-hidden[39m=[32m"true"[39m
  [36m>[39m
    [36m<main>[39m
      [36m<button>[39m
        [0m打开连接信息[0m
      [36m</button>[39m
    [36m</main>[39m
  [36m</div>[39m
  [36m<div[39m
    [33maria-hidden[39m=[32m"true"[39m
    [33mclass[39m=[32m"autoflow-dialog-overlay fixed inset-0 bg-[var(--color-overlay)]"[39m
    [33mdata-aria-hidden[39m=[32m"true"[39m
    [33mdata-slot[39m=[32m"modal-overlay"[39m
    [33mdata-state[39m=[32m"open"[39m
    [33mstyle[39m=[32m"pointer-events: auto; z-index: calc(var(--layer-modal) + 0 * var(--layer-step));"[39m
  [36m/>[39m
  [36m<div[39m
    [33maria-labelledby[39m=[32m"radix-_r_d_"[39m
    [33mclass[39m=[32m"autoflow-dialog-content fixed left-1/2 top-1/2 grid -translate-x-1/2 -translate-y-1/2 gap-4 rounded-modal border border-line bg-surface shadow-modal focus:outline-none motion-safe:transition-all max-h-[min(90vh,56rem)] w-[min(94vw,64rem)] grid-rows-[auto_minmax(0,1fr)_auto] p-0 max-w-2xl"[39m
    [33mdata-overlay-depth[39m=[32m"0"[39m
    [33mdata-placement[39m=[32m"dialog"[39m
    [33mdata-state[39m=[32m"open"[39m
    [33mid[39m=[32m"radix-_r_c_"[39m
    [33mrole[39m=[32m"dialog"[39m
    [33mstyle[39m=[32m"z-index: calc(var(--layer-modal) + 0 * var(--layer-step) + 1); pointer-events: auto;"[39m
    [33mtabindex[39m=[32m"-1"[39m
  [36m>[39m
    [36m<header[39m
      [33mclass[39m=[32m"flex items-start justify-between gap-4 border-b border-line px-6 py-5"[39m
    [36m>[39m
      [36m<div[39m
        [33mclass[39m=[32m"grid gap-1"[39m
      [36m>[39m
        [36m<h2[39m
          [33mclass[39m=[32m"text-lg font-semibold text-ink"[39m
          [33mid[39m=[32m"_r_b_"[39m
        [36m>[39m
          [0m连接信息[0m
        [36m</h2>[39m
      [36m</div>[39m
      [36m<button[39m
        [33maria-label[39m=[32m"关闭"[39m
        [33mclass[39m=[32m"af-button relative inline-flex items-center justify-center gap-2 rounded-control border border-transparent font-semibold transition-colors [transition-duration:var(--motion-control)] focus-visible:outline-2 focus-visible:outline-offset-2 focus-visible:outline-focus disabled:cursor-not-allowed text-muted enabled:hover:bg-surface-hover enabled:hover:text-ink enabled:active:bg-clay-soft text-sm h-9 w-9 shrink-0 p-0"[39m
        [33mtitle[39m=[32m"关闭"[39m
        [33mtype[39m=[32m"button"[39m
      [36m>[39m
        [36m<span[39m
          [33mclass[39m=[32m"grid min-w-0"[39m
        [36m>[39m
          [36m<span[39m
            [33mclass[39m=[32m"col-start-1 row-start-1 inline-flex min-w-0 items-center justify-center gap-2"[39m
          [36m>[39m
            [36m<span[39m
              [33mclass[39m=[32m"grid place-items-center"[39m
            [36m>[39m
              [36m<span[39m
                [33maria-hidden[39m=[32m"true"[39m
                [33mclass[39m=[32m"col-start-1 row-start-1 inline-flex"[39m
              [36m>[39m
                [36m<svg[39m
                  [33mfill[39m=[32m"currentColor"[39m
                  [33mheight[39m=[32m"18"[39m
                  [33mviewBox[39m=[32m"0 0 256 256"[39m
                  [33mwidth[39m=[32m"18"[39m
                  [33mxmlns[39m=[32m"http://www.w3.org/2000/svg"[39m
                [36m>[39m
                  [36m<path[39m
                    [33md[39m=[32m"M205.66,194.34a8,8,0,0,1-11.32,11.32L128,139.31,61.66,205.66a8,8,0,0,1-11.32-11.32L116.69,128,50.34,61.66A8,8,0,0,1,61.66,50.34L128,116.69l66.34-66.35a8,8,0,0,1,11.32,11.32L139.31,128Z"[39m
                  [36m/>[39m
                [36m</svg>[39m
              [36m</span>[39m
            [36m</span>[39m
          [36m</span>[39m
        [36m</span>[39m
      [36m</button>[39m
    [36m</header>[39m
    [36m<div[39m
      [33maria-label[39m=[32m"连接信息内容"[39m
      [33mclass[39m=[32m"min-h-0 overflow-y-auto px-6 py-5"[39m
      [33mrole[39m=[32m"region"[39m
      [33mtabindex[39m=[32m"0"[39m
    [36m>[39m
      [36m<button>[39m
        [0m内部操作[0m
      [36m</button>[39m
    [36m</div>[39m
    [36m<div[39m
      [33mdata-overlay-host[39m=[32m"true"[39m
      [33mstyle[39m=[32m"display: contents;"[39m
    [36m/>[39m
  [36m</div>[39m
  [36m<span[39m
    [33maria-hidden[39m=[32m"true"[39m
    [33mdata-aria-hidden[39m=[32m"true"[39m
    [33mdata-radix-focus-guard[39m=[32m""[39m
    [33mstyle[39m=[32m"outline: none; opacity: 0; position: fixed; pointer-events: none;"[39m
    [33mtabindex[39m=[32m"0"[39m
  [36m/>[39m
[36m</body>[39m
 ❯ Object.getElementError ../../node_modules/@testing-library/dom/dist/config.js:37:19
 ❯ ../../node_modules/@testing-library/dom/dist/query-helpers.js:76:38
 ❯ ../../node_modules/@testing-library/dom/dist/query-helpers.js:52:17
 ❯ ../../node_modules/@testing-library/dom/dist/query-helpers.js:95:19
 ❯ src/renderer/shared/components/Modal.test.tsx:42:19
     40|     const opener = screen.getByRole('button', { name: '打开连接信息' })
     41|     await user.click(opener)
     42|     expect(screen.getByRole('dialog', { name: '连接信息' })).toContainElem…
       |                   ^
     43|     if (method === 'Escape') await user.keyboard('{Escape}')
     44|     else if (method === 'overlay') {

⎯⎯⎯⎯⎯⎯⎯⎯⎯⎯⎯⎯⎯⎯⎯⎯⎯⎯⎯⎯⎯⎯⎯[3/13]⎯

 FAIL  src/renderer/shared/components/Modal.test.tsx > Modal > closes through close button and returns focus
TestingLibraryElementError: Unable to find an accessible element with the role "dialog" and name "连接信息"

Here are the accessible roles:

  dialog:

  Name "":
  [36m<div[39m
    [33maria-labelledby[39m=[32m"radix-_r_i_"[39m
    [33mclass[39m=[32m"autoflow-dialog-content fixed left-1/2 top-1/2 grid -translate-x-1/2 -translate-y-1/2 gap-4 rounded-modal border border-line bg-surface shadow-modal focus:outline-none motion-safe:transition-all max-h-[min(90vh,56rem)] w-[min(94vw,64rem)] grid-rows-[auto_minmax(0,1fr)_auto] p-0 max-w-2xl"[39m
    [33mdata-overlay-depth[39m=[32m"0"[39m
    [33mdata-placement[39m=[32m"dialog"[39m
    [33mdata-state[39m=[32m"open"[39m
    [33mid[39m=[32m"radix-_r_h_"[39m
    [33mrole[39m=[32m"dialog"[39m
    [33mstyle[39m=[32m"z-index: calc(var(--layer-modal) + 0 * var(--layer-step) + 1); pointer-events: auto;"[39m
    [33mtabindex[39m=[32m"-1"[39m
  [36m/>[39m

  --------------------------------------------------
  banner:

  Name "":
  [36m<header[39m
    [33mclass[39m=[32m"flex items-start justify-between gap-4 border-b border-line px-6 py-5"[39m
  [36m/>[39m

  --------------------------------------------------
  heading:

  Name "连接信息":
  [36m<h2[39m
    [33mclass[39m=[32m"text-lg font-semibold text-ink"[39m
    [33mid[39m=[32m"_r_g_"[39m
  [36m/>[39m

  --------------------------------------------------
  button:

  Name "关闭":
  [36m<button[39m
    [33maria-label[39m=[32m"关闭"[39m
    [33mclass[39m=[32m"af-button relative inline-flex items-center justify-center gap-2 rounded-control border border-transparent font-semibold transition-colors [transition-duration:var(--motion-control)] focus-visible:outline-2 focus-visible:outline-offset-2 focus-visible:outline-focus disabled:cursor-not-allowed text-muted enabled:hover:bg-surface-hover enabled:hover:text-ink enabled:active:bg-clay-soft text-sm h-9 w-9 shrink-0 p-0"[39m
    [33mtitle[39m=[32m"关闭"[39m
    [33mtype[39m=[32m"button"[39m
  [36m/>[39m

  Name "内部操作":
  [36m<button />[39m

  --------------------------------------------------
  region:

  Name "连接信息内容":
  [36m<div[39m
    [33maria-label[39m=[32m"连接信息内容"[39m
    [33mclass[39m=[32m"min-h-0 overflow-y-auto px-6 py-5"[39m
    [33mrole[39m=[32m"region"[39m
    [33mtabindex[39m=[32m"0"[39m
  [36m/>[39m

  --------------------------------------------------

Ignored nodes: comments, script, style
[36m<body[39m
  [33mdata-scroll-locked[39m=[32m"1"[39m
  [33mstyle[39m=[32m"pointer-events: none;"[39m
[36m>[39m
  [36m<span[39m
    [33maria-hidden[39m=[32m"true"[39m
    [33mdata-aria-hidden[39m=[32m"true"[39m
    [33mdata-radix-focus-guard[39m=[32m""[39m
    [33mstyle[39m=[32m"outline: none; opacity: 0; position: fixed; pointer-events: none;"[39m
    [33mtabindex[39m=[32m"0"[39m
  [36m/>[39m
  [36m<div[39m
    [33maria-hidden[39m=[32m"true"[39m
    [33mdata-aria-hidden[39m=[32m"true"[39m
  [36m>[39m
    [36m<main>[39m
      [36m<button>[39m
        [0m打开连接信息[0m
      [36m</button>[39m
    [36m</main>[39m
  [36m</div>[39m
  [36m<div[39m
    [33maria-hidden[39m=[32m"true"[39m
    [33mclass[39m=[32m"autoflow-dialog-overlay fixed inset-0 bg-[var(--color-overlay)]"[39m
    [33mdata-aria-hidden[39m=[32m"true"[39m
    [33mdata-slot[39m=[32m"modal-overlay"[39m
    [33mdata-state[39m=[32m"open"[39m
    [33mstyle[39m=[32m"pointer-events: auto; z-index: calc(var(--layer-modal) + 0 * var(--layer-step));"[39m
  [36m/>[39m
  [36m<div[39m
    [33maria-labelledby[39m=[32m"radix-_r_i_"[39m
    [33mclass[39m=[32m"autoflow-dialog-content fixed left-1/2 top-1/2 grid -translate-x-1/2 -translate-y-1/2 gap-4 rounded-modal border border-line bg-surface shadow-modal focus:outline-none motion-safe:transition-all max-h-[min(90vh,56rem)] w-[min(94vw,64rem)] grid-rows-[auto_minmax(0,1fr)_auto] p-0 max-w-2xl"[39m
    [33mdata-overlay-depth[39m=[32m"0"[39m
    [33mdata-placement[39m=[32m"dialog"[39m
    [33mdata-state[39m=[32m"open"[39m
    [33mid[39m=[32m"radix-_r_h_"[39m
    [33mrole[39m=[32m"dialog"[39m
    [33mstyle[39m=[32m"z-index: calc(var(--layer-modal) + 0 * var(--layer-step) + 1); pointer-events: auto;"[39m
    [33mtabindex[39m=[32m"-1"[39m
  [36m>[39m
    [36m<header[39m
      [33mclass[39m=[32m"flex items-start justify-between gap-4 border-b border-line px-6 py-5"[39m
    [36m>[39m
      [36m<div[39m
        [33mclass[39m=[32m"grid gap-1"[39m
      [36m>[39m
        [36m<h2[39m
          [33mclass[39m=[32m"text-lg font-semibold text-ink"[39m
          [33mid[39m=[32m"_r_g_"[39m
        [36m>[39m
          [0m连接信息[0m
        [36m</h2>[39m
      [36m</div>[39m
      [36m<button[39m
        [33maria-label[39m=[32m"关闭"[39m
        [33mclass[39m=[32m"af-button relative inline-flex items-center justify-center gap-2 rounded-control border border-transparent font-semibold transition-colors [transition-duration:var(--motion-control)] focus-visible:outline-2 focus-visible:outline-offset-2 focus-visible:outline-focus disabled:cursor-not-allowed text-muted enabled:hover:bg-surface-hover enabled:hover:text-ink enabled:active:bg-clay-soft text-sm h-9 w-9 shrink-0 p-0"[39m
        [33mtitle[39m=[32m"关闭"[39m
        [33mtype[39m=[32m"button"[39m
      [36m>[39m
        [36m<span[39m
          [33mclass[39m=[32m"grid min-w-0"[39m
        [36m>[39m
          [36m<span[39m
            [33mclass[39m=[32m"col-start-1 row-start-1 inline-flex min-w-0 items-center justify-center gap-2"[39m
          [36m>[39m
            [36m<span[39m
              [33mclass[39m=[32m"grid place-items-center"[39m
            [36m>[39m
              [36m<span[39m
                [33maria-hidden[39m=[32m"true"[39m
                [33mclass[39m=[32m"col-start-1 row-start-1 inline-flex"[39m
              [36m>[39m
                [36m<svg[39m
                  [33mfill[39m=[32m"currentColor"[39m
                  [33mheight[39m=[32m"18"[39m
                  [33mviewBox[39m=[32m"0 0 256 256"[39m
                  [33mwidth[39m=[32m"18"[39m
                  [33mxmlns[39m=[32m"http://www.w3.org/2000/svg"[39m
                [36m>[39m
                  [36m<path[39m
                    [33md[39m=[32m"M205.66,194.34a8,8,0,0,1-11.32,11.32L128,139.31,61.66,205.66a8,8,0,0,1-11.32-11.32L116.69,128,50.34,61.66A8,8,0,0,1,61.66,50.34L128,116.69l66.34-66.35a8,8,0,0,1,11.32,11.32L139.31,128Z"[39m
                  [36m/>[39m
                [36m</svg>[39m
              [36m</span>[39m
            [36m</span>[39m
          [36m</span>[39m
        [36m</span>[39m
      [36m</button>[39m
    [36m</header>[39m
    [36m<div[39m
      [33maria-label[39m=[32m"连接信息内容"[39m
      [33mclass[39m=[32m"min-h-0 overflow-y-auto px-6 py-5"[39m
      [33mrole[39m=[32m"region"[39m
      [33mtabindex[39m=[32m"0"[39m
    [36m>[39m
      [36m<button>[39m
        [0m内部操作[0m
      [36m</button>[39m
    [36m</div>[39m
    [36m<div[39m
      [33mdata-overlay-host[39m=[32m"true"[39m
      [33mstyle[39m=[32m"display: contents;"[39m
    [36m/>[39m
  [36m</div>[39m
  [36m<span[39m
    [33maria-hidden[39m=[32m"true"[39m
    [33mdata-aria-hidden[39m=[32m"true"[39m
    [33mdata-radix-focus-guard[39m=[32m""[39m
    [33mstyle[39m=[32m"outline: none; opacity: 0; position: fixed; pointer-events: none;"[39m
    [33mtabindex[39m=[32m"0"[39m
  [36m/>[39m
[36m</body>[39m
 ❯ Object.getElementError ../../node_modules/@testing-library/dom/dist/config.js:37:19
 ❯ ../../node_modules/@testing-library/dom/dist/query-helpers.js:76:38
 ❯ ../../node_modules/@testing-library/dom/dist/query-helpers.js:52:17
 ❯ ../../node_modules/@testing-library/dom/dist/query-helpers.js:95:19
 ❯ src/renderer/shared/components/Modal.test.tsx:42:19
     40|     const opener = screen.getByRole('button', { name: '打开连接信息' })
     41|     await user.click(opener)
     42|     expect(screen.getByRole('dialog', { name: '连接信息' })).toContainElem…
       |                   ^
     43|     if (method === 'Escape') await user.keyboard('{Escape}')
     44|     else if (method === 'overlay') {

⎯⎯⎯⎯⎯⎯⎯⎯⎯⎯⎯⎯⎯⎯⎯⎯⎯⎯⎯⎯⎯⎯⎯[4/13]⎯

 FAIL  src/renderer/shared/components/Modal.test.tsx > Modal > keeps a busy modal open and focused through Escape and a complete overlay interaction
TestingLibraryElementError: Unable to find an accessible element with the role "dialog" and name "编辑模型"

Here are the accessible roles:

  dialog:

  Name "":
  [36m<div[39m
    [33maria-labelledby[39m=[32m"radix-_r_n_"[39m
    [33mclass[39m=[32m"autoflow-dialog-content fixed left-1/2 top-1/2 grid -translate-x-1/2 -translate-y-1/2 gap-4 rounded-modal border border-line bg-surface shadow-modal focus:outline-none motion-safe:transition-all max-h-[min(90vh,56rem)] w-[min(94vw,64rem)] grid-rows-[auto_minmax(0,1fr)_auto] p-0 max-w-2xl"[39m
    [33mdata-overlay-depth[39m=[32m"0"[39m
    [33mdata-placement[39m=[32m"dialog"[39m
    [33mdata-state[39m=[32m"open"[39m
    [33mid[39m=[32m"radix-_r_m_"[39m
    [33mrole[39m=[32m"dialog"[39m
    [33mstyle[39m=[32m"z-index: calc(var(--layer-modal) + 0 * var(--layer-step) + 1); pointer-events: auto;"[39m
    [33mtabindex[39m=[32m"-1"[39m
  [36m/>[39m

  --------------------------------------------------
  banner:

  Name "":
  [36m<header[39m
    [33mclass[39m=[32m"flex items-start justify-between gap-4 border-b border-line px-6 py-5"[39m
  [36m/>[39m

  --------------------------------------------------
  heading:

  Name "编辑模型":
  [36m<h2[39m
    [33mclass[39m=[32m"text-lg font-semibold text-ink"[39m
    [33mid[39m=[32m"_r_l_"[39m
  [36m/>[39m

  --------------------------------------------------
  button:

  Name "正在处理，请稍候":
  [36m<button[39m
    [33maria-label[39m=[32m"正在处理，请稍候"[39m
    [33mclass[39m=[32m"af-button relative inline-flex items-center justify-center gap-2 rounded-control border border-transparent font-semibold transition-colors [transition-duration:var(--motion-control)] focus-visible:outline-2 focus-visible:outline-offset-2 focus-visible:outline-focus disabled:cursor-not-allowed text-muted enabled:hover:bg-surface-hover enabled:hover:text-ink enabled:active:bg-clay-soft text-sm h-9 w-9 shrink-0 p-0"[39m
    [33mdisabled[39m=[32m""[39m
    [33mtitle[39m=[32m"正在处理，请稍候"[39m
    [33mtype[39m=[32m"button"[39m
  [36m/>[39m

  Name "移除入口":
  [36m<button />[39m

  Name "从目录移除":
  [36m<button />[39m

  --------------------------------------------------
  region:

  Name "编辑模型内容":
  [36m<div[39m
    [33maria-label[39m=[32m"编辑模型内容"[39m
    [33mclass[39m=[32m"min-h-0 overflow-y-auto px-6 py-5"[39m
    [33mrole[39m=[32m"region"[39m
    [33mtabindex[39m=[32m"0"[39m
  [36m/>[39m

  --------------------------------------------------

Ignored nodes: comments, script, style
[36m<body[39m
  [33mdata-scroll-locked[39m=[32m"1"[39m
  [33mstyle[39m=[32m"pointer-events: none;"[39m
[36m>[39m
  [36m<span[39m
    [33maria-hidden[39m=[32m"true"[39m
    [33mdata-aria-hidden[39m=[32m"true"[39m
    [33mdata-radix-focus-guard[39m=[32m""[39m
    [33mstyle[39m=[32m"outline: none; opacity: 0; position: fixed; pointer-events: none;"[39m
    [33mtabindex[39m=[32m"0"[39m
  [36m/>[39m
  [36m<div[39m
    [33maria-hidden[39m=[32m"true"[39m
    [33mdata-aria-hidden[39m=[32m"true"[39m
  [36m>[39m
    [36m<main[39m
      [33maria-label[39m=[32m"模型页面"[39m
    [36m>[39m
      [36m<button>[39m
        [0m编辑模型[0m
      [36m</button>[39m
    [36m</main>[39m
  [36m</div>[39m
  [36m<div[39m
    [33maria-hidden[39m=[32m"true"[39m
    [33mclass[39m=[32m"autoflow-dialog-overlay fixed inset-0 bg-[var(--color-overlay)]"[39m
    [33mdata-aria-hidden[39m=[32m"true"[39m
    [33mdata-slot[39m=[32m"modal-overlay"[39m
    [33mdata-state[39m=[32m"open"[39m
    [33mstyle[39m=[32m"pointer-events: auto; z-index: calc(var(--layer-modal) + 0 * var(--layer-step));"[39m
  [36m/>[39m
  [36m<div[39m
    [33maria-labelledby[39m=[32m"radix-_r_n_"[39m
    [33mclass[39m=[32m"autoflow-dialog-content fixed left-1/2 top-1/2 grid -translate-x-1/2 -translate-y-1/2 gap-4 rounded-modal border border-line bg-surface shadow-modal focus:outline-none motion-safe:transition-all max-h-[min(90vh,56rem)] w-[min(94vw,64rem)] grid-rows-[auto_minmax(0,1fr)_auto] p-0 max-w-2xl"[39m
    [33mdata-overlay-depth[39m=[32m"0"[39m
    [33mdata-placement[39m=[32m"dialog"[39m
    [33mdata-state[39m=[32m"open"[39m
    [33mid[39m=[32m"radix-_r_m_"[39m
    [33mrole[39m=[32m"dialog"[39m
    [33mstyle[39m=[32m"z-index: calc(var(--layer-modal) + 0 * var(--layer-step) + 1); pointer-events: auto;"[39m
    [33mtabindex[39m=[32m"-1"[39m
  [36m>[39m
    [36m<header[39m
      [33mclass[39m=[32m"flex items-start justify-between gap-4 border-b border-line px-6 py-5"[39m
    [36m>[39m
      [36m<div[39m
        [33mclass[39m=[32m"grid gap-1"[39m
      [36m>[39m
        [36m<h2[39m
          [33mclass[39m=[32m"text-lg font-semibold text-ink"[39m
          [33mid[39m=[32m"_r_l_"[39m
        [36m>[39m
          [0m编辑模型[0m
        [36m</h2>[39m
      [36m</div>[39m
      [36m<button[39m
        [33maria-label[39m=[32m"正在处理，请稍候"[39m
        [33mclass[39m=[32m"af-button relative inline-flex items-center justify-center gap-2 rounded-control border border-transparent font-semibold transition-colors [transition-duration:var(--motion-control)] focus-visible:outline-2 focus-visible:outline-offset-2 focus-visible:outline-focus disabled:cursor-not-allowed text-muted enabled:hover:bg-surface-hover enabled:hover:text-ink enabled:active:bg-clay-soft text-sm h-9 w-9 shrink-0 p-0"[39m
        [33mdisabled[39m=[32m""[39m
        [33mtitle[39m=[32m"正在处理，请稍候"[39m
        [33mtype[39m=[32m"button"[39m
      [36m>[39m
        [36m<span[39m
          [33mclass[39m=[32m"grid min-w-0"[39m
        [36m>[39m
          [36m<span[39m
            [33mclass[39m=[32m"col-start-1 row-start-1 inline-flex min-w-0 items-center justify-center gap-2"[39m
          [36m>[39m
            [36m<span[39m
              [33mclass[39m=[32m"grid place-items-center"[39m
            [36m>[39m
              [36m<span[39m
                [33maria-hidden[39m=[32m"true"[39m
                [33mclass[39m=[32m"col-start-1 row-start-1 inline-flex"[39m
              [36m>[39m
                [36m<svg[39m
                  [33mfill[39m=[32m"currentColor"[39m
                  [33mheight[39m=[32m"18"[39m
                  [33mviewBox[39m=[32m"0 0 256 256"[39m
                  [33mwidth[39m=[32m"18"[39m
                  [33mxmlns[39m=[32m"http://www.w3.org/2000/svg"[39m
                [36m>[39m
                  [36m<path[39m
                    [33md[39m=[32m"M205.66,194.34a8,8,0,0,1-11.32,11.32L128,139.31,61.66,205.66a8,8,0,0,1-11.32-11.32L116.69,128,50.34,61.66A8,8,0,0,1,61.66,50.34L128,116.69l66.34-66.35a8,8,0,0,1,11.32,11.32L139.31,128Z"[39m
                  [36m/>[39m
                [36m</svg>[39m
              [36m</span>[39m
            [36m</span>[39m
          [36m</span>[39m
        [36m</span>[39m
      [36m</button>[39m
    [36m</header>[39m
    [36m<div[39m
      [33maria-label[39m=[32m"编辑模型内容"[39m
      [33mclass[39m=[32m"min-h-0 overflow-y-auto px-6 py-5"[39m
      [33mrole[39m=[32m"region"[39m
      [33mtabindex[39m=[32m"0"[39m
    [36m>[39m
      [36m<button>[39m
        [0m移除入口[0m
      [36m</button>[39m
      [36m<button>[39m
        [0m从目录移除[0m
      [36m</button>[39m
    [36m</div>[39m
    [36m<div[39m
      [33mdata-overlay-host[39m=[32m"true"[39m
      [33mstyle[39m=[32m"display: contents;"[39m
    [36m/>[39m
  [36m</div>[39m
  [36m<span[39m
    [33maria-hidden[39m=[32m"true"[39m
    [33mdata-aria-hidden[39m=[32m"true"[39m
    [33mdata-radix-focus-guard[39m=[32m""[39m
    [33mstyle[39m=[32m"outline: none; opacity: 0; position: fixed; pointer-events: none;"[39m
    [33mtabindex[39m=[32m"0"[39m
  [36m/>[39m
[36m</body>[39m
 ❯ Object.getElementError ../../node_modules/@testing-library/dom/dist/config.js:37:19
 ❯ ../../node_modules/@testing-library/dom/dist/query-helpers.js:76:38
 ❯ ../../node_modules/@testing-library/dom/dist/query-helpers.js:52:17
 ❯ ../../node_modules/@testing-library/dom/dist/query-helpers.js:95:19
 ❯ src/renderer/shared/components/Modal.test.tsx:58:27
     56|     render(<Fixture closeDisabled />)
     57|     await user.click(screen.getByRole('button', { name: '编辑模型' }))
     58|     const dialog = screen.getByRole('dialog', { name: '编辑模型' })
       |                           ^
     59|     expect(dialog).toContainElement(document.activeElement as HTMLElem…
     60|     await user.keyboard('{Escape}')

⎯⎯⎯⎯⎯⎯⎯⎯⎯⎯⎯⎯⎯⎯⎯⎯⎯⎯⎯⎯⎯⎯⎯[5/13]⎯

 FAIL  src/renderer/shared/components/Modal.test.tsx > Modal > keeps the parent mounted and returns focus after cancelling a nested confirmation
TestingLibraryElementError: Unable to find an accessible element with the role "dialog" and name "删除模型"

Here are the accessible roles:

  dialog:

  Name "":
  [36m<div[39m
    [33maria-labelledby[39m=[32m"radix-_r_16_"[39m
    [33mclass[39m=[32m"autoflow-dialog-content fixed left-1/2 top-1/2 grid -translate-x-1/2 -translate-y-1/2 gap-4 rounded-modal border border-line bg-surface shadow-modal focus:outline-none motion-safe:transition-all max-h-[min(90vh,56rem)] w-[min(94vw,64rem)] grid-rows-[auto_minmax(0,1fr)_auto] p-0 max-w-2xl"[39m
    [33mdata-overlay-depth[39m=[32m"1"[39m
    [33mdata-placement[39m=[32m"dialog"[39m
    [33mdata-state[39m=[32m"open"[39m
    [33mid[39m=[32m"radix-_r_15_"[39m
    [33mrole[39m=[32m"dialog"[39m
    [33mstyle[39m=[32m"pointer-events: auto; z-index: calc(var(--layer-modal) + 1 * var(--layer-step) + 1);"[39m
    [33mtabindex[39m=[32m"-1"[39m
  [36m/>[39m

  --------------------------------------------------
  banner:

  Name "":
  [36m<header[39m
    [33mclass[39m=[32m"flex items-start justify-between gap-4 border-b border-line px-6 py-5"[39m
  [36m/>[39m

  --------------------------------------------------
  heading:

  Name "删除模型":
  [36m<h2[39m
    [33mclass[39m=[32m"text-lg font-semibold text-ink"[39m
    [33mid[39m=[32m"_r_14_"[39m
  [36m/>[39m

  --------------------------------------------------
  button:

  Name "关闭":
  [36m<button[39m
    [33maria-label[39m=[32m"关闭"[39m
    [33mclass[39m=[32m"af-button relative inline-flex items-center justify-center gap-2 rounded-control border border-transparent font-semibold transition-colors [transition-duration:var(--motion-control)] focus-visible:outline-2 focus-visible:outline-offset-2 focus-visible:outline-focus disabled:cursor-not-allowed text-muted enabled:hover:bg-surface-hover enabled:hover:text-ink enabled:active:bg-clay-soft text-sm h-9 w-9 shrink-0 p-0"[39m
    [33mtitle[39m=[32m"关闭"[39m
    [33mtype[39m=[32m"button"[39m
  [36m/>[39m

  Name "取消":
  [36m<button />[39m

  --------------------------------------------------
  region:

  Name "删除模型内容":
  [36m<div[39m
    [33maria-label[39m=[32m"删除模型内容"[39m
    [33mclass[39m=[32m"min-h-0 overflow-y-auto px-6 py-5"[39m
    [33mrole[39m=[32m"region"[39m
    [33mtabindex[39m=[32m"0"[39m
  [36m/>[39m

  --------------------------------------------------
  contentinfo:

  Name "":
  [36m<footer[39m
    [33mclass[39m=[32m"flex justify-end gap-3 border-t border-line px-6 py-4"[39m
  [36m/>[39m

  --------------------------------------------------

Ignored nodes: comments, script, style
[36m<body[39m
  [33mdata-scroll-locked[39m=[32m"2"[39m
  [33mstyle[39m=[32m"pointer-events: none;"[39m
[36m>[39m
  [36m<span[39m
    [33maria-hidden[39m=[32m"true"[39m
    [33mdata-aria-hidden[39m=[32m"true"[39m
    [33mdata-radix-focus-guard[39m=[32m""[39m
    [33mstyle[39m=[32m"outline: none; opacity: 0; position: fixed; pointer-events: none;"[39m
    [33mtabindex[39m=[32m"0"[39m
  [36m/>[39m
  [36m<div[39m
    [33maria-hidden[39m=[32m"true"[39m
    [33mdata-aria-hidden[39m=[32m"true"[39m
  [36m>[39m
    [36m<main[39m
      [33maria-label[39m=[32m"模型页面"[39m
    [36m>[39m
      [36m<button>[39m
        [0m编辑模型[0m
      [36m</button>[39m
    [36m</main>[39m
  [36m</div>[39m
  [36m<div[39m
    [33maria-hidden[39m=[32m"true"[39m
    [33mclass[39m=[32m"autoflow-dialog-overlay fixed inset-0 bg-[var(--color-overlay)]"[39m
    [33mdata-aria-hidden[39m=[32m"true"[39m
    [33mdata-slot[39m=[32m"modal-overlay"[39m
    [33mdata-state[39m=[32m"open"[39m
    [33mstyle[39m=[32m"pointer-events: auto; z-index: calc(var(--layer-modal) + 0 * var(--layer-step));"[39m
  [36m/>[39m
  [36m<div[39m
    [33maria-hidden[39m=[32m"true"[39m
    [33maria-labelledby[39m=[32m"radix-_r_11_"[39m
    [33mclass[39m=[32m"autoflow-dialog-content fixed left-1/2 top-1/2 grid -translate-x-1/2 -translate-y-1/2 gap-4 rounded-modal border border-line bg-surface shadow-modal focus:outline-none motion-safe:transition-all max-h-[min(90vh,56rem)] w-[min(94vw,64rem)] grid-rows-[auto_minmax(0,1fr)_auto] p-0 max-w-2xl"[39m
    [33mdata-aria-hidden[39m=[32m"true"[39m
    [33mdata-overlay-depth[39m=[32m"0"[39m
    [33mdata-placement[39m=[32m"dialog"[39m
    [33mdata-state[39m=[32m"open"[39m
    [33mid[39m=[32m"radix-_r_10_"[39m
    [33mrole[39m=[32m"dialog"[39m
    [33mstyle[39m=[32m"z-index: calc(var(--layer-modal) + 0 * var(--layer-step) + 1); pointer-events: none;"[39m
    [33mtabindex[39m=[32m"-1"[39m
  [36m>[39m
    [36m<header[39m
      [33mclass[39m=[32m"flex items-start justify-between gap-4 border-b border-line px-6 py-5"[39m
    [36m>[39m
      [36m<div[39m
        [33mclass[39m=[32m"grid gap-1"[39m
      [36m>[39m
        [36m<h2[39m
          [33mclass[39m=[32m"text-lg font-semibold text-ink"[39m
          [33mid[39m=[32m"_r_v_"[39m
        [36m>[39m
          [0m编辑模型[0m
        [36m</h2>[39m
      [36m</div>[39m
      [36m<button[39m
        [33maria-label[39m=[32m"关闭"[39m
        [33mclass[39m=[32m"af-button relative inline-flex items-center justify-center gap-2 rounded-control border border-transparent font-semibold transition-colors [transition-duration:var(--motion-control)] focus-visible:outline-2 focus-visible:outline-offset-2 focus-visible:outline-focus disabled:cursor-not-allowed text-muted enabled:hover:bg-surface-hover enabled:hover:text-ink enabled:active:bg-clay-soft text-sm h-9 w-9 shrink-0 p-0"[39m
        [33mtitle[39m=[32m"关闭"[39m
        [33mtype[39m=[32m"button"[39m
      [36m>[39m
        [36m<span[39m
          [33mclass[39m=[32m"grid min-w-0"[39m
        [36m>[39m
          [36m<span[39m
            [33mclass[39m=[32m"col-start-1 row-start-1 inline-flex min-w-0 items-center justify-center gap-2"[39m
          [36m>[39m
            [36m<span[39m
              [33mclass[39m=[32m"grid place-items-center"[39m
            [36m>[39m
              [36m<span[39m
                [33maria-hidden[39m=[32m"true"[39m
                [33mclass[39m=[32m"col-start-1 row-start-1 inline-flex"[39m
              [36m>[39m
                [36m<svg[39m
                  [33mfill[39m=[32m"currentColor"[39m
                  [33mheight[39m=[32m"18"[39m
                  [33mviewBox[39m=[32m"0 0 256 256"[39m
                  [33mwidth[39m=[32m"18"[39m
                  [33mxmlns[39m=[32m"http://www.w3.org/2000/svg"[39m
                [36m>[39m
                  [36m<path[39m
                    [33md[39m=[32m"M205.66,194.34a8,8,0,0,1-11.32,11.32L128,139.31,61.66,205.66a8,8,0,0,1-11.32-11.32L116.69,128,50.34,61.66A8,8,0,0,1,61.66,50.34L128,116.69l66.34-66.35a8,8,0,0,1,11.32,11.32L139.31,128Z"[39m
                  [36m/>[39m
                [36m</svg>[39m
              [36m</span>[39m
            [36m</span>[39m
          [36m</span>[39m
        [36m</span>[39m
      [36m</button>[39m
    [36m</header>[39m
    [36m<div[39m
      [33maria-label[39m=[32m"编辑模型内容"[39m
      [33mclass[39m=[32m"min-h-0 overflow-y-auto px-6 py-5"[39m
      [33mrole[39m=[32m"region"[39m
      [33mtabindex[39m=[32m"0"[39m
    [36m>[39m
      [36m<button>[39m
        [0m移除入口[0m
      [36m</button>[39m
      [36m<button>[39m
        [0m从目录移除[0m
      [36m</button>[39m
    [36m</div>[39m
    [36m<div[39m
      [33mdata-overlay-host[39m=[32m"true"[39m
      [33mstyle[39m=[32m"display: contents;"[39m
    [36m/>[39m
  [36m</div>[39m
  [36m<div[39m
    [33maria-hidden[39m=[32m"true"[39m
    [33mclass[39m=[32m"autoflow-dialog-overlay fixed inset-0 bg-[var(--color-overlay)]"[39m
    [33mdata-aria-hidden[39m=[32m"true"[39m
    [33mdata-slot[39m=[32m"modal-overlay"[39m
    [33mdata-state[39m=[32m"open"[39m
    [33mstyle[39m=[32m"pointer-events: auto; z-index: calc(var(--layer-modal) + 1 * var(--layer-step));"[39m
  [36m/>[39m
  [36m<div[39m
    [33maria-labelledby[39m=[32m"radix-_r_16_"[39m
    [33mclass[39m=[32m"autoflow-dialog-content fixed left-1/2 top-1/2 grid -translate-x-1/2 -translate-y-1/2 gap-4 rounded-modal border border-line bg-surface shadow-modal focus:outline-none motion-safe:transition-all max-h-[min(90vh,56rem)] w-[min(94vw,64rem)] grid-rows-[auto_minmax(0,1fr)_auto] p-0 max-w-2xl"[39m
    [33mdata-overlay-depth[39m=[32m"1"[39m
    [33mdata-placement[39m=[32m"dialog"[39m
    [33mdata-state[39m=[32m"open"[39m
    [33mid[39m=[32m"radix-_r_15_"[39m
    [33mrole[39m=[32m"dialog"[39m
    [33mstyle[39m=[32m"pointer-events: auto; z-index: calc(var(--layer-modal) + 1 * var(--layer-step) + 1);"[39m
    [33mtabindex[39m=[32m"-1"[39m
  [36m>[39m
    [36m<header[39m
      [33mclass[39m=[32m"flex items-start justify-between gap-4 border-b border-line px-6 py-5"[39m
    [36m>[39m
      [36m<div[39m
        [33mclass[39m=[32m"grid gap-1"[39m
      [36m>[39m
        [36m<h2[39m
          [33mclass[39m=[32m"text-lg font-semibold text-ink"[39m
          [33mid[39m=[32m"_r_14_"[39m
        [36m>[39m
          [0m删除模型[0m
        [36m</h2>[39m
      [36m</div>[39m
      [36m<button[39m
        [33maria-label[39m=[32m"关闭"[39m
        [33mclass[39m=[32m"af-button relative inline-flex items-center justify-center gap-2 rounded-control border border-transparent font-semibold transition-colors [transition-duration:var(--motion-control)] focus-visible:outline-2 focus-visible:outline-offset-2 focus-visible:outline-focus disabled:cursor-not-allowed text-muted enabled:hover:bg-surface-hover enabled:hover:text-ink enabled:active:bg-clay-soft text-sm h-9 w-9 shrink-0 p-0"[39m
        [33mtitle[39m=[32m"关闭"[39m
        [33mtype[39m=[32m"button"[39m
      [36m>[39m
        [36m<span[39m
          [33mclass[39m=[32m"grid min-w-0"[39m
        [36m>[39m
          [36m<span[39m
            [33mclass[39m=[32m"col-start-1 row-start-1 inline-flex min-w-0 items-center justify-center gap-2"[39m
          [36m>[39m
            [36m<span[39m
              [33mclass[39m=[32m"grid place-items-center"[39m
            [36m>[39m
              [36m<span[39m
                [33maria-hidden[39m=[32m"true"[39m
                [33mclass[39m=[32m"col-start-1 row-start-1 inline-flex"[39m
              [36m>[39m
                [36m<svg[39m
                  [33mfill[39m=[32m"currentColor"[39m
                  [33mheight[39m=[32m"18"[39m
                  [33mviewBox[39m=[32m"0 0 256 256"[39m
                  [33mwidth[39m=[32m"18"[39m
                  [33mxmlns[39m=[32m"http://www.w3.org/2000/svg"[39m
                [36m>[39m
                  [36m<path[39m
                    [33md[39m=[32m"M205.66,194.34a8,8,0,0,1-11.32,11.32L128,139.31,61.66,205.66a8,8,0,0,1-11.32-11.32L116.69,128,50.34,61.66A8,8,0,0,1,61.66,50.34L128,116.69l66.34-66.35a8,8,0,0,1,11.32,11.32L139.31,128Z"[39m
                  [36m/>[39m
                [36m</svg>[39m
              [36m</span>[39m
            [36m</span>[39m
          [36m</span>[39m
        [36m</span>[39m
      [36m</button>[39m
    [36m</header>[39m
    [36m<div[39m
      [33maria-label[39m=[32m"删除模型内容"[39m
      [33mclass[39m=[32m"min-h-0 overflow-y-auto px-6 py-5"[39m
      [33mrole[39m=[32m"region"[39m
      [33mtabindex[39m=[32m"0"[39m
    [36m>[39m
      [0m仅影响本地目录[0m
    [36m</div>[39m
    [36m<footer[39m
      [33mclass[39m=[32m"flex justify-end gap-3 border-t border-line px-6 py-4"[39m
    [36m>[39m
      [36m<button>[39m
        [0m取消[0m
      [36m</button>[39m
    [36m</footer>[39m
    [36m<div[39m
      [33mdata-overlay-host[39m=[32m"true"[39m
      [33mstyle[39m=[32m"display: contents;"[39m
    [36m/>[39m
  [36m</div>[39m
  [36m<span[39m
    [33maria-hidden[39m=[32m"true"[39m
    [33mdata-aria-hidden[39m=[32m"true"[39m
    [33mdata-radix-focus-guard[39m=[32m""[39m
    [33mstyle[39m=[32m"outline: none; opacity: 0; position: fixed; pointer-events: none;"[39m
    [33mtabindex[39m=[32m"0"[39m
  [36m/>[39m
[36m</body>[39m
 ❯ Object.getElementError ../../node_modules/@testing-library/dom/dist/config.js:37:19
 ❯ ../../node_modules/@testing-library/dom/dist/query-helpers.js:76:38
 ❯ ../../node_modules/@testing-library/dom/dist/query-helpers.js:52:17
 ❯ ../../node_modules/@testing-library/dom/dist/query-helpers.js:95:19
 ❯ src/renderer/shared/components/Modal.test.tsx:76:36
     74|     const childOpener = screen.getByRole('button', { name: '从目录移除' })
     75|     await user.click(childOpener)
     76|     await user.click(within(screen.getByRole('dialog', { name: '删除模型' …
       |                                    ^
     77|     await waitFor(() => expect(childOpener).toHaveFocus())
     78|     expect(screen.getByRole('dialog', { name: '编辑模型' })).toBeInTheDocu…

⎯⎯⎯⎯⎯⎯⎯⎯⎯⎯⎯⎯⎯⎯⎯⎯⎯⎯⎯⎯⎯⎯⎯[6/13]⎯

 FAIL  src/renderer/shared/components/Modal.test.tsx > Modal > preserves the new focus target during a rapid close and reopen
TestingLibraryElementError: Unable to find role="dialog" and name "快速重开"

Ignored nodes: comments, script, style
[36m<body[39m
  [33mdata-scroll-locked[39m=[32m"1"[39m
  [33mstyle[39m=[32m"pointer-events: none;"[39m
[36m>[39m
  [36m<span[39m
    [33maria-hidden[39m=[32m"true"[39m
    [33mdata-aria-hidden[39m=[32m"true"[39m
    [33mdata-radix-focus-guard[39m=[32m""[39m
    [33mstyle[39m=[32m"outline: none; opacity: 0; position: fixed; pointer-events: none;"[39m
    [33mtabindex[39m=[32m"0"[39m
  [36m/>[39m
  [36m<div[39m
    [33maria-hidden[39m=[32m"true"[39m
    [33mdata-aria-hidden[39m=[32m"true"[39m
  [36m>[39m
    [36m<main>[39m
      [36m<button>[39m
        [0m入口一[0m
      [36m</button>[39m
      [36m<button>[39m
        [0m入口二[0m
      [36m</button>[39m
    [36m</main>[39m
  [36m</div>[39m
  [36m<div[39m
    [33maria-hidden[39m=[32m"true"[39m
    [33mclass[39m=[32m"autoflow-dialog-overlay fixed inset-0 bg-[var(--color-overlay)]"[39m
    [33mdata-aria-hidden[39m=[32m"true"[39m
    [33mdata-slot[39m=[32m"modal-overlay"[39m
    [33mdata-state[39m=[32m"open"[39m
    [33mstyle[39m=[32m"pointer-events: auto; z-index: calc(var(--layer-modal) + 0 * var(--layer-step));"[39m
  [36m/>[39m
  [36m<div[39m
    [33maria-labelledby[39m=[32m"radix-_r_1l_"[39m
    [33mclass[39m=[32m"autoflow-dialog-content fixed left-1/2 top-1/2 grid -translate-x-1/2 -translate-y-1/2 gap-4 rounded-modal border border-line bg-surface shadow-modal focus:outline-none motion-safe:transition-all max-h-[min(90vh,56rem)] w-[min(94vw,64rem)] grid-rows-[auto_minmax(0,1fr)_auto] p-0 max-w-2xl"[39m
    [33mdata-overlay-depth[39m=[32m"0"[39m
    [33mdata-placement[39m=[32m"dialog"[39m
    [33mdata-state[39m=[32m"open"[39m
    [33mid[39m=[32m"radix-_r_1k_"[39m
    [33mrole[39m=[32m"dialog"[39m
    [33mstyle[39m=[32m"z-index: calc(var(--layer-modal) + 0 * var(--layer-step) + 1); pointer-events: auto;"[39m
    [33mtabindex[39m=[32m"-1"[39m
  [36m>[39m
    [36m<header[39m
      [33mclass[39m=[32m"flex items-start justify-between gap-4 border-b border-line px-6 py-5"[39m
    [36m>[39m
      [36m<div[39m
        [33mclass[39m=[32m"grid gap-1"[39m
      [36m>[39m
        [36m<h2[39m
          [33mclass[39m=[32m"text-lg font-semibold text-ink"[39m
          [33mid[39m=[32m"_r_1j_"[39m
        [36m>[39m
          [0m快速重开[0m
        [36m</h2>[39m
      [36m</div>[39m
      [36m<button[39m
        [33maria-label[39m=[32m"关闭"[39m
        [33mclass[39m=[32m"af-button relative inline-flex items-center justify-center gap-2 rounded-control border border-transparent font-semibold transition-colors [transition-duration:var(--motion-control)] focus-visible:outline-2 focus-visible:outline-offset-2 focus-visible:outline-focus disabled:cursor-not-allowed text-muted enabled:hover:bg-surface-hover enabled:hover:text-ink enabled:active:bg-clay-soft text-sm h-9 w-9 shrink-0 p-0"[39m
        [33mtitle[39m=[32m"关闭"[39m
        [33mtype[39m=[32m"button"[39m
      [36m>[39m
        [36m<span[39m
          [33mclass[39m=[32m"grid min-w-0"[39m
        [36m>[39m
          [36m<span[39m
            [33mclass[39m=[32m"col-start-1 row-start-1 inline-flex min-w-0 items-center justify-center gap-2"[39m
          [36m>[39m
            [36m<span[39m
              [33mclass[39m=[32m"grid place-items-center"[39m
            [36m>[39m
              [36m<span[39m
                [33maria-hidden[39m=[32m"true"[39m
                [33mclass[39m=[32m"col-start-1 row-start-1 inline-flex"[39m
              [36m>[39m
                [36m<svg[39m
                  [33mfill[39m=[32m"currentColor"[39m
                  [33mheight[39m=[32m"18"[39m
                  [33mviewBox[39m=[32m"0 0 256 256"[39m
                  [33mwidth[39m=[32m"18"[39m
                  [33mxmlns[39m=[32m"http://www.w3.org/2000/svg"[39m
                [36m>[39m
                  [36m<path[39m
                    [33md[39m=[32m"M205.66,194.34a8,8,0,0,1-11.32,11.32L128,139.31,61.66,205.66a8,8,0,0,1-11.32-11.32L116.69,128,50.34,61.66A8,8,0,0,1,61.66,50.34L128,116.69l66.34-66.35a8,8,0,0,1,11.32,11.32L139.31,128Z"[39m
                  [36m/>[39m
                [36m</svg>[39m
              [36m</span>[39m
            [36m</span>[39m
          [36m</span>[39m
        [36m</span>[39m
      [36m</button>[39m
    [36m</header>[39m
    [36m<div[39m
      [33maria-label[39m=[32m"快速重开内容"[39m
      [33mclass[39m=[32m"min-h-0 overflow-y-auto px-6 py-5"[39m
      [33mrole[39m=[32m"region"[39m
      [33mtabindex[39m=[32m"0"[39m
    [36m>[39m
      [36m<input[39m
        [33maria-label[39m=[32m"快速聚焦"[39m
      [36m/>[39m
      [36m<button>[39m
        [0m立即关闭[0m
      [36m</button>[39m
    [36m</div>[39m
    [36m<div[39m
      [33mdata-overlay-host[39m=[32m"true"[39m
      [33mstyle[39m=[32m"display: contents;"[39m
    [36m/>[39m
  [36m</div>[39m
  [36m<span[39m
    [33maria-hidden[39m=[32m"true"[39m
    [33mdata-aria-hidden[39m=[32m"true"[39m
    [33mdata-radix-focus-guard[39m=[32m""[39m
    [33mstyle[39m=[32m"outline: none; opacity: 0; position: fixed; pointer-events: none;"[39m
    [33mtabindex[39m=[32m"0"[39m
  [36m/>[39m
[36m</body>[39m

Ignored nodes: comments, script, style
[36m<body[39m
  [33mdata-scroll-locked[39m=[32m"1"[39m
  [33mstyle[39m=[32m"pointer-events: none;"[39m
[36m>[39m
  [36m<span[39m
    [33maria-hidden[39m=[32m"true"[39m
    [33mdata-aria-hidden[39m=[32m"true"[39m
    [33mdata-radix-focus-guard[39m=[32m""[39m
    [33mstyle[39m=[32m"outline: none; opacity: 0; position: fixed; pointer-events: none;"[39m
    [33mtabindex[39m=[32m"0"[39m
  [36m/>[39m
  [36m<div[39m
    [33maria-hidden[39m=[32m"true"[39m
    [33mdata-aria-hidden[39m=[32m"true"[39m
  [36m>[39m
    [36m<main>[39m
      [36m<button>[39m
        [0m入口一[0m
      [36m</button>[39m
      [36m<button>[39m
        [0m入口二[0m
      [36m</button>[39m
    [36m</main>[39m
  [36m</div>[39m
  [36m<div[39m
    [33maria-hidden[39m=[32m"true"[39m
    [33mclass[39m=[32m"autoflow-dialog-overlay fixed inset-0 bg-[var(--color-overlay)]"[39m
    [33mdata-aria-hidden[39m=[32m"true"[39m
    [33mdata-slot[39m=[32m"modal-overlay"[39m
    [33mdata-state[39m=[32m"open"[39m
    [33mstyle[39m=[32m"pointer-events: auto; z-index: calc(var(--layer-modal) + 0 * var(--layer-step));"[39m
  [36m/>[39m
  [36m<div[39m
    [33maria-labelledby[39m=[32m"radix-_r_1l_"[39m
    [33mclass[39m=[32m"autoflow-dialog-content fixed left-1/2 top-1/2 grid -translate-x-1/2 -translate-y-1/2 gap-4 rounded-modal border border-line bg-surface shadow-modal focus:outline-none motion-safe:transition-all max-h-[min(90vh,56rem)] w-[min(94vw,64rem)] grid-rows-[auto_minmax(0,1fr)_auto] p-0 max-w-2xl"[39m
    [33mdata-overlay-depth[39m=[32m"0"[39m
    [33mdata-placement[39m=[32m"dialog"[39m
    [33mdata-state[39m=[32m"open"[39m
    [33mid[39m=[32m"radix-_r_1k_"[39m
    [33mrole[39m=[32m"dialog"[39m
    [33mstyle[39m=[32m"z-index: calc(var(--layer-modal) + 0 * var(--layer-step) + 1); pointer-events: auto;"[39m
    [33mtabindex[39m=[32m"-1"[39m
  [36m>[39m
    [36m<header[39m
      [33mclass[39m=[32m"flex items-start justify-between gap-4 border-b border-line px-6 py-5"[39m
    [36m>[39m
      [36m<div[39m
        [33mclass[39m=[32m"grid gap-1"[39m
      [36m>[39m
        [36m<h2[39m
          [33mclass[39m=[32m"text-lg font-semibold text-ink"[39m
          [33mid[39m=[32m"_r_1j_"[39m
        [36m>[39m
          [0m快速重开[0m
        [36m</h2>[39m
      [36m</div>[39m
      [36m<button[39m
        [33maria-label[39m=[32m"关闭"[39m
        [33mclass[39m=[32m"af-button relative inline-flex items-center justify-center gap-2 rounded-control border border-transparent font-semibold transition-colors [transition-duration:var(--motion-control)] focus-visible:outline-2 focus-visible:outline-offset-2 focus-visible:outline-focus disabled:cursor-not-allowed text-muted enabled:hover:bg-surface-hover enabled:hover:text-ink enabled:active:bg-clay-soft text-sm h-9 w-9 shrink-0 p-0"[39m
        [33mtitle[39m=[32m"关闭"[39m
        [33mtype[39m=[32m"button"[39m
      [36m>[39m
        [36m<span[39m
          [33mclass[39m=[32m"grid min-w-0"[39m
        [36m>[39m
          [36m<span[39m
            [33mclass[39m=[32m"col-start-1 row-start-1 inline-flex min-w-0 items-center justify-center gap-2"[39m
          [36m>[39m
            [36m<span[39m
              [33mclass[39m=[32m"grid place-items-center"[39m
            [36m>[39m
              [36m<span[39m
                [33maria-hidden[39m=[32m"true"[39m
                [33mclass[39m=[32m"col-start-1 row-start-1 inline-flex"[39m
              [36m>[39m
                [36m<svg[39m
                  [33mfill[39m=[32m"currentColor"[39m
                  [33mheight[39m=[32m"18"[39m
                  [33mviewBox[39m=[32m"0 0 256 256"[39m
                  [33mwidth[39m=[32m"18"[39m
                  [33mxmlns[39m=[32m"http://www.w3.org/2000/svg"[39m
                [36m>[39m
                  [36m<path[39m
                    [33md[39m=[32m"M205.66,194.34a8,8,0,0,1-11.32,11.32L128,139.31,61.66,205.66a8,8,0,0,1-11.32-11.32L116.69,128,50.34,61.66A8,8,0,0,1,61.66,50.34L128,116.69l66.34-66.35a8,8,0,0,1,11.32,11.32L139.31,128Z"[39m
                  [36m/>[39m
                [36m</svg>[39m
              [36m</span>[39m
            [36m</span>[39m
          [36m</span>[39m
        [36m</span>[39m
      [36m</button>[39m
    [36m</header>[39m
    [36m<div[39m
      [33maria-label[39m=[32m"快速重开内容"[39m
      [33mclass[39m=[32m"min-h-0 overflow-y-auto px-6 py-5"[39m
      [33mrole[39m=[32m"region"[39m
      [33mtabindex[39m=[32m"0"[39m
    [36m>[39m
      [36m<input[39m
        [33maria-label[39m=[32m"快速聚焦"[39m
      [36m/>[39m
      [36m<button>[39m
        [0m立即关闭[0m
      [36m</button>[39m
    [36m</div>[39m
    [36m<div[39m
      [33mdata-overlay-host[39m=[32m"true"[39m
      [33mstyle[39m=[32m"display: contents;"[39m
    [36m/>[39m
  [36m</div>[39m
  [36m<span[39m
    [33maria-hidden[39m=[32m"true"[39m
    [33mdata-aria-hidden[39m=[32m"true"[39m
    [33mdata-radix-focus-guard[39m=[32m""[39m
    [33mstyle[39m=[32m"outline: none; opacity: 0; position: fixed; pointer-events: none;"[39m
    [33mtabindex[39m=[32m"0"[39m
  [36m/>[39m
[36m</body>[39m
 ❯ waitForWrapper ../../node_modules/@testing-library/dom/dist/wait-for.js:163:27
 ❯ ../../node_modules/@testing-library/dom/dist/query-helpers.js:86:33
 ❯ src/renderer/shared/components/Modal.test.tsx:108:35
    106|     act(() => screen.getByRole('button', { name: '立即关闭' }).click())
    107|     act(() => { second.focus(); second.click() })
    108|     const reopened = await screen.findByRole('dialog', { name: '快速重开' …
       |                                   ^
    109|     await waitFor(() => expect(screen.getByRole('textbox', { name: '快速…
    110|     expect(reopened).toContainElement(document.activeElement as HTMLEl…

⎯⎯⎯⎯⎯⎯⎯⎯⎯⎯⎯⎯⎯⎯⎯⎯⎯⎯⎯⎯⎯⎯⎯[7/13]⎯

 FAIL  src/renderer/domains/project-data/pages/DataTableDetailPage.test.tsx > loads a selected record through get and shows its readonly detail
TestingLibraryElementError: Unable to find role="dialog" and name `/记录详情/`

Ignored nodes: comments, script, style
[36m<body[39m
  [33mdata-scroll-locked[39m=[32m"1"[39m
  [33mstyle[39m=[32m"pointer-events: none;"[39m
[36m>[39m
  [36m<span[39m
    [33maria-hidden[39m=[32m"true"[39m
    [33mdata-aria-hidden[39m=[32m"true"[39m
    [33mdata-radix-focus-guard[39m=[32m""[39m
    [33mstyle[39m=[32m"outline: none; opacity: 0; position: fixed; pointer-events: none;"[39m
    [33mtabindex[39m=[32m"0"[39m
  [36m/>[39m
  [36m<div>[39m
    [36m<div[39m
      [33mdata-orientation[39m=[32m"horizontal"[39m
      [33mdata-table-detail[39m=[32m"true"[39m
      [33mdir[39m=[32m"ltr"[39m
    [36m>[39m
      [36m<section[39m
        [33mclass[39m=[32m"min-w-0 overflow-clip rounded-card border border-line bg-surface"[39m
        [33mdata-table-page-frame[39m=[32m"true"[39m
        [33mdata-testid[39m=[32m"data-table-page-frame"[39m
      [36m>[39m
        [36m<div[39m
          [33maria-hidden[39m=[32m"true"[39m
          [33mclass[39m=[32m"flex min-w-0 w-full flex-wrap items-start justify-between gap-x-8 gap-y-4 px-5 pt-5"[39m
          [33mdata-aria-hidden[39m=[32m"true"[39m
          [33mdata-table-page-frame-header[39m=[32m"true"[39m
        [36m>[39m
          [36m<div[39m
            [33mclass[39m=[32m"min-w-0 basis-80 flex-1"[39m
          [36m>[39m
            [36m<div[39m
              [33mclass[39m=[32m"flex min-w-0 gap-5"[39m
            [36m>[39m
              [36m<span[39m
                [33mclass[39m=[32m"flex size-16 shrink-0 items-center justify-center rounded-card border border-clay/10 bg-clay/5 text-clay"[39m
              [36m>[39m
                [36m<svg[39m
                  [33mfill[39m=[32m"currentColor"[39m
                  [33mheight[39m=[32m"32"[39m
                  [33mviewBox[39m=[32m"0 0 256 256"[39m
                  [33mwidth[39m=[32m"32"[39m
                  [33mxmlns[39m=[32m"http://www.w3.org/2000/svg"[39m
                [36m>[39m
                  [36m<path[39m
                    [33md[39m=[32m"M213.66,82.34l-56-56A8,8,0,0,0,152,24H56A16,16,0,0,0,40,40V216a16,16,0,0,0,16,16H200a16,16,0,0,0,16-16V88A8,8,0,0,0,213.66,82.34ZM160,51.31,188.69,80H160ZM200,216H56V40h88V88a8,8,0,0,0,8,8h48V216Zm-32-80a8,8,0,0,1-8,8H96a8,8,0,0,1,0-16h64A8,8,0,0,1,168,136Zm0,32a8,8,0,0,1-8,8H96a8,8,0,0,1,0-16h64A8,8,0,0,1,168,168Z"[39m
                  [36m/>[39m
                [36m</svg>[39m
              [36m</span>[39m
              [36m<div[39m
                [33mclass[39m=[32m"min-w-0"[39m
              [36m>[39m
                [36m<h2[39m
                  [33mclass[39m=[32m"m-0 break-words text-2xl font-semibold"[39m
                [36m>[39m
                  [0m客户表[0m
                [36m</h2>[39m
                [36m<p[39m
                  [33mclass[39m=[32m"mb-0 mt-1 break-words text-base text-muted"[39m
                [36m>[39m
                  [0m真实说明[0m
                [36m</p>[39m
                [36m<p[39m
                  [33mclass[39m=[32m"mb-0 mt-2 text-sm text-muted"[39m
                [36m>[39m
                  [0m本地数据[0m
                  [0m　|　[0m
                  [0m本地可维护[0m
                [36m</p>[39m
              [36m</div>[39m
            [36m</div>[39m
          [36m</div>[39m
          [36m<div[39m
            [33mclass[39m=[32m"min-w-0 max-w-full overflow-x-auto"[39m
          [36m>[39m
            [36m<div[39m
              [33maria-orientation[39m=[32m"horizontal"[39m
              [33mclass[39m=[32m"inline-flex items-center gap-1 border-b border-line w-full justify-start overflow-x-auto"[39m
              [33mdata-orientation[39m=[32m"horizontal"[39m
              [33mrole[39m=[32m"tablist"[39m
              [33mstyle[39m=[32m"outline: none;"[39m
              [33mtabindex[39m=[32m"0"[39m
            [36m>[39m
              [36m<button[39m
                [33maria-controls[39m=[32m"radix-_r_4g_-content-records"[39m
                [33maria-selected[39m=[32m"true"[39m
                [33mclass[39m=[32m"text-muted data-[state=active]:border-b-2 data-[state=active]:border-clay rounded-t-control px-5 py-3 text-base data-[state=active]:bg-clay/5 data-[state=active]:font-semibold data-[state=active]:text-clay"[39m
                [33mdata-orientation[39m=[32m"horizontal"[39m
                [33mdata-radix-collection-item[39m=[32m""[39m
                [33mdata-state[39m=[32m"active"[39m
                [33mid[39m=[32m"radix-_r_4g_-trigger-records"[39m
                [33mrole[39m=[32m"tab"[39m
                [33mtabindex[39m=[32m"-1"[39m
                [33mtype[39m=[32m"button"[39m
              [36m>[39m
                [0m数据记录[0m
              [36m</button>[39m
              [36m<button[39m
                [33maria-controls[39m=[32m"radix-_r_4g_-content-fields"[39m
                [33maria-selected[39m=[32m"false"[39m
                [33mclass[39m=[32m"text-muted data-[state=active]:border-b-2 data-[state=active]:border-clay rounded-t-control px-5 py-3 text-base data-[state=active]:bg-clay/5 data-[state=active]:font-semibold data-[state=active]:text-clay"[39m
                [33mdata-orientation[39m=[32m"horizontal"[39m
                [33mdata-radix-collection-item[39m=[32m""[39m
                [33mdata-state[39m=[32m"inactive"[39m
                [33mid[39m=[32m"radix-_r_4g_-trigger-fields"[39m
                [33mrole[39m=[32m"tab"[39m
                [33mtabindex[39m=[32m"-1"[39m
                [33mtype[39m=[32m"button"[39m
              [36m>[39m
                [0m字段与校验[0m
              [36m</button>[39m
              [36m<button[39m
                [33maria-controls[39m=[32m"radix-_r_4g_-content-statuses"[39m
                [33maria-selected[39m=[32m"false"[39m
                [33mclass[39m=[32m"text-muted data-[state=active]:border-b-2 data-[state=active]:border-clay rounded-t-control px-5 py-3 text-base data-[state=active]:bg-clay/5 data-[state=active]:font-semibold data-[state=active]:text-clay"[39m
                [33mdata-orientation[39m=[32m"horizontal"[39m
                [33mdata-radix-collection-item[39m=[32m""[39m
                [33mdata-state[39m=[32m"inactive"[39m
                [33mid[39m=[32m"radix-_r_4g_-trigger-statuses"[39m
                [33mrole[39m=[32m"tab"[39m
                [33mtabindex[39m=[32m"-1"[39m
                [33mtype[39m=[32m"button"[39m
              [36m>[39m
                [0m业务状态[0m
              [36m</button>[39m
              [36m<button[39m
                [33maria-controls[39m=[32m"radix-_r_4g_-content-source"[39m
                [33maria-selected[39m=[32m"false"[39m
                [33mclass[39m=[32m"text-muted data-[state=active]:border-b-2 data-[state=active]:border-clay rounded-t-control px-5 p...

Ignored nodes: comments, script, style
[36m<body[39m
  [33mdata-scroll-locked[39m=[32m"1"[39m
  [33mstyle[39m=[32m"pointer-events: none;"[39m
[36m>[39m
  [36m<span[39m
    [33maria-hidden[39m=[32m"true"[39m
    [33mdata-aria-hidden[39m=[32m"true"[39m
    [33mdata-radix-focus-guard[39m=[32m""[39m
    [33mstyle[39m=[32m"outline: none; opacity: 0; position: fixed; pointer-events: none;"[39m
    [33mtabindex[39m=[32m"0"[39m
  [36m/>[39m
  [36m<div>[39m
    [36m<div[39m
      [33mdata-orientation[39m=[32m"horizontal"[39m
      [33mdata-table-detail[39m=[32m"true"[39m
      [33mdir[39m=[32m"ltr"[39m
    [36m>[39m
      [36m<section[39m
        [33mclass[39m=[32m"min-w-0 overflow-clip rounded-card border border-line bg-surface"[39m
        [33mdata-table-page-frame[39m=[32m"true"[39m
        [33mdata-testid[39m=[32m"data-table-page-frame"[39m
      [36m>[39m
        [36m<div[39m
          [33maria-hidden[39m=[32m"true"[39m
          [33mclass[39m=[32m"flex min-w-0 w-full flex-wrap items-start justify-between gap-x-8 gap-y-4 px-5 pt-5"[39m
          [33mdata-aria-hidden[39m=[32m"true"[39m
          [33mdata-table-page-frame-header[39m=[32m"true"[39m
        [36m>[39m
          [36m<div[39m
            [33mclass[39m=[32m"min-w-0 basis-80 flex-1"[39m
          [36m>[39m
            [36m<div[39m
              [33mclass[39m=[32m"flex min-w-0 gap-5"[39m
            [36m>[39m
              [36m<span[39m
                [33mclass[39m=[32m"flex size-16 shrink-0 items-center justify-center rounded-card border border-clay/10 bg-clay/5 text-clay"[39m
              [36m>[39m
                [36m<svg[39m
                  [33mfill[39m=[32m"currentColor"[39m
                  [33mheight[39m=[32m"32"[39m
                  [33mviewBox[39m=[32m"0 0 256 256"[39m
                  [33mwidth[39m=[32m"32"[39m
                  [33mxmlns[39m=[32m"http://www.w3.org/2000/svg"[39m
                [36m>[39m
                  [36m<path[39m
                    [33md[39m=[32m"M213.66,82.34l-56-56A8,8,0,0,0,152,24H56A16,16,0,0,0,40,40V216a16,16,0,0,0,16,16H200a16,16,0,0,0,16-16V88A8,8,0,0,0,213.66,82.34ZM160,51.31,188.69,80H160ZM200,216H56V40h88V88a8,8,0,0,0,8,8h48V216Zm-32-80a8,8,0,0,1-8,8H96a8,8,0,0,1,0-16h64A8,8,0,0,1,168,136Zm0,32a8,8,0,0,1-8,8H96a8,8,0,0,1,0-16h64A8,8,0,0,1,168,168Z"[39m
                  [36m/>[39m
                [36m</svg>[39m
              [36m</span>[39m
              [36m<div[39m
                [33mclass[39m=[32m"min-w-0"[39m
              [36m>[39m
                [36m<h2[39m
                  [33mclass[39m=[32m"m-0 break-words text-2xl font-semibold"[39m
                [36m>[39m
                  [0m客户表[0m
                [36m</h2>[39m
                [36m<p[39m
                  [33mclass[39m=[32m"mb-0 mt-1 break-words text-base text-muted"[39m
                [36m>[39m
                  [0m真实说明[0m
                [36m</p>[39m
                [36m<p[39m
                  [33mclass[39m=[32m"mb-0 mt-2 text-sm text-muted"[39m
                [36m>[39m
                  [0m本地数据[0m
                  [0m　|　[0m
                  [0m本地可维护[0m
                [36m</p>[39m
              [36m</div>[39m
            [36m</div>[39m
          [36m</div>[39m
          [36m<div[39m
            [33mclass[39m=[32m"min-w-0 max-w-full overflow-x-auto"[39m
          [36m>[39m
            [36m<div[39m
              [33maria-orientation[39m=[32m"horizontal"[39m
              [33mclass[39m=[32m"inline-flex items-center gap-1 border-b border-line w-full justify-start overflow-x-auto"[39m
              [33mdata-orientation[39m=[32m"horizontal"[39m
              [33mrole[39m=[32m"tablist"[39m
              [33mstyle[39m=[32m"outline: none;"[39m
              [33mtabindex[39m=[32m"0"[39m
            [36m>[39m
              [36m<button[39m
                [33maria-controls[39m=[32m"radix-_r_4g_-content-records"[39m
                [33maria-selected[39m=[32m"true"[39m
                [33mclass[39m=[32m"text-muted data-[state=active]:border-b-2 data-[state=active]:border-clay rounded-t-control px-5 py-3 text-base data-[state=active]:bg-clay/5 data-[state=active]:font-semibold data-[state=active]:text-clay"[39m
                [33mdata-orientation[39m=[32m"horizontal"[39m
                [33mdata-radix-collection-item[39m=[32m""[39m
                [33mdata-state[39m=[32m"active"[39m
                [33mid[39m=[32m"radix-_r_4g_-trigger-records"[39m
                [33mrole[39m=[32m"tab"[39m
                [33mtabindex[39m=[32m"-1"[39m
                [33mtype[39m=[32m"button"[39m
              [36m>[39m
                [0m数据记录[0m
              [36m</button>[39m
              [36m<button[39m
                [33maria-controls[39m=[32m"radix-_r_4g_-content-fields"[39m
                [33maria-selected[39m=[32m"false"[39m
                [33mclass[39m=[32m"text-muted data-[state=active]:border-b-2 data-[state=active]:border-clay rounded-t-control px-5 py-3 text-base data-[state=active]:bg-clay/5 data-[state=active]:font-semibold data-[state=active]:text-clay"[39m
                [33mdata-orientation[39m=[32m"horizontal"[39m
                [33mdata-radix-collection-item[39m=[32m""[39m
                [33mdata-state[39m=[32m"inactive"[39m
                [33mid[39m=[32m"radix-_r_4g_-trigger-fields"[39m
                [33mrole[39m=[32m"tab"[39m
                [33mtabindex[39m=[32m"-1"[39m
                [33mtype[39m=[32m"button"[39m
              [36m>[39m
                [0m字段与校验[0m
              [36m</button>[39m
              [36m<button[39m
                [33maria-controls[39m=[32m"radix-_r_4g_-content-statuses"[39m
                [33maria-selected[39m=[32m"false"[39m
                [33mclass[39m=[32m"text-muted data-[state=active]:border-b-2 data-[state=active]:border-clay rounded-t-control px-5 py-3 text-base data-[state=active]:bg-clay/5 data-[state=active]:font-semibold data-[state=active]:text-clay"[39m
                [33mdata-orientation[39m=[32m"horizontal"[39m
                [33mdata-radix-collection-item[39m=[32m""[39m
                [33mdata-state[39m=[32m"inactive"[39m
                [33mid[39m=[32m"radix-_r_4g_-trigger-statuses"[39m
                [33mrole[39m=[32m"tab"[39m
                [33mtabindex[39m=[32m"-1"[39m
                [33mtype[39m=[32m"button"[39m
              [36m>[39m
                [0m业务状态[0m
              [36m</button>[39m
              [36m<button[39m
                [33maria-controls[39m=[32m"radix-_r_4g_-content-source"[39m
                [33maria-selected[39m=[32m"false"[39m
                [33mclass[39m=[32m"text-muted data-[state=active]:border-b-2 data-[state=active]:border-clay rounded-t-control px-5 p...
 ❯ waitForWrapper ../../node_modules/@testing-library/dom/dist/wait-for.js:163:27
 ❯ ../../node_modules/@testing-library/dom/dist/query-helpers.js:86:33
 ❯ src/renderer/domains/project-data/pages/DataTableDetailPage.test.tsx:73:177


⎯⎯⎯⎯⎯⎯⎯⎯⎯⎯⎯⎯⎯⎯⎯⎯⎯⎯⎯⎯⎯⎯⎯[8/13]⎯

 FAIL  src/renderer/domains/project-data/pages/DataTableDetailPage.test.tsx > does not reopen the same typed key against a replacement generation
TestingLibraryElementError: Unable to find role="dialog" and name `/记录详情/`

Ignored nodes: comments, script, style
[36m<body[39m
  [33mdata-scroll-locked[39m=[32m"1"[39m
  [33mstyle[39m=[32m"pointer-events: none;"[39m
[36m>[39m
  [36m<span[39m
    [33maria-hidden[39m=[32m"true"[39m
    [33mdata-aria-hidden[39m=[32m"true"[39m
    [33mdata-radix-focus-guard[39m=[32m""[39m
    [33mstyle[39m=[32m"outline: none; opacity: 0; position: fixed; pointer-events: none;"[39m
    [33mtabindex[39m=[32m"0"[39m
  [36m/>[39m
  [36m<div>[39m
    [36m<div[39m
      [33mdata-orientation[39m=[32m"horizontal"[39m
      [33mdata-table-detail[39m=[32m"true"[39m
      [33mdir[39m=[32m"ltr"[39m
    [36m>[39m
      [36m<section[39m
        [33mclass[39m=[32m"min-w-0 overflow-clip rounded-card border border-line bg-surface"[39m
        [33mdata-table-page-frame[39m=[32m"true"[39m
        [33mdata-testid[39m=[32m"data-table-page-frame"[39m
      [36m>[39m
        [36m<div[39m
          [33maria-hidden[39m=[32m"true"[39m
          [33mclass[39m=[32m"flex min-w-0 w-full flex-wrap items-start justify-between gap-x-8 gap-y-4 px-5 pt-5"[39m
          [33mdata-aria-hidden[39m=[32m"true"[39m
          [33mdata-table-page-frame-header[39m=[32m"true"[39m
        [36m>[39m
          [36m<div[39m
            [33mclass[39m=[32m"min-w-0 basis-80 flex-1"[39m
          [36m>[39m
            [36m<div[39m
              [33mclass[39m=[32m"flex min-w-0 gap-5"[39m
            [36m>[39m
              [36m<span[39m
                [33mclass[39m=[32m"flex size-16 shrink-0 items-center justify-center rounded-card border border-clay/10 bg-clay/5 text-clay"[39m
              [36m>[39m
                [36m<svg[39m
                  [33mfill[39m=[32m"currentColor"[39m
                  [33mheight[39m=[32m"32"[39m
                  [33mviewBox[39m=[32m"0 0 256 256"[39m
                  [33mwidth[39m=[32m"32"[39m
                  [33mxmlns[39m=[32m"http://www.w3.org/2000/svg"[39m
                [36m>[39m
                  [36m<path[39m
                    [33md[39m=[32m"M213.66,82.34l-56-56A8,8,0,0,0,152,24H56A16,16,0,0,0,40,40V216a16,16,0,0,0,16,16H200a16,16,0,0,0,16-16V88A8,8,0,0,0,213.66,82.34ZM160,51.31,188.69,80H160ZM200,216H56V40h88V88a8,8,0,0,0,8,8h48V216Zm-32-80a8,8,0,0,1-8,8H96a8,8,0,0,1,0-16h64A8,8,0,0,1,168,136Zm0,32a8,8,0,0,1-8,8H96a8,8,0,0,1,0-16h64A8,8,0,0,1,168,168Z"[39m
                  [36m/>[39m
                [36m</svg>[39m
              [36m</span>[39m
              [36m<div[39m
                [33mclass[39m=[32m"min-w-0"[39m
              [36m>[39m
                [36m<h2[39m
                  [33mclass[39m=[32m"m-0 break-words text-2xl font-semibold"[39m
                [36m>[39m
                  [0m客户表[0m
                [36m</h2>[39m
                [36m<p[39m
                  [33mclass[39m=[32m"mb-0 mt-1 break-words text-base text-muted"[39m
                [36m>[39m
                  [0m真实说明[0m
                [36m</p>[39m
                [36m<p[39m
                  [33mclass[39m=[32m"mb-0 mt-2 text-sm text-muted"[39m
                [36m>[39m
                  [0m本地数据[0m
                  [0m　|　[0m
                  [0m本地可维护[0m
                [36m</p>[39m
              [36m</div>[39m
            [36m</div>[39m
          [36m</div>[39m
          [36m<div[39m
            [33mclass[39m=[32m"min-w-0 max-w-full overflow-x-auto"[39m
          [36m>[39m
            [36m<div[39m
              [33maria-orientation[39m=[32m"horizontal"[39m
              [33mclass[39m=[32m"inline-flex items-center gap-1 border-b border-line w-full justify-start overflow-x-auto"[39m
              [33mdata-orientation[39m=[32m"horizontal"[39m
              [33mrole[39m=[32m"tablist"[39m
              [33mstyle[39m=[32m"outline: none;"[39m
              [33mtabindex[39m=[32m"0"[39m
            [36m>[39m
              [36m<button[39m
                [33maria-controls[39m=[32m"radix-_r_9t_-content-records"[39m
                [33maria-selected[39m=[32m"true"[39m
                [33mclass[39m=[32m"text-muted data-[state=active]:border-b-2 data-[state=active]:border-clay rounded-t-control px-5 py-3 text-base data-[state=active]:bg-clay/5 data-[state=active]:font-semibold data-[state=active]:text-clay"[39m
                [33mdata-orientation[39m=[32m"horizontal"[39m
                [33mdata-radix-collection-item[39m=[32m""[39m
                [33mdata-state[39m=[32m"active"[39m
                [33mid[39m=[32m"radix-_r_9t_-trigger-records"[39m
                [33mrole[39m=[32m"tab"[39m
                [33mtabindex[39m=[32m"-1"[39m
                [33mtype[39m=[32m"button"[39m
              [36m>[39m
                [0m数据记录[0m
              [36m</button>[39m
              [36m<button[39m
                [33maria-controls[39m=[32m"radix-_r_9t_-content-fields"[39m
                [33maria-selected[39m=[32m"false"[39m
                [33mclass[39m=[32m"text-muted data-[state=active]:border-b-2 data-[state=active]:border-clay rounded-t-control px-5 py-3 text-base data-[state=active]:bg-clay/5 data-[state=active]:font-semibold data-[state=active]:text-clay"[39m
                [33mdata-orientation[39m=[32m"horizontal"[39m
                [33mdata-radix-collection-item[39m=[32m""[39m
                [33mdata-state[39m=[32m"inactive"[39m
                [33mid[39m=[32m"radix-_r_9t_-trigger-fields"[39m
                [33mrole[39m=[32m"tab"[39m
                [33mtabindex[39m=[32m"-1"[39m
                [33mtype[39m=[32m"button"[39m
              [36m>[39m
                [0m字段与校验[0m
              [36m</button>[39m
              [36m<button[39m
                [33maria-controls[39m=[32m"radix-_r_9t_-content-statuses"[39m
                [33maria-selected[39m=[32m"false"[39m
                [33mclass[39m=[32m"text-muted data-[state=active]:border-b-2 data-[state=active]:border-clay rounded-t-control px-5 py-3 text-base data-[state=active]:bg-clay/5 data-[state=active]:font-semibold data-[state=active]:text-clay"[39m
                [33mdata-orientation[39m=[32m"horizontal"[39m
                [33mdata-radix-collection-item[39m=[32m""[39m
                [33mdata-state[39m=[32m"inactive"[39m
                [33mid[39m=[32m"radix-_r_9t_-trigger-statuses"[39m
                [33mrole[39m=[32m"tab"[39m
                [33mtabindex[39m=[32m"-1"[39m
                [33mtype[39m=[32m"button"[39m
              [36m>[39m
                [0m业务状态[0m
              [36m</button>[39m
              [36m<button[39m
                [33maria-controls[39m=[32m"radix-_r_9t_-content-source"[39m
                [33maria-selected[39m=[32m"false"[39m
                [33mclass[39m=[32m"text-muted data-[state=active]:border-b-2 data-[state=active]:border-clay rounded-t-control px-5 p...

Ignored nodes: comments, script, style
[36m<body[39m
  [33mdata-scroll-locked[39m=[32m"1"[39m
  [33mstyle[39m=[32m"pointer-events: none;"[39m
[36m>[39m
  [36m<span[39m
    [33maria-hidden[39m=[32m"true"[39m
    [33mdata-aria-hidden[39m=[32m"true"[39m
    [33mdata-radix-focus-guard[39m=[32m""[39m
    [33mstyle[39m=[32m"outline: none; opacity: 0; position: fixed; pointer-events: none;"[39m
    [33mtabindex[39m=[32m"0"[39m
  [36m/>[39m
  [36m<div>[39m
    [36m<div[39m
      [33mdata-orientation[39m=[32m"horizontal"[39m
      [33mdata-table-detail[39m=[32m"true"[39m
      [33mdir[39m=[32m"ltr"[39m
    [36m>[39m
      [36m<section[39m
        [33mclass[39m=[32m"min-w-0 overflow-clip rounded-card border border-line bg-surface"[39m
        [33mdata-table-page-frame[39m=[32m"true"[39m
        [33mdata-testid[39m=[32m"data-table-page-frame"[39m
      [36m>[39m
        [36m<div[39m
          [33maria-hidden[39m=[32m"true"[39m
          [33mclass[39m=[32m"flex min-w-0 w-full flex-wrap items-start justify-between gap-x-8 gap-y-4 px-5 pt-5"[39m
          [33mdata-aria-hidden[39m=[32m"true"[39m
          [33mdata-table-page-frame-header[39m=[32m"true"[39m
        [36m>[39m
          [36m<div[39m
            [33mclass[39m=[32m"min-w-0 basis-80 flex-1"[39m
          [36m>[39m
            [36m<div[39m
              [33mclass[39m=[32m"flex min-w-0 gap-5"[39m
            [36m>[39m
              [36m<span[39m
                [33mclass[39m=[32m"flex size-16 shrink-0 items-center justify-center rounded-card border border-clay/10 bg-clay/5 text-clay"[39m
              [36m>[39m
                [36m<svg[39m
                  [33mfill[39m=[32m"currentColor"[39m
                  [33mheight[39m=[32m"32"[39m
                  [33mviewBox[39m=[32m"0 0 256 256"[39m
                  [33mwidth[39m=[32m"32"[39m
                  [33mxmlns[39m=[32m"http://www.w3.org/2000/svg"[39m
                [36m>[39m
                  [36m<path[39m
                    [33md[39m=[32m"M213.66,82.34l-56-56A8,8,0,0,0,152,24H56A16,16,0,0,0,40,40V216a16,16,0,0,0,16,16H200a16,16,0,0,0,16-16V88A8,8,0,0,0,213.66,82.34ZM160,51.31,188.69,80H160ZM200,216H56V40h88V88a8,8,0,0,0,8,8h48V216Zm-32-80a8,8,0,0,1-8,8H96a8,8,0,0,1,0-16h64A8,8,0,0,1,168,136Zm0,32a8,8,0,0,1-8,8H96a8,8,0,0,1,0-16h64A8,8,0,0,1,168,168Z"[39m
                  [36m/>[39m
                [36m</svg>[39m
              [36m</span>[39m
              [36m<div[39m
                [33mclass[39m=[32m"min-w-0"[39m
              [36m>[39m
                [36m<h2[39m
                  [33mclass[39m=[32m"m-0 break-words text-2xl font-semibold"[39m
                [36m>[39m
                  [0m客户表[0m
                [36m</h2>[39m
                [36m<p[39m
                  [33mclass[39m=[32m"mb-0 mt-1 break-words text-base text-muted"[39m
                [36m>[39m
                  [0m真实说明[0m
                [36m</p>[39m
                [36m<p[39m
                  [33mclass[39m=[32m"mb-0 mt-2 text-sm text-muted"[39m
                [36m>[39m
                  [0m本地数据[0m
                  [0m　|　[0m
                  [0m本地可维护[0m
                [36m</p>[39m
              [36m</div>[39m
            [36m</div>[39m
          [36m</div>[39m
          [36m<div[39m
            [33mclass[39m=[32m"min-w-0 max-w-full overflow-x-auto"[39m
          [36m>[39m
            [36m<div[39m
              [33maria-orientation[39m=[32m"horizontal"[39m
              [33mclass[39m=[32m"inline-flex items-center gap-1 border-b border-line w-full justify-start overflow-x-auto"[39m
              [33mdata-orientation[39m=[32m"horizontal"[39m
              [33mrole[39m=[32m"tablist"[39m
              [33mstyle[39m=[32m"outline: none;"[39m
              [33mtabindex[39m=[32m"0"[39m
            [36m>[39m
              [36m<button[39m
                [33maria-controls[39m=[32m"radix-_r_9t_-content-records"[39m
                [33maria-selected[39m=[32m"true"[39m
                [33mclass[39m=[32m"text-muted data-[state=active]:border-b-2 data-[state=active]:border-clay rounded-t-control px-5 py-3 text-base data-[state=active]:bg-clay/5 data-[state=active]:font-semibold data-[state=active]:text-clay"[39m
                [33mdata-orientation[39m=[32m"horizontal"[39m
                [33mdata-radix-collection-item[39m=[32m""[39m
                [33mdata-state[39m=[32m"active"[39m
                [33mid[39m=[32m"radix-_r_9t_-trigger-records"[39m
                [33mrole[39m=[32m"tab"[39m
                [33mtabindex[39m=[32m"-1"[39m
                [33mtype[39m=[32m"button"[39m
              [36m>[39m
                [0m数据记录[0m
              [36m</button>[39m
              [36m<button[39m
                [33maria-controls[39m=[32m"radix-_r_9t_-content-fields"[39m
                [33maria-selected[39m=[32m"false"[39m
                [33mclass[39m=[32m"text-muted data-[state=active]:border-b-2 data-[state=active]:border-clay rounded-t-control px-5 py-3 text-base data-[state=active]:bg-clay/5 data-[state=active]:font-semibold data-[state=active]:text-clay"[39m
                [33mdata-orientation[39m=[32m"horizontal"[39m
                [33mdata-radix-collection-item[39m=[32m""[39m
                [33mdata-state[39m=[32m"inactive"[39m
                [33mid[39m=[32m"radix-_r_9t_-trigger-fields"[39m
                [33mrole[39m=[32m"tab"[39m
                [33mtabindex[39m=[32m"-1"[39m
                [33mtype[39m=[32m"button"[39m
              [36m>[39m
                [0m字段与校验[0m
              [36m</button>[39m
              [36m<button[39m
                [33maria-controls[39m=[32m"radix-_r_9t_-content-statuses"[39m
                [33maria-selected[39m=[32m"false"[39m
                [33mclass[39m=[32m"text-muted data-[state=active]:border-b-2 data-[state=active]:border-clay rounded-t-control px-5 py-3 text-base data-[state=active]:bg-clay/5 data-[state=active]:font-semibold data-[state=active]:text-clay"[39m
                [33mdata-orientation[39m=[32m"horizontal"[39m
                [33mdata-radix-collection-item[39m=[32m""[39m
                [33mdata-state[39m=[32m"inactive"[39m
                [33mid[39m=[32m"radix-_r_9t_-trigger-statuses"[39m
                [33mrole[39m=[32m"tab"[39m
                [33mtabindex[39m=[32m"-1"[39m
                [33mtype[39m=[32m"button"[39m
              [36m>[39m
                [0m业务状态[0m
              [36m</button>[39m
              [36m<button[39m
                [33maria-controls[39m=[32m"radix-_r_9t_-content-source"[39m
                [33maria-selected[39m=[32m"false"[39m
                [33mclass[39m=[32m"text-muted data-[state=active]:border-b-2 data-[state=active]:border-clay rounded-t-control px-5 p...
 ❯ waitForWrapper ../../node_modules/@testing-library/dom/dist/wait-for.js:163:27
 ❯ ../../node_modules/@testing-library/dom/dist/query-helpers.js:86:33
 ❯ src/renderer/domains/project-data/pages/DataTableDetailPage.test.tsx:117:87
    115|   })
    116|   const view=renderPage(<DataTableDetailPage {...props(client)}/>)
    117|   await userEvent.click(await screen.findByRole('button',{name:/查看记录/}…
       |                                                                                       ^
    118|   request.mockClear();currentTable={...table,datasetGeneration:'g2'}
    119|   view.rerender(<DataTableDetailPage {...props(client,{instanceId:'i2'…

⎯⎯⎯⎯⎯⎯⎯⎯⎯⎯⎯⎯⎯⎯⎯⎯⎯⎯⎯⎯⎯⎯⎯[9/13]⎯

 FAIL  src/renderer/domains/project-data/pages/DataTableDetailPage.test.tsx > opens replace import only for writable tables and keeps archived export available
TestingLibraryElementError: Unable to find role="dialog" and name "用 Excel 替换数据表"

Ignored nodes: comments, script, style
[36m<body[39m
  [33mdata-scroll-locked[39m=[32m"1"[39m
  [33mstyle[39m=[32m"pointer-events: none;"[39m
[36m>[39m
  [36m<span[39m
    [33maria-hidden[39m=[32m"true"[39m
    [33mdata-aria-hidden[39m=[32m"true"[39m
    [33mdata-radix-focus-guard[39m=[32m""[39m
    [33mstyle[39m=[32m"outline: none; opacity: 0; position: fixed; pointer-events: none;"[39m
    [33mtabindex[39m=[32m"0"[39m
  [36m/>[39m
  [36m<div>[39m
    [36m<div[39m
      [33mdata-orientation[39m=[32m"horizontal"[39m
      [33mdata-table-detail[39m=[32m"true"[39m
      [33mdir[39m=[32m"ltr"[39m
    [36m>[39m
      [36m<section[39m
        [33mclass[39m=[32m"min-w-0 overflow-clip rounded-card border border-line bg-surface"[39m
        [33mdata-table-page-frame[39m=[32m"true"[39m
        [33mdata-testid[39m=[32m"data-table-page-frame"[39m
      [36m>[39m
        [36m<div[39m
          [33maria-hidden[39m=[32m"true"[39m
          [33mclass[39m=[32m"flex min-w-0 w-full flex-wrap items-start justify-between gap-x-8 gap-y-4 px-5 pt-5"[39m
          [33mdata-aria-hidden[39m=[32m"true"[39m
          [33mdata-table-page-frame-header[39m=[32m"true"[39m
        [36m>[39m
          [36m<div[39m
            [33mclass[39m=[32m"min-w-0 basis-80 flex-1"[39m
          [36m>[39m
            [36m<div[39m
              [33mclass[39m=[32m"flex min-w-0 gap-5"[39m
            [36m>[39m
              [36m<span[39m
                [33mclass[39m=[32m"flex size-16 shrink-0 items-center justify-center rounded-card border border-clay/10 bg-clay/5 text-clay"[39m
              [36m>[39m
                [36m<svg[39m
                  [33mfill[39m=[32m"currentColor"[39m
                  [33mheight[39m=[32m"32"[39m
                  [33mviewBox[39m=[32m"0 0 256 256"[39m
                  [33mwidth[39m=[32m"32"[39m
                  [33mxmlns[39m=[32m"http://www.w3.org/2000/svg"[39m
                [36m>[39m
                  [36m<path[39m
                    [33md[39m=[32m"M213.66,82.34l-56-56A8,8,0,0,0,152,24H56A16,16,0,0,0,40,40V216a16,16,0,0,0,16,16H200a16,16,0,0,0,16-16V88A8,8,0,0,0,213.66,82.34ZM160,51.31,188.69,80H160ZM200,216H56V40h88V88a8,8,0,0,0,8,8h48V216Zm-32-80a8,8,0,0,1-8,8H96a8,8,0,0,1,0-16h64A8,8,0,0,1,168,136Zm0,32a8,8,0,0,1-8,8H96a8,8,0,0,1,0-16h64A8,8,0,0,1,168,168Z"[39m
                  [36m/>[39m
                [36m</svg>[39m
              [36m</span>[39m
              [36m<div[39m
                [33mclass[39m=[32m"min-w-0"[39m
              [36m>[39m
                [36m<h2[39m
                  [33mclass[39m=[32m"m-0 break-words text-2xl font-semibold"[39m
                [36m>[39m
                  [0m客户表[0m
                [36m</h2>[39m
                [36m<p[39m
                  [33mclass[39m=[32m"mb-0 mt-1 break-words text-base text-muted"[39m
                [36m>[39m
                  [0m真实说明[0m
                [36m</p>[39m
                [36m<p[39m
                  [33mclass[39m=[32m"mb-0 mt-2 text-sm text-muted"[39m
                [36m>[39m
                  [0m本地数据[0m
                  [0m　|　[0m
                  [0m本地可维护[0m
                [36m</p>[39m
              [36m</div>[39m
            [36m</div>[39m
          [36m</div>[39m
          [36m<div[39m
            [33mclass[39m=[32m"min-w-0 max-w-full overflow-x-auto"[39m
          [36m>[39m
            [36m<div[39m
              [33maria-orientation[39m=[32m"horizontal"[39m
              [33mclass[39m=[32m"inline-flex items-center gap-1 border-b border-line w-full justify-start overflow-x-auto"[39m
              [33mdata-orientation[39m=[32m"horizontal"[39m
              [33mrole[39m=[32m"tablist"[39m
              [33mstyle[39m=[32m"outline: none;"[39m
              [33mtabindex[39m=[32m"0"[39m
            [36m>[39m
              [36m<button[39m
                [33maria-controls[39m=[32m"radix-_r_fe_-content-records"[39m
                [33maria-selected[39m=[32m"true"[39m
                [33mclass[39m=[32m"text-muted data-[state=active]:border-b-2 data-[state=active]:border-clay rounded-t-control px-5 py-3 text-base data-[state=active]:bg-clay/5 data-[state=active]:font-semibold data-[state=active]:text-clay"[39m
                [33mdata-orientation[39m=[32m"horizontal"[39m
                [33mdata-radix-collection-item[39m=[32m""[39m
                [33mdata-state[39m=[32m"active"[39m
                [33mid[39m=[32m"radix-_r_fe_-trigger-records"[39m
                [33mrole[39m=[32m"tab"[39m
                [33mtabindex[39m=[32m"-1"[39m
                [33mtype[39m=[32m"button"[39m
              [36m>[39m
                [0m数据记录[0m
              [36m</button>[39m
              [36m<button[39m
                [33maria-controls[39m=[32m"radix-_r_fe_-content-fields"[39m
                [33maria-selected[39m=[32m"false"[39m
                [33mclass[39m=[32m"text-muted data-[state=active]:border-b-2 data-[state=active]:border-clay rounded-t-control px-5 py-3 text-base data-[state=active]:bg-clay/5 data-[state=active]:font-semibold data-[state=active]:text-clay"[39m
                [33mdata-orientation[39m=[32m"horizontal"[39m
                [33mdata-radix-collection-item[39m=[32m""[39m
                [33mdata-state[39m=[32m"inactive"[39m
                [33mid[39m=[32m"radix-_r_fe_-trigger-fields"[39m
                [33mrole[39m=[32m"tab"[39m
                [33mtabindex[39m=[32m"-1"[39m
                [33mtype[39m=[32m"button"[39m
              [36m>[39m
                [0m字段与校验[0m
              [36m</button>[39m
              [36m<button[39m
                [33maria-controls[39m=[32m"radix-_r_fe_-content-statuses"[39m
                [33maria-selected[39m=[32m"false"[39m
                [33mclass[39m=[32m"text-muted data-[state=active]:border-b-2 data-[state=active]:border-clay rounded-t-control px-5 py-3 text-base data-[state=active]:bg-clay/5 data-[state=active]:font-semibold data-[state=active]:text-clay"[39m
                [33mdata-orientation[39m=[32m"horizontal"[39m
                [33mdata-radix-collection-item[39m=[32m""[39m
                [33mdata-state[39m=[32m"inactive"[39m
                [33mid[39m=[32m"radix-_r_fe_-trigger-statuses"[39m
                [33mrole[39m=[32m"tab"[39m
                [33mtabindex[39m=[32m"-1"[39m
                [33mtype[39m=[32m"button"[39m
              [36m>[39m
                [0m业务状态[0m
              [36m</button>[39m
              [36m<button[39m
                [33maria-controls[39m=[32m"radix-_r_fe_-content-source"[39m
                [33maria-selected[39m=[32m"false"[39m
                [33mclass[39m=[32m"text-muted data-[state=active]:border-b-2 data-[state=active]:border-clay rounded-t-control px-5 p...

Ignored nodes: comments, script, style
[36m<body[39m
  [33mdata-scroll-locked[39m=[32m"1"[39m
  [33mstyle[39m=[32m"pointer-events: none;"[39m
[36m>[39m
  [36m<span[39m
    [33maria-hidden[39m=[32m"true"[39m
    [33mdata-aria-hidden[39m=[32m"true"[39m
    [33mdata-radix-focus-guard[39m=[32m""[39m
    [33mstyle[39m=[32m"outline: none; opacity: 0; position: fixed; pointer-events: none;"[39m
    [33mtabindex[39m=[32m"0"[39m
  [36m/>[39m
  [36m<div>[39m
    [36m<div[39m
      [33mdata-orientation[39m=[32m"horizontal"[39m
      [33mdata-table-detail[39m=[32m"true"[39m
      [33mdir[39m=[32m"ltr"[39m
    [36m>[39m
      [36m<section[39m
        [33mclass[39m=[32m"min-w-0 overflow-clip rounded-card border border-line bg-surface"[39m
        [33mdata-table-page-frame[39m=[32m"true"[39m
        [33mdata-testid[39m=[32m"data-table-page-frame"[39m
      [36m>[39m
        [36m<div[39m
          [33maria-hidden[39m=[32m"true"[39m
          [33mclass[39m=[32m"flex min-w-0 w-full flex-wrap items-start justify-between gap-x-8 gap-y-4 px-5 pt-5"[39m
          [33mdata-aria-hidden[39m=[32m"true"[39m
          [33mdata-table-page-frame-header[39m=[32m"true"[39m
        [36m>[39m
          [36m<div[39m
            [33mclass[39m=[32m"min-w-0 basis-80 flex-1"[39m
          [36m>[39m
            [36m<div[39m
              [33mclass[39m=[32m"flex min-w-0 gap-5"[39m
            [36m>[39m
              [36m<span[39m
                [33mclass[39m=[32m"flex size-16 shrink-0 items-center justify-center rounded-card border border-clay/10 bg-clay/5 text-clay"[39m
              [36m>[39m
                [36m<svg[39m
                  [33mfill[39m=[32m"currentColor"[39m
                  [33mheight[39m=[32m"32"[39m
                  [33mviewBox[39m=[32m"0 0 256 256"[39m
                  [33mwidth[39m=[32m"32"[39m
                  [33mxmlns[39m=[32m"http://www.w3.org/2000/svg"[39m
                [36m>[39m
                  [36m<path[39m
                    [33md[39m=[32m"M213.66,82.34l-56-56A8,8,0,0,0,152,24H56A16,16,0,0,0,40,40V216a16,16,0,0,0,16,16H200a16,16,0,0,0,16-16V88A8,8,0,0,0,213.66,82.34ZM160,51.31,188.69,80H160ZM200,216H56V40h88V88a8,8,0,0,0,8,8h48V216Zm-32-80a8,8,0,0,1-8,8H96a8,8,0,0,1,0-16h64A8,8,0,0,1,168,136Zm0,32a8,8,0,0,1-8,8H96a8,8,0,0,1,0-16h64A8,8,0,0,1,168,168Z"[39m
                  [36m/>[39m
                [36m</svg>[39m
              [36m</span>[39m
              [36m<div[39m
                [33mclass[39m=[32m"min-w-0"[39m
              [36m>[39m
                [36m<h2[39m
                  [33mclass[39m=[32m"m-0 break-words text-2xl font-semibold"[39m
                [36m>[39m
                  [0m客户表[0m
                [36m</h2>[39m
                [36m<p[39m
                  [33mclass[39m=[32m"mb-0 mt-1 break-words text-base text-muted"[39m
                [36m>[39m
                  [0m真实说明[0m
                [36m</p>[39m
                [36m<p[39m
                  [33mclass[39m=[32m"mb-0 mt-2 text-sm text-muted"[39m
                [36m>[39m
                  [0m本地数据[0m
                  [0m　|　[0m
                  [0m本地可维护[0m
                [36m</p>[39m
              [36m</div>[39m
            [36m</div>[39m
          [36m</div>[39m
          [36m<div[39m
            [33mclass[39m=[32m"min-w-0 max-w-full overflow-x-auto"[39m
          [36m>[39m
            [36m<div[39m
              [33maria-orientation[39m=[32m"horizontal"[39m
              [33mclass[39m=[32m"inline-flex items-center gap-1 border-b border-line w-full justify-start overflow-x-auto"[39m
              [33mdata-orientation[39m=[32m"horizontal"[39m
              [33mrole[39m=[32m"tablist"[39m
              [33mstyle[39m=[32m"outline: none;"[39m
              [33mtabindex[39m=[32m"0"[39m
            [36m>[39m
              [36m<button[39m
                [33maria-controls[39m=[32m"radix-_r_fe_-content-records"[39m
                [33maria-selected[39m=[32m"true"[39m
                [33mclass[39m=[32m"text-muted data-[state=active]:border-b-2 data-[state=active]:border-clay rounded-t-control px-5 py-3 text-base data-[state=active]:bg-clay/5 data-[state=active]:font-semibold data-[state=active]:text-clay"[39m
                [33mdata-orientation[39m=[32m"horizontal"[39m
                [33mdata-radix-collection-item[39m=[32m""[39m
                [33mdata-state[39m=[32m"active"[39m
                [33mid[39m=[32m"radix-_r_fe_-trigger-records"[39m
                [33mrole[39m=[32m"tab"[39m
                [33mtabindex[39m=[32m"-1"[39m
                [33mtype[39m=[32m"button"[39m
              [36m>[39m
                [0m数据记录[0m
              [36m</button>[39m
              [36m<button[39m
                [33maria-controls[39m=[32m"radix-_r_fe_-content-fields"[39m
                [33maria-selected[39m=[32m"false"[39m
                [33mclass[39m=[32m"text-muted data-[state=active]:border-b-2 data-[state=active]:border-clay rounded-t-control px-5 py-3 text-base data-[state=active]:bg-clay/5 data-[state=active]:font-semibold data-[state=active]:text-clay"[39m
                [33mdata-orientation[39m=[32m"horizontal"[39m
                [33mdata-radix-collection-item[39m=[32m""[39m
                [33mdata-state[39m=[32m"inactive"[39m
                [33mid[39m=[32m"radix-_r_fe_-trigger-fields"[39m
                [33mrole[39m=[32m"tab"[39m
                [33mtabindex[39m=[32m"-1"[39m
                [33mtype[39m=[32m"button"[39m
              [36m>[39m
                [0m字段与校验[0m
              [36m</button>[39m
              [36m<button[39m
                [33maria-controls[39m=[32m"radix-_r_fe_-content-statuses"[39m
                [33maria-selected[39m=[32m"false"[39m
                [33mclass[39m=[32m"text-muted data-[state=active]:border-b-2 data-[state=active]:border-clay rounded-t-control px-5 py-3 text-base data-[state=active]:bg-clay/5 data-[state=active]:font-semibold data-[state=active]:text-clay"[39m
                [33mdata-orientation[39m=[32m"horizontal"[39m
                [33mdata-radix-collection-item[39m=[32m""[39m
                [33mdata-state[39m=[32m"inactive"[39m
                [33mid[39m=[32m"radix-_r_fe_-trigger-statuses"[39m
                [33mrole[39m=[32m"tab"[39m
                [33mtabindex[39m=[32m"-1"[39m
                [33mtype[39m=[32m"button"[39m
              [36m>[39m
                [0m业务状态[0m
              [36m</button>[39m
              [36m<button[39m
                [33maria-controls[39m=[32m"radix-_r_fe_-content-source"[39m
                [33maria-selected[39m=[32m"false"[39m
                [33mclass[39m=[32m"text-muted data-[state=active]:border-b-2 data-[state=active]:border-clay rounded-t-control px-5 p...
 ❯ waitForWrapper ../../node_modules/@testing-library/dom/dist/wait-for.js:163:27
 ❯ ../../node_modules/@testing-library/dom/dist/query-helpers.js:86:33
 ❯ src/renderer/domains/project-data/pages/DataTableDetailPage.test.tsx:168:159


⎯⎯⎯⎯⎯⎯⎯⎯⎯⎯⎯⎯⎯⎯⎯⎯⎯⎯⎯⎯⎯⎯[10/13]⎯

 FAIL  src/renderer/domains/project-data/pages/DataTableDetailPage.test.tsx > opens the table editor from settings without exposing internal versions
TestingLibraryElementError: Unable to find an accessible element with the role "dialog" and name "编辑数据表"

Here are the accessible roles:

  dialog:

  Name "":
  [36m<div[39m
    [33maria-describedby[39m=[32m"_r_lc_"[39m
    [33maria-labelledby[39m=[32m"radix-_r_lf_"[39m
    [33mclass[39m=[32m"autoflow-dialog-content fixed left-1/2 top-1/2 grid -translate-x-1/2 -translate-y-1/2 gap-4 rounded-modal border border-line bg-surface shadow-modal focus:outline-none motion-safe:transition-all max-h-[min(90vh,56rem)] w-[min(94vw,64rem)] grid-rows-[auto_minmax(0,1fr)_auto] p-0 max-w-[32.5rem] [&>header]:border-0 [&>header_h2]:text-[28px] [&>header_p]:text-base [&>footer]:border-0 [&>footer_button]:h-12 [&>footer_button]:min-w-28 [&>footer_button]:text-base"[39m
    [33mdata-overlay-depth[39m=[32m"0"[39m
    [33mdata-placement[39m=[32m"dialog"[39m
    [33mdata-state[39m=[32m"open"[39m
    [33mid[39m=[32m"radix-_r_le_"[39m
    [33mrole[39m=[32m"dialog"[39m
    [33mstyle[39m=[32m"z-index: calc(var(--layer-modal) + 0 * var(--layer-step) + 1); pointer-events: auto;"[39m
    [33mtabindex[39m=[32m"-1"[39m
  [36m/>[39m

  --------------------------------------------------
  banner:

  Name "":
  [36m<header[39m
    [33mclass[39m=[32m"flex items-start justify-between gap-4 border-b border-line px-6 py-5"[39m
  [36m/>[39m

  --------------------------------------------------
  heading:

  Name "编辑数据表":
  [36m<h2[39m
    [33mclass[39m=[32m"text-lg font-semibold text-ink"[39m
    [33mid[39m=[32m"_r_ld_"[39m
  [36m/>[39m

  --------------------------------------------------
  paragraph:

  Name "":
  [36m<p[39m
    [33mclass[39m=[32m"text-sm text-muted"[39m
    [33mid[39m=[32m"_r_lc_"[39m
  [36m/>[39m

  Name "":
  [36m<p[39m
    [33mclass[39m=[32m"text-xs text-muted"[39m
    [33mid[39m=[32m"data-table-description-hint"[39m
  [36m/>[39m

  Name "":
  [36m<p[39m
    [33mclass[39m=[32m"m-0 flex items-start gap-2 border-t border-line pt-4 text-sm text-muted"[39m
  [36m/>[39m

  --------------------------------------------------
  button:

  Name "关闭":
  [36m<button[39m
    [33maria-label[39m=[32m"关闭"[39m
    [33mclass[39m=[32m"af-button relative inline-flex items-center justify-center gap-2 rounded-control border border-transparent font-semibold transition-colors [transition-duration:var(--motion-control)] focus-visible:outline-2 focus-visible:outline-offset-2 focus-visible:outline-focus disabled:cursor-not-allowed text-muted enabled:hover:bg-surface-hover enabled:hover:text-ink enabled:active:bg-clay-soft text-sm h-9 w-9 shrink-0 p-0"[39m
    [33mtitle[39m=[32m"关闭"[39m
    [33mtype[39m=[32m"button"[39m
  [36m/>[39m

  Name "取消":
  [36m<button[39m
    [33mclass[39m=[32m"af-button relative inline-flex shrink-0 items-center justify-center gap-2 rounded-control border font-semibold transition-colors [transition-duration:var(--motion-control)] focus-visible:outline-2 focus-visible:outline-offset-2 focus-visible:outline-focus disabled:cursor-not-allowed border-control-border bg-surface text-ink enabled:hover:bg-surface-hover enabled:active:bg-clay-soft h-[var(--control-md)] px-4 text-sm"[39m
    [33mtype[39m=[32m"button"[39m
  [36m/>[39m

  Name "保存修改":
  [36m<button[39m
    [33mclass[39m=[32m"af-button relative inline-flex shrink-0 items-center justify-center gap-2 rounded-control border border-transparent font-semibold transition-colors [transition-duration:var(--motion-control)] focus-visible:outline-2 focus-visible:outline-offset-2 focus-visible:outline-focus disabled:cursor-not-allowed bg-clay text-on-accent shadow-sm enabled:hover:bg-clay-strong enabled:active:bg-clay-strong h-[var(--control-md)] px-4 text-sm"[39m
    [33mform[39m=[32m"data-table-form"[39m
    [33mtype[39m=[32m"submit"[39m
  [36m/>[39m

  --------------------------------------------------
  region:

  Name "编辑数据表内容":
  [36m<div[39m
    [33maria-label[39m=[32m"编辑数据表内容"[39m
    [33mclass[39m=[32m"min-h-0 overflow-y-auto px-6 py-5"[39m
    [33mrole[39m=[32m"region"[39m
    [33mtabindex[39m=[32m"0"[39m
  [36m/>[39m

  --------------------------------------------------
  textbox:

  Name "数据表名称":
  [36m<input[39m
    [33maria-label[39m=[32m"数据表名称"[39m
    [33mclass[39m=[32m"w-full min-w-0 px-3 h-12 text-base"[39m
    [33mdata-af-control[39m=[32m"true"[39m
    [33mid[39m=[32m"data-table-name"[39m
    [33mname[39m=[32m"name"[39m
  [36m/>[39m

  Name "用途说明（可选）":
  [36m<textarea[39m
    [33maria-describedby[39m=[32m"data-table-description-hint"[39m
    [33mclass[39m=[32m"min-h-24 w-full min-w-0 px-3 py-2 text-base"[39m
    [33mdata-af-control[39m=[32m"true"[39m
    [33mid[39m=[32m"data-table-description"[39m
    [33mname[39m=[32m"description"[39m
    [33mrows[39m=[32m"4"[39m
  [36m/>[39m

  --------------------------------------------------
  contentinfo:

  Name "":
  [36m<footer[39m
    [33mclass[39m=[32m"flex justify-end gap-3 border-t border-line px-6 py-4"[39m
  [36m/>[39m

  --------------------------------------------------

Ignored nodes: comments, script, style
[36m<body[39m
  [33mdata-scroll-locked[39m=[32m"1"[39m
  [33mstyle[39m=[32m"pointer-events: none;"[39m
[36m>[39m
  [36m<span[39m
    [33maria-hidden[39m=[32m"true"[39m
    [33mdata-aria-hidden[39m=[32m"true"[39m
    [33mdata-radix-focus-guard[39m=[32m""[39m
    [33mstyle[39m=[32m"outline: none; opacity: 0; position: fixed; pointer-events: none;"[39m
    [33mtabindex[39m=[32m"0"[39m
  [36m/>[39m
  [36m<div[39m
    [33maria-hidden[39m=[32m"true"[39m
    [33mdata-aria-hidden[39m=[32m"true"[39m
  [36m>[39m
    [36m<div[39m
      [33mdata-orientation[39m=[32m"horizontal"[39m
      [33mdata-table-detail[39m=[32m"true"[39m
      [33mdir[39m=[32m"ltr"[39m
    [36m>[39m
      [36m<section[39m
        [33mclass[39m=[32m"min-w-0 overflow-clip rounded-card border border-line bg-surface"[39m
        [33mdata-table-page-frame[39m=[32m"true"[39m
        [33mdata-testid[39m=[32m"data-table-page-frame"[39m
      [36m>[39m
        [36m<div[39m
          [33mclass[39m=[32m"flex min-w-0 w-full flex-wrap items-start justify-between gap-x-8 gap-y-4 px-5 pt-5"[39m
          [33mdata-table-page-frame-header[39m=[32m"true"[39m
        [36m>[39m
          [36m<div[39m
            [33mclass[39m=[32m"min-w-0 basis-80 flex-1"[39m
          [36m>[39m
            [36m<div[39m
              [33mclass[39m=[32m"flex min-w-0 gap-5"[39m
            [36m>[39m
              [36m<span[39m
                [33mclass[39m=[32m"flex size-16 shrink-0 items-center justify-center rounded-card border border-clay/10 bg-clay/5 text-clay"[39m
              [36m>[39m
                [36m<svg[39m
                  [33mfill[39m=[32m"currentColor"[39m
                  [33mheight[39m=[32m"32"[39m
                  [33mviewBox[39m=[32m"0 0 256 256"[39m
                  [33mwidth[39m=[32m"32"[39m
                  [33mxmlns[39m=[32m"http://www.w3.org/2000/svg"[39m
                [36m>[39m
                  [36m<path[39m
                    [33md[39m=[32m"M213.66,82.34l-56-56A8,8,0,0,0,152,24H56A16,16,0,0,0,40,40V216a16,16,0,0,0,16,16H200a16,16,0,0,0,16-16V88A8,8,0,0,0,213.66,82.34ZM160,51.31,188.69,80H160ZM200,216H56V40h88V88a8,8,0,0,0,8,8h48V216Zm-32-80a8,8,0,0,1-8,8H96a8,8,0,0,1,0-16h64A8,8,0,0,1,168,136Zm0,32a8,8,0,0,1-8,8H96a8,8,0,0,1,0-16h64A8,8,0,0,1,168,168Z"[39m
                  [36m/>[39m
                [36m</svg>[39m
              [36m</span>[39m
              [36m<div[39m
                [33mclass[39m=[32m"min-w-0"[39m
              [36m>[39m
                [36m<h2[39m
                  [33mclass[39m=[32m"m-0 break-words text-2xl font-semibold"[39m
                [36m>[39m
                  [0m客户表[0m
                [36m</h2>[39m
                [36m<p[39m
                  [33mclass[39m=[32m"mb-0 mt-1 break-words text-base text-muted"[39m
                [36m>[39m
                  [0m真实说明[0m
                [36m</p>[39m
                [36m<p[39m
                  [33mclass[39m=[32m"mb-0 mt-2 text-sm text-muted"[39m
                [36m>[39m
                  [0m本地数据[0m
                  [0m　|　[0m
                  [0m本地可维护[0m
                [36m</p>[39m
              [36m</div>[39m
            [36m</div>[39m
          [36m</div>[39m
          [36m<div[39m
            [33mclass[39m=[32m"min-w-0 max-w-full overflow-x-auto"[39m
          [36m>[39m
            [36m<div[39m
              [33maria-orientation[39m=[32m"horizontal"[39m
              [33mclass[39m=[32m"inline-flex items-center gap-1 border-b border-line w-full justify-start overflow-x-auto"[39m
              [33mdata-orientation[39m=[32m"horizontal"[39m
              [33mrole[39m=[32m"tablist"[39m
              [33mstyle[39m=[32m"outline: none;"[39m
              [33mtabindex[39m=[32m"0"[39m
            [36m>[39m
              [36m<button[39m
                [33maria-controls[39m=[32m"radix-_r_kr_-content-records"[39m
                [33maria-selected[39m=[32m"false"[39m
                [33mclass[39m=[32m"text-muted data-[state=active]:border-b-2 data-[state=active]:border-clay rounded-t-control px-5 py-3 text-base data-[state=active]:bg-clay/5 data-[state=active]:font-semibold data-[state=active]:text-clay"[39m
                [33mdata-orientation[39m=[32m"horizontal"[39m
                [33mdata-radix-collection-item[39m=[32m""[39m
                [33mdata-state[39m=[32m"inactive"[39m
                [33mid[39m=[32m"radix-_r_kr_-trigger-records"[39m
                [33mrole[39m=[32m"tab"[39m
                [33mtabindex[39m=[32m"-1"[39m
                [33mtype[39m=[32m"button"[39m
              [36m>[39m
                [0m数据记录[0m
              [36m</button>[39m
              [36m<button[39m
                [33maria-controls[39m=[32m"radix-_r_kr_-content-fields"[39m
                [33maria-selected[39m=[32m"false"[39m
                [33mclass[39m=[32m"text-muted data-[state=active]:border-b-2 data-[state=active]:border-clay rounded-t-control px-5 py-3 text-base data-[state=active]:bg-clay/5 data-[state=active]:font-semibold data-[state=active]:text-clay"[39m
                [33mdata-orientation[39m=[32m"horizontal"[39m
                [33mdata-radix-collection-item[39m=[32m""[39m
                [33mdata-state[39m=[32m"inactive"[39m
                [33mid[39m=[32m"radix-_r_kr_-trigger-fields"[39m
                [33mrole[39m=[32m"tab"[39m
                [33mtabindex[39m=[32m"-1"[39m
                [33mtype[39m=[32m"button"[39m
              [36m>[39m
                [0m字段与校验[0m
              [36m</button>[39m
              [36m<button[39m
                [33maria-controls[39m=[32m"radix-_r_kr_-content-statuses"[39m
                [33maria-selected[39m=[32m"false"[39m
                [33mclass[39m=[32m"text-muted data-[state=active]:border-b-2 data-[state=active]:border-clay rounded-t-control px-5 py-3 text-base data-[state=active]:bg-clay/5 data-[state=active]:font-semibold data-[state=active]:text-clay"[39m
                [33mdata-orientation[39m=[32m"horizontal"[39m
                [33mdata-radix-collection-item[39m=[32m""[39m
                [33mdata-state[39m=[32m"inactive"[39m
                [33mid[39m=[32m"radix-_r_kr_-trigger-statuses"[39m
                [33mrole[39m=[32m"tab"[39m
                [33mtabindex[39m=[32m"-1"[39m
                [33mtype[39m=[32m"button"[39m
              [36m>[39m
                [0m业务状态[0m
              [36m</button>[39m
              [36m<button[39m
                [33maria-controls[39m=[32m"radix-_r_kr_-content-source"[39m
                [33maria-selected[39m=[32m"false"[39m
                [33mclass[39m=[32m"text-muted data-[state=active]:border-b-2 data-[state=active]:border-clay rounded-t-control px...
 ❯ Object.getElementError ../../node_modules/@testing-library/dom/dist/config.js:37:19
 ❯ ../../node_modules/@testing-library/dom/dist/query-helpers.js:76:38
 ❯ ../../node_modules/@testing-library/dom/dist/query-helpers.js:52:17
 ❯ ../../node_modules/@testing-library/dom/dist/query-helpers.js:95:19
 ❯ src/renderer/domains/project-data/pages/DataTableDetailPage.test.tsx:208:17
    206| it('opens the table editor from settings without exposing internal ver…
    207|   const {client}=api();renderPage(<DataTableDetailPage {...props(clien…
    208|   expect(screen.getByRole('dialog',{name:'编辑数据表'})).toBeVisible();expe…
       |                 ^
    209| })
    210|

⎯⎯⎯⎯⎯⎯⎯⎯⎯⎯⎯⎯⎯⎯⎯⎯⎯⎯⎯⎯⎯⎯[11/13]⎯

 FAIL  src/renderer/domains/project-data/pages/DataTableDetailPage.test.tsx > does not bind an old record key to a replacement data version during conflict reload
TestingLibraryElementError: Unable to find an accessible element with the role "dialog" and name "编辑记录"

Here are the accessible roles:

  tabpanel:

  Name "数据记录":
  [36m<div[39m
    [33maria-labelledby[39m=[32m"radix-_r_md_-trigger-records"[39m
    [33mclass[39m=[32m"mt-4 focus:outline-none grid gap-3"[39m
    [33mdata-orientation[39m=[32m"horizontal"[39m
    [33mdata-state[39m=[32m"active"[39m
    [33mid[39m=[32m"radix-_r_md_-content-records"[39m
    [33mrole[39m=[32m"tabpanel"[39m
    [33mstyle[39m=[32m""[39m
    [33mtabindex[39m=[32m"0"[39m
  [36m/>[39m

  --------------------------------------------------
  region:

  Name "数据记录":
  [36m<section[39m
    [33maria-busy[39m=[32m"false"[39m
    [33maria-label[39m=[32m"数据记录"[39m
    [33mclass[39m=[32m"grid min-w-0 gap-4"[39m
  [36m/>[39m

  --------------------------------------------------
  navigation:

  Name "分页":
  [36m<nav[39m
    [33maria-label[39m=[32m"分页"[39m
    [33mclass[39m=[32m"flex flex-wrap items-center justify-between gap-3 text-sm text-muted"[39m
  [36m/>[39m

  --------------------------------------------------dialog:

  Name "":
  [36m<div[39m
    [33maria-describedby[39m=[32m"_r_n9_"[39m
    [33maria-labelledby[39m=[32m"radix-_r_nc_"[39m
    [33mclass[39m=[32m"autoflow-dialog-content fixed left-1/2 top-1/2 grid -translate-x-1/2 -translate-y-1/2 gap-4 rounded-modal border border-line bg-surface shadow-modal focus:outline-none motion-safe:transition-all max-h-[min(90vh,56rem)] w-[min(94vw,64rem)] grid-rows-[auto_minmax(0,1fr)_auto] p-0 max-w-5xl"[39m
    [33mdata-overlay-depth[39m=[32m"0"[39m
    [33mdata-placement[39m=[32m"dialog"[39m
    [33mdata-state[39m=[32m"open"[39m
    [33mid[39m=[32m"radix-_r_nb_"[39m
    [33mrole[39m=[32m"dialog"[39m
    [33mstyle[39m=[32m"z-index: calc(var(--layer-modal) + 0 * var(--layer-step) + 1); pointer-events: auto;"[39m
    [33mtabindex[39m=[32m"-1"[39m
  [36m/>[39m

  --------------------------------------------------
  banner:

  Name "":
  [36m<header[39m
    [33mclass[39m=[32m"flex items-start justify-between gap-4 border-b border-line px-6 py-5"[39m
  [36m/>[39m

  --------------------------------------------------
  heading:

  Name "编辑记录":
  [36m<h2[39m
    [33mclass[39m=[32m"text-lg font-semibold text-ink"[39m
    [33mid[39m=[32m"_r_na_"[39m
  [36m/>[39m

  --------------------------------------------------
  paragraph:

  Name "":
  [36m<p[39m
    [33mclass[39m=[32m"text-sm text-muted"[39m
    [33mid[39m=[32m"_r_n9_"[39m
  [36m/>[39m

  Name "":
  [36m<p[39m
    [33mclass[39m=[32m"m-0 break-all rounded-control border border-line bg-surface px-3 py-2 text-sm text-muted"[39m
  [36m/>[39m

  --------------------------------------------------
  button:

  Name "关闭":
  [36m<button[39m
    [33maria-label[39m=[32m"关闭"[39m
    [33mclass[39m=[32m"af-button relative inline-flex items-center justify-center gap-2 rounded-control border border-transparent font-semibold transition-colors [transition-duration:var(--motion-control)] focus-visible:outline-2 focus-visible:outline-offset-2 focus-visible:outline-focus disabled:cursor-not-allowed text-muted enabled:hover:bg-surface-hover enabled:hover:text-ink enabled:active:bg-clay-soft text-sm h-9 w-9 shrink-0 p-0"[39m
    [33mtitle[39m=[32m"关闭"[39m
    [33mtype[39m=[32m"button"[39m
  [36m/>[39m

  Name "值选项":
  [36m<button[39m
    [33mclass[39m=[32m"af-button relative inline-flex shrink-0 items-center justify-center gap-2 rounded-control border border-transparent font-semibold transition-colors [transition-duration:var(--motion-control)] focus-visible:outline-2 focus-visible:outline-offset-2 focus-visible:outline-focus disabled:cursor-not-allowed text-muted enabled:hover:bg-surface-hover enabled:hover:text-ink enabled:active:bg-clay-soft h-[var(--control-sm)] px-3 text-xs"[39m
    [33mtype[39m=[32m"button"[39m
  [36m/>[39m

  Name "取消":
  [36m<button[39m
    [33mclass[39m=[32m"af-button relative inline-flex shrink-0 items-center justify-center gap-2 rounded-control border border-transparent font-semibold transition-colors [transition-duration:var(--motion-control)] focus-visible:outline-2 focus-visible:outline-offset-2 focus-visible:outline-focus disabled:cursor-not-allowed text-muted enabled:hover:bg-surface-hover enabled:hover:text-ink enabled:active:bg-clay-soft h-[var(--control-md)] px-4 text-sm"[39m
    [33mtype[39m=[32m"button"[39m
  [36m/>[39m

  Name "保存修改":
  [36m<button[39m
    [33mclass[39m=[32m"af-button relative inline-flex shrink-0 items-center justify-center gap-2 rounded-control border border-transparent font-semibold transition-colors [transition-duration:var(--motion-control)] focus-visible:outline-2 focus-visible:outline-offset-2 focus-visible:outline-focus disabled:cursor-not-allowed bg-clay text-on-accent shadow-sm enabled:hover:bg-clay-strong enabled:active:bg-clay-strong h-[var(--control-md)] px-4 text-sm"[39m
    [33mdisabled[39m=[32m""[39m
    [33mform[39m=[32m"record-editor-form"[39m
    [33mtype[39m=[32m"submit"[39m
  [36m/>[39m

  --------------------------------------------------
  region:

  Name "编辑记录内容":
  [36m<div[39m
    [33maria-label[39m=[32m"编辑记录内容"[39m
    [33mclass[39m=[32m"min-h-0 overflow-y-auto px-6 py-5 bg-surface-subtle grid gap-5"[39m
    [33mrole[39m=[32m"region"[39m
    [33mtabindex[39m=[32m"0"[39m
  [36m/>[39m

  --------------------------------------------------
  form:

  Name "编辑记录表单":
  [36m<form[39m
    [33maria-label[39m=[32m"编辑记录表单"[39m
    [33mclass[39m=[32m"grid min-w-0 gap-5"[39m
    [33mid[39m=[32m"record-editor-form"[39m
    [33mnovalidate[39m=[32m""[39m
  [36m/>[39m

  --------------------------------------------------
  group:

  Name "姓名":
  [36m<fieldset[39m
    [33mclass[39m=[32m"grid min-w-0 gap-3"[39m
  [36m/>[39m

  --------------------------------------------------
  textbox:

  Name "姓名":
  [36m<textarea[39m
    [33mclass[39m=[32m"min-h-24 w-full min-w-0 px-3 py-2 text-sm"[39m
    [33mdata-af-control[39m=[32m"true"[39m
    [33mid[39m=[32m"record-editor-form-f"[39m
  [36m/>[39m

  --------------------------------------------------
  contentinfo:

  Name "":
  [36m<footer[39m
    [33mclass[39m=[32m"flex justify-end gap-3 border-t border-line px-6 py-4"[39m
  [36m/>[39m

  --------------------------------------------------

Ignored nodes: comments, script, style
[36m<body[39m
  [33mdata-scroll-locked[39m=[32m"1"[39m
  [33mstyle[39m=[32m"pointer-events: none;"[39m
[36m>[39m
  [36m<span[39m
    [33maria-hidden[39m=[32m"true"[39m
    [33mdata-aria-hidden[39m=[32m"true"[39m
    [33mdata-radix-focus-guard[39m=[32m""[39m
    [33mstyle[39m=[32m"outline: none; opacity: 0; position: fixed; pointer-events: none;"[39m
    [33mtabindex[39m=[32m"0"[39m
  [36m/>[39m
  [36m<div>[39m
    [36m<div[39m
      [33mdata-orientation[39m=[32m"horizontal"[39m
      [33mdata-table-detail[39m=[32m"true"[39m
      [33mdir[39m=[32m"ltr"[39m
    [36m>[39m
      [36m<section[39m
        [33mclass[39m=[32m"min-w-0 overflow-clip rounded-card border border-line bg-surface"[39m
        [33mdata-table-page-frame[39m=[32m"true"[39m
        [33mdata-testid[39m=[32m"data-table-page-frame"[39m
      [36m>[39m
        [36m<div[39m
          [33maria-hidden[39m=[32m"true"[39m
          [33mclass[39m=[32m"flex min-w-0 w-full flex-wrap items-start justify-between gap-x-8 gap-y-4 px-5 pt-5"[39m
          [33mdata-aria-hidden[39m=[32m"true"[39m
          [33mdata-table-page-frame-header[39m=[32m"true"[39m
        [36m>[39m
          [36m<div[39m
            [33mclass[39m=[32m"min-w-0 basis-80 flex-1"[39m
          [36m>[39m
            [36m<div[39m
              [33mclass[39m=[32m"flex min-w-0 gap-5"[39m
            [36m>[39m
              [36m<span[39m
                [33mclass[39m=[32m"flex size-16 shrink-0 items-center justify-center rounded-card border border-clay/10 bg-clay/5 text-clay"[39m
              [36m>[39m
                [36m<svg[39m
                  [33mfill[39m=[32m"currentColor"[39m
                  [33mheight[39m=[32m"32"[39m
                  [33mviewBox[39m=[32m"0 0 256 256"[39m
                  [33mwidth[39m=[32m"32"[39m
                  [33mxmlns[39m=[32m"http://www.w3.org/2000/svg"[39m
                [36m>[39m
                  [36m<path[39m
                    [33md[39m=[32m"M213.66,82.34l-56-56A8,8,0,0,0,152,24H56A16,16,0,0,0,40,40V216a16,16,0,0,0,16,16H200a16,16,0,0,0,16-16V88A8,8,0,0,0,213.66,82.34ZM160,51.31,188.69,80H160ZM200,216H56V40h88V88a8,8,0,0,0,8,8h48V216Zm-32-80a8,8,0,0,1-8,8H96a8,8,0,0,1,0-16h64A8,8,0,0,1,168,136Zm0,32a8,8,0,0,1-8,8H96a8,8,0,0,1,0-16h64A8,8,0,0,1,168,168Z"[39m
                  [36m/>[39m
                [36m</svg>[39m
              [36m</span>[39m
              [36m<div[39m
                [33mclass[39m=[32m"min-w-0"[39m
              [36m>[39m
                [36m<h2[39m
                  [33mclass[39m=[32m"m-0 break-words text-2xl font-semibold"[39m
                [36m>[39m
                  [0m客户表[0m
                [36m</h2>[39m
                [36m<p[39m
                  [33mclass[39m=[32m"mb-0 mt-1 break-words text-base text-muted"[39m
                [36m>[39m
                  [0m真实说明[0m
                [36m</p>[39m
                [36m<p[39m
                  [33mclass[39m=[32m"mb-0 mt-2 text-sm text-muted"[39m
                [36m>[39m
                  [0m本地数据[0m
                  [0m　|　[0m
                  [0m本地可维护[0m
                [36m</p>[39m
              [36m</div>[39m
            [36m</div>[39m
          [36m</div>[39m
          [36m<div[39m
            [33mclass[39m=[32m"min-w-0 max-w-full overflow-x-auto"[39m
          [36m>[39m
            [36m<div[39m
              [33maria-orientation[39m=[32m"horizontal"[39m
              [33mclass[39m=[32m"inline-flex items-center gap-1 border-b border-line w-full justify-start overflow-x-auto"[39m
              [33mdata-orientation[39m=[32m"horizontal"[39m
              [33mrole[39m=[32m"tablist"[39m
              [33mstyle[39m=[32m"outline: none;"[39m
              [33mtabindex[39m=[32m"0"[39m
            [36m>[39m
              [36m<button[39m
                [33maria-controls[39m=[32m"radix-_r_md_-content-records"[39m
                [33maria-selected[39m=[32m"true"[39m
                [33mclass[39m=[32m"text-muted data-[state=active]:border-b-2 data-[state=active]:border-clay rounded-t-control px-5 py-3 text-base data-[state=active]:bg-clay/5 data-[state=active]:font-semibold data-[state=active]:text-clay"[39m
                [33mdata-orientation[39m=[32m"horizontal"[39m
                [33mdata-radix-collection-item[39m=[32m""[39m
                [33mdata-state[39m=[32m"active"[39m
                [33mid[39m=[32m"radix-_r_md_-trigger-records"[39m
                [33mrole[39m=[32m"tab"[39m
                [33mtabindex[39m=[32m"-1"[39m
                [33mtype[39m=[32m"button"[39m
              [36m>[39m
                [0m数据记录[0m
              [36m</button>[39m
              [36m<button[39m
                [33maria-controls[39m=[32m"radix-_r_md_-content-fields"[39m
                [33maria-selected[39m=[32m"false"[39m
                [33mclass[39m=[32m"text-muted data-[state=active]:border-b-2 data-[state=active]:border-clay rounded-t-control px-5 py-3 text-base data-[state=active]:bg-clay/5 data-[state=active]:font-semibold data-[state=active]:text-clay"[39m
                [33mdata-orientation[39m=[32m"horizontal"[39m
                [33mdata-radix-collection-item[39m=[32m""[39m
                [33mdata-state[39m=[32m"inactive"[39m
                [33mid[39m=[32m"radix-_r_md_-trigger-fields"[39m
                [33mrole[39m=[32m"tab"[39m
                [33mtabindex[39m=[32m"-1"[39m
                [33mtype[39m=[32m"button"[39m
              [36m>[39m
                [0m字段与校验[0m
              [36m</button>[39m
              [36m<button[39m
                [33maria-controls[39m=[32m"radix-_r_md_-content-statuses"[39m
                [33maria-selected[39m=[32m"false"[39m
                [33mclass[39m=[32m"text-muted data-[state=active]:border-b-2 data-[state=active]:border-clay rounded-t-control px-5 py-3 text-base data-[state=active]:bg-clay/5 data-[state=active]:font-semibold data-[state=active]:text-clay"[39m
                [33mdata-orientation[39m=[32m"horizontal"[39m
                [33mdata-radix-collection-item[39m=[32m""[39m
                [33mdata-state[39m=[32m"inactive"[39m
                [33mid[39m=[32m"radix-_r_md_-trigger-statuses"[39m
                [33mrole[39m=[32m"tab"[39m
                [33mtabindex[39m=[32m"-1"[39m
                [33mtype[39m=[32m"button"[39m
              [36m>[39m
                [0m业务状态[0m
              [36m</button>[39m
              [36m<button[39m
                [33maria-controls[39m=[32m"radix-_r_md_-content-source"[39m
                [33maria-selected[39m=[32m"false"[39m
                [33mclass[39m=[32m"text-muted data-[state=active]:border-b-2 data-[state=active]:border-clay rounded-t-control px-5 p...
 ❯ Object.getElementError ../../node_modules/@testing-library/dom/dist/config.js:37:19
 ❯ ../../node_modules/@testing-library/dom/dist/query-helpers.js:76:38
 ❯ ../../node_modules/@testing-library/dom/dist/query-helpers.js:52:17
 ❯ ../../node_modules/@testing-library/dom/dist/query-helpers.js:95:19
 ❯ src/renderer/domains/project-data/pages/DataTableDetailPage.test.tsx:226:225


⎯⎯⎯⎯⎯⎯⎯⎯⎯⎯⎯⎯⎯⎯⎯⎯⎯⎯⎯⎯⎯⎯[12/13]⎯

 FAIL  src/renderer/domains/project-data/components/DataDeletionDialog.test.tsx > identifies the record and table without inventing an impact before preview
TestingLibraryElementError: Unable to find an accessible element with the role "dialog" and name "删除这条记录？"

Here are the accessible roles:

  dialog:

  Name "":
  [36m<div[39m
    [33maria-labelledby[39m=[32m"radix-_r_3_"[39m
    [33mclass[39m=[32m"autoflow-dialog-content fixed left-1/2 top-1/2 grid -translate-x-1/2 -translate-y-1/2 gap-4 rounded-modal border border-line bg-surface shadow-modal focus:outline-none motion-safe:transition-all max-h-[min(90vh,56rem)] w-[min(94vw,64rem)] grid-rows-[auto_minmax(0,1fr)_auto] p-0 max-w-[30rem] [&>header]:border-0 [&>header]:pb-0 [&>footer]:border-0 [&>footer]:pt-0"[39m
    [33mdata-overlay-depth[39m=[32m"0"[39m
    [33mdata-placement[39m=[32m"dialog"[39m
    [33mdata-state[39m=[32m"open"[39m
    [33mid[39m=[32m"radix-_r_2_"[39m
    [33mrole[39m=[32m"dialog"[39m
    [33mstyle[39m=[32m"z-index: calc(var(--layer-modal) + 0 * var(--layer-step) + 1); pointer-events: auto;"[39m
    [33mtabindex[39m=[32m"-1"[39m
  [36m/>[39m

  --------------------------------------------------
  banner:

  Name "":
  [36m<header[39m
    [33mclass[39m=[32m"flex items-start justify-between gap-4 border-b border-line px-6 py-5"[39m
  [36m/>[39m

  --------------------------------------------------
  heading:

  Name "删除这条记录？":
  [36m<h2[39m
    [33mclass[39m=[32m"text-lg font-semibold text-ink"[39m
    [33mid[39m=[32m"_r_1_"[39m
  [36m/>[39m

  --------------------------------------------------
  button:

  Name "关闭":
  [36m<button[39m
    [33maria-label[39m=[32m"关闭"[39m
    [33mclass[39m=[32m"af-button relative inline-flex items-center justify-center gap-2 rounded-control border border-transparent font-semibold transition-colors [transition-duration:var(--motion-control)] focus-visible:outline-2 focus-visible:outline-offset-2 focus-visible:outline-focus disabled:cursor-not-allowed text-muted enabled:hover:bg-surface-hover enabled:hover:text-ink enabled:active:bg-clay-soft text-sm h-9 w-9 shrink-0 p-0"[39m
    [33mtitle[39m=[32m"关闭"[39m
    [33mtype[39m=[32m"button"[39m
  [36m/>[39m

  Name "取消":
  [36m<button[39m
    [33mclass[39m=[32m"af-button relative inline-flex shrink-0 items-center justify-center gap-2 rounded-control border font-semibold transition-colors [transition-duration:var(--motion-control)] focus-visible:outline-2 focus-visible:outline-offset-2 focus-visible:outline-focus disabled:cursor-not-allowed border-control-border bg-surface text-ink enabled:hover:bg-surface-hover enabled:active:bg-clay-soft px-4 h-12 min-w-32 text-base"[39m
    [33mtype[39m=[32m"button"[39m
  [36m/>[39m

  Name "检查删除影响":
  [36m<button[39m
    [33mclass[39m=[32m"af-button relative inline-flex shrink-0 items-center justify-center gap-2 rounded-control border border-transparent font-semibold transition-colors [transition-duration:var(--motion-control)] focus-visible:outline-2 focus-visible:outline-offset-2 focus-visible:outline-focus disabled:cursor-not-allowed bg-clay text-on-accent shadow-sm enabled:hover:bg-clay-strong enabled:active:bg-clay-strong px-4 h-12 min-w-40 text-base"[39m
    [33mtype[39m=[32m"button"[39m
  [36m/>[39m

  --------------------------------------------------
  region:

  Name "删除这条记录？":
  [36m<div[39m
    [33maria-labelledby[39m=[32m"_r_1_"[39m
    [33mclass[39m=[32m"min-h-0 overflow-y-auto px-6 py-5 pt-0"[39m
    [33mrole[39m=[32m"region"[39m
    [33mtabindex[39m=[32m"0"[39m
  [36m/>[39m

  --------------------------------------------------
  paragraph:

  Name "":
  [36m<p[39m
    [33mclass[39m=[32m"m-0 break-words"[39m
  [36m/>[39m

  Name "":
  [36m<p[39m
    [33mclass[39m=[32m"m-0 flex items-start gap-2 text-sm text-warning"[39m
  [36m/>[39m

  --------------------------------------------------
  strong:

  Name "":
  [36m<strong />[39m

  --------------------------------------------------
  list:

  Name "":
  [36m<ul[39m
    [33mclass[39m=[32m"m-0 grid list-disc gap-2 rounded-control border border-warning/20 bg-warning/5 py-4 pl-10 pr-4"[39m
  [36m/>[39m

  --------------------------------------------------
  listitem:

  Name "":
  [36m<li />[39m

  Name "":
  [36m<li />[39m

  --------------------------------------------------
  contentinfo:

  Name "":
  [36m<footer[39m
    [33mclass[39m=[32m"flex justify-end gap-3 border-t border-line px-6 py-4"[39m
  [36m/>[39m

  --------------------------------------------------

Ignored nodes: comments, script, style
[36m<body[39m
  [33mdata-scroll-locked[39m=[32m"1"[39m
  [33mstyle[39m=[32m"pointer-events: none;"[39m
[36m>[39m
  [36m<span[39m
    [33maria-hidden[39m=[32m"true"[39m
    [33mdata-aria-hidden[39m=[32m"true"[39m
    [33mdata-radix-focus-guard[39m=[32m""[39m
    [33mstyle[39m=[32m"outline: none; opacity: 0; position: fixed; pointer-events: none;"[39m
    [33mtabindex[39m=[32m"0"[39m
  [36m/>[39m
  [36m<div[39m
    [33maria-hidden[39m=[32m"true"[39m
    [33mdata-aria-hidden[39m=[32m"true"[39m
  [36m/>[39m
  [36m<div[39m
    [33maria-hidden[39m=[32m"true"[39m
    [33mclass[39m=[32m"autoflow-dialog-overlay fixed inset-0 bg-[var(--color-overlay)]"[39m
    [33mdata-aria-hidden[39m=[32m"true"[39m
    [33mdata-slot[39m=[32m"modal-overlay"[39m
    [33mdata-state[39m=[32m"open"[39m
    [33mstyle[39m=[32m"pointer-events: auto; z-index: calc(var(--layer-modal) + 0 * var(--layer-step));"[39m
  [36m/>[39m
  [36m<div[39m
    [33maria-labelledby[39m=[32m"radix-_r_3_"[39m
    [33mclass[39m=[32m"autoflow-dialog-content fixed left-1/2 top-1/2 grid -translate-x-1/2 -translate-y-1/2 gap-4 rounded-modal border border-line bg-surface shadow-modal focus:outline-none motion-safe:transition-all max-h-[min(90vh,56rem)] w-[min(94vw,64rem)] grid-rows-[auto_minmax(0,1fr)_auto] p-0 max-w-[30rem] [&>header]:border-0 [&>header]:pb-0 [&>footer]:border-0 [&>footer]:pt-0"[39m
    [33mdata-overlay-depth[39m=[32m"0"[39m
    [33mdata-placement[39m=[32m"dialog"[39m
    [33mdata-state[39m=[32m"open"[39m
    [33mid[39m=[32m"radix-_r_2_"[39m
    [33mrole[39m=[32m"dialog"[39m
    [33mstyle[39m=[32m"z-index: calc(var(--layer-modal) + 0 * var(--layer-step) + 1); pointer-events: auto;"[39m
    [33mtabindex[39m=[32m"-1"[39m
  [36m>[39m
    [36m<header[39m
      [33mclass[39m=[32m"flex items-start justify-between gap-4 border-b border-line px-6 py-5"[39m
    [36m>[39m
      [36m<div[39m
        [33mclass[39m=[32m"grid gap-1"[39m
      [36m>[39m
        [36m<h2[39m
          [33mclass[39m=[32m"text-lg font-semibold text-ink"[39m
          [33mid[39m=[32m"_r_1_"[39m
        [36m>[39m
          [36m<span[39m
            [33mclass[39m=[32m"flex items-center gap-5 text-2xl"[39m
          [36m>[39m
            [36m<span[39m
              [33maria-hidden[39m=[32m"true"[39m
              [33mclass[39m=[32m"grid size-16 shrink-0 place-items-center rounded-card border border-danger/10 bg-danger/5 text-danger"[39m
            [36m>[39m
              [36m<svg[39m
                [33mfill[39m=[32m"currentColor"[39m
                [33mheight[39m=[32m"32"[39m
                [33mviewBox[39m=[32m"0 0 256 256"[39m
                [33mwidth[39m=[32m"32"[39m
                [33mxmlns[39m=[32m"http://www.w3.org/2000/svg"[39m
              [36m>[39m
                [36m<path[39m
                  [33md[39m=[32m"M216,48H176V40a24,24,0,0,0-24-24H104A24,24,0,0,0,80,40v8H40a8,8,0,0,0,0,16h8V208a16,16,0,0,0,16,16H192a16,16,0,0,0,16-16V64h8a8,8,0,0,0,0-16ZM96,40a8,8,0,0,1,8-8h48a8,8,0,0,1,8,8v8H96Zm96,168H64V64H192ZM112,104v64a8,8,0,0,1-16,0V104a8,8,0,0,1,16,0Zm48,0v64a8,8,0,0,1-16,0V104a8,8,0,0,1,16,0Z"[39m
                [36m/>[39m
              [36m</svg>[39m
            [36m</span>[39m
            [0m删除这条记录？[0m
          [36m</span>[39m
        [36m</h2>[39m
      [36m</div>[39m
      [36m<button[39m
        [33maria-label[39m=[32m"关闭"[39m
        [33mclass[39m=[32m"af-button relative inline-flex items-center justify-center gap-2 rounded-control border border-transparent font-semibold transition-colors [transition-duration:var(--motion-control)] focus-visible:outline-2 focus-visible:outline-offset-2 focus-visible:outline-focus disabled:cursor-not-allowed text-muted enabled:hover:bg-surface-hover enabled:hover:text-ink enabled:active:bg-clay-soft text-sm h-9 w-9 shrink-0 p-0"[39m
        [33mtitle[39m=[32m"关闭"[39m
        [33mtype[39m=[32m"button"[39m
      [36m>[39m
        [36m<span[39m
          [33mclass[39m=[32m"grid min-w-0"[39m
        [36m>[39m
          [36m<span[39m
            [33mclass[39m=[32m"col-start-1 row-start-1 inline-flex min-w-0 items-center justify-center gap-2"[39m
          [36m>[39m
            [36m<span[39m
              [33mclass[39m=[32m"grid place-items-center"[39m
            [36m>[39m
              [36m<span[39m
                [33maria-hidden[39m=[32m"true"[39m
                [33mclass[39m=[32m"col-start-1 row-start-1 inline-flex"[39m
              [36m>[39m
                [36m<svg[39m
                  [33mfill[39m=[32m"currentColor"[39m
                  [33mheight[39m=[32m"18"[39m
                  [33mviewBox[39m=[32m"0 0 256 256"[39m
                  [33mwidth[39m=[32m"18"[39m
                  [33mxmlns[39m=[32m"http://www.w3.org/2000/svg"[39m
                [36m>[39m
                  [36m<path[39m
                    [33md[39m=[32m"M205.66,194.34a8,8,0,0,1-11.32,11.32L128,139.31,61.66,205.66a8,8,0,0,1-11.32-11.32L116.69,128,50.34,61.66A8,8,0,0,1,61.66,50.34L128,116.69l66.34-66.35a8,8,0,0,1,11.32,11.32L139.31,128Z"[39m
                  [36m/>[39m
                [36m</svg>[39m
              [36m</span>[39m
            [36m</span>[39m
          [36m</span>[39m
        [36m</span>[39m
      [36m</button>[39m
    [36m</header>[39m
    [36m<div[39m
      [33maria-labelledby[39m=[32m"_r_1_"[39m
      [33mclass[39m=[32m"min-h-0 overflow-y-auto px-6 py-5 pt-0"[39m
      [33mrole[39m=[32m"region"[39m
      [33mtabindex[39m=[32m"0"[39m
    [36m>[39m
      [36m<div[39m
        [33mclass[39m=[32m"grid min-w-0 gap-4 text-base"[39m
      [36m>[39m
        [36m<p[39m
          [33mclass[39m=[32m"m-0 break-words"[39m
        [36m>[39m
          [36m<span[39m
            [33mclass[39m=[32m"mb-1 block text-muted"[39m
          [36m>[39m
            [0m你将删除「[0m
            [0m待采集链接[0m
            [0m」中的[0m
          [36m</span>[39m
          [36m<strong>[39m
            [0mR021 · 温室巡检资料链接[0m
          [36m</strong>[39m
        [36m</p>[39m
        [36m<ul[39m
          [33mclass[39m=[32m"m-0 grid list-disc gap-2 rounded-control border border-warning/20 bg-warning/5 py-4 pl-10 pr-4"[39m
        [36m>[39m
          [36m<li>[39m
            [0m仅删除本地数据表中的这条记录[0m
          [36m</li>[39m
          [36m<li>[39m
            [0m不会修改原始 Excel 文件[0m
          [36m</li>[39m
        [36m</ul>[39m
        [36m<p[39m
          [33mclass[39m=[32m"m-0 flex items-start gap-2 text-sm text-warning"[39m
        [36m>[39m
          [36m<svg[39m
            [33mclass[39m=[32m"shrink-0"[39m
            [33mfill[39m=[32m"currentColor"[39m
            [33mheight[39m=[32m"24"[39m
            [33mviewBox[39m=[32m"0 0 256 256"[39m
            [33mwidth[39m=[32m"24"[39m
            [33mxmlns[39m=[32m"http://www.w3.org/2000/svg"[39m
          [36m>[39m
            [36m<path[39m
              [33md[39m=[32m"M128,24A104,104,0,1,0,232,128,104.11,104.11,0,0,0,128,24Zm-8,56a8,8,0,0,1,16,0v56a8,8,0,0,1-16,0Zm8,104a12,12,0,1,1,12-12A12,12,0,0,1,128,184Z"[39m
            [36m/>[39m
          [36m</svg>[39m
          [0m删除后无法在本页面撤销，请先确认是否需要保留副本。[0m
        [36m</p>[39m
      [36m</div>[39m
    [36m</div>[39m
    [36m<footer[39m
      [33mclass[39m=[32m"flex justify-end gap-3 border-t border-line px-6 py-4"[39m
    [36m>[39m
      [36m<button[39m
        [33mclass[39m=[32m"af-button relative inline-flex shrink-0 items-center justify-center gap-2 rounded-control border font-semibold transition-colors [transition-duration:var(--motion-control)] focus-visible:outline-2 focus-visible:outline-offset-2 focus-visible:outline-focus disabled:cursor-not-allowed border-control-border bg-surface text-ink enabled:hover:bg-surface-hover enabled:active:bg-clay-soft px-4 h-12 min-w-32 text-base"[39m
        [33mtype[39m=[32m"button"[39m
      [36m>[39m
        [36m<span[39m
          [33mclass[39m=[32m"grid min-w-0"[39m
        [36m>[39m
          [36m<span[39m
            [33mclass[39m=[32m"col-start-1 row-start-1 inline-flex min-w-0 items-center justify-center gap-2"[39m
          [36m>[39m
            [0m取消[0m
          [36m</span>[39m
        [36m</span>[39m
      [36m</button>[39m
      [36m<button[39m
        [33mclass[39m=[32m"af-button relative inline-flex shrink-0 items-center justify-center gap-2 rounded-control border border-transparent font-semibold transition-colors [transition-duration:var(--motion-control)] focus-visible:outline-2 focus-visible:outline-offset-2 focus-visible:outline-focus disabled:cursor-not-allowed bg-clay text-on-accent shadow-sm enabled:hover:bg-clay-strong enabled:active:bg-clay-strong px-4 h-12 min-w-40 text-base"[39m
        [33mtype[39m=[32m"button"[39m
      [36m>[39m
        [36m<span[39m
          [33mclass[39m=[32m"grid min-w-0"[39m
        [36m>[39m
          [36m<span[39m
            [33mclass[39m=[32m"col-start-1 row-start-1 inline-flex min-w-0 items-center justify-center gap-2"[39m
          [36m>[39m
            [0m检查删除影响[0m
          [36m</span>[39m
        [36m</span>[39m
      [36m</button>[39m
    [36m</footer>[39m
    [36m<div[39m
      [33mdata-overlay-host[39m=[32m"true"[39m
      [33mstyle[39m=[32m"display: contents;"[39m
    [36m/>[39m
  [36m</div>[39m
  [36m<span[39m
    [33maria-hidden[39m=[32m"true"[39m
    [33mdata-aria-hidden[39m=[32m"true"[39m
    [33mdata-radix-focus-guard[39m=[32m""[39m
    [33mstyle[39m=[32m"outline: none; opacity: 0; position: fixed; pointer-events: none;"[39m
    [33mtabindex[39m=[32m"0"[39m
  [36m/>[39m
[36m</body>[39m
 ❯ Object.getElementError ../../node_modules/@testing-library/dom/dist/config.js:37:19
 ❯ ../../node_modules/@testing-library/dom/dist/query-helpers.js:76:38
 ❯ ../../node_modules/@testing-library/dom/dist/query-helpers.js:52:17
 ❯ ../../node_modules/@testing-library/dom/dist/query-helpers.js:95:19
 ❯ src/renderer/domains/project-data/components/DataDeletionDialog.test.tsx:17:17
     15|   const p = props({ kind: 'record', targetName: 'R021 · 温室巡检资料链接', tab…
     16|   render(<DataDeletionDialog {...p} />)
     17|   expect(screen.getByRole('dialog', { name: '删除这条记录？' })).toHaveTextCo…
       |                 ^
     18|   expect(screen.getByText('不会修改原始 Excel 文件')).toBeInTheDocument()
     19|   expect(screen.queryByText(/影响范围：1/)).not.toBeInTheDocument()

⎯⎯⎯⎯⎯⎯⎯⎯⎯⎯⎯⎯⎯⎯⎯⎯⎯⎯⎯⎯⎯⎯[13/13]⎯


 Test Files  3 failed | 2 passed (5)
      Tests  13 failed | 74 passed (87)
   Start at  03:05:30
   Duration  13.66s (transform 851ms, setup 0ms, import 13.76s, tests 12.22s, environment 2.02s)
