
 RUN  v4.1.11 /Users/zhangtiancheng/Documents/projects/autoflow/apps/desktop

(node:99803) ExperimentalWarning: localStorage is not available because --localstorage-file was not provided.
(Use `node --trace-warnings ...` to show where the warning was created)
(node:99804) ExperimentalWarning: localStorage is not available because --localstorage-file was not provided.
(Use `node --trace-warnings ...` to show where the warning was created)
 ✓ src/renderer/domains/workflows/tests/catalog-field-contract.test.ts > 'NODE.hover_element.field.hoverDuration' remains mapped by the current panel inventory and document contract 3ms
 ✓ src/renderer/domains/workflows/tests/catalog-field-contract.test.ts > 'NODE.select_dropdown.field.selectBy' remains mapped by the current panel inventory and document contract 1ms
 ✓ src/renderer/domains/workflows/tests/catalog-field-contract.test.ts > 'NODE.select_dropdown.field.value' remains mapped by the current panel inventory and document contract 0ms
 ✓ src/renderer/domains/workflows/tests/catalog-field-contract.test.ts > 'NODE.set_checkbox.field.checked' remains mapped by the current panel inventory and document contract 0ms
 ✓ src/renderer/domains/workflows/tests/catalog-field-contract.test.ts > 'NODE.scroll_page.field.direction' remains mapped by the current panel inventory and document contract 0ms
 ✓ src/renderer/domains/workflows/tests/catalog-field-contract.test.ts > 'NODE.scroll_page.field.distance' remains mapped by the current panel inventory and document contract 0ms
 ✓ src/renderer/domains/workflows/tests/catalog-field-contract.test.ts > 'NODE.scroll_page.field.scrollMode' remains mapped by the current panel inventory and document contract 0ms
 ✓ src/renderer/domains/workflows/tests/catalog-field-contract.test.ts > 'NODE.scroll_page.field.selector' remains mapped by the current panel inventory and document contract 0ms
 ✓ src/renderer/domains/workflows/tests/catalog-field-contract.test.ts > 'NODE.handle_dialog.field.dialogAction' remains mapped by the current panel inventory and document contract 0ms
 ✓ src/renderer/domains/workflows/tests/catalog-field-contract.test.ts > 'NODE.handle_dialog.field.promptText' remains mapped by the current panel inventory and document contract 0ms
 ✓ src/renderer/domains/workflows/tests/catalog-field-contract.test.ts > 'NODE.handle_dialog.field.saveMessage' remains mapped by the current panel inventory and document contract 0ms
 ✓ src/renderer/domains/workflows/tests/catalog-field-contract.test.ts > 'NODE.upload_file.field.filePath' remains mapped by the current panel inventory and document contract 0ms
 ✓ src/renderer/domains/workflows/tests/catalog-field-contract.test.ts > 'NODE.inject_javascript.field.injectMo…' remains mapped by the current panel inventory and document contract 0ms
 ✓ src/renderer/domains/workflows/tests/catalog-field-contract.test.ts > 'NODE.inject_javascript.field.javascri…' remains mapped by the current panel inventory and document contract 0ms
 ✓ src/renderer/domains/workflows/tests/catalog-field-contract.test.ts > 'NODE.inject_javascript.field.saveResu…' remains mapped by the current panel inventory and document contract 0ms
 ✓ src/renderer/domains/workflows/tests/catalog-field-contract.test.ts > 'NODE.inject_javascript.field.targetIn…' remains mapped by the current panel inventory and document contract 0ms
 ✓ src/renderer/domains/workflows/tests/catalog-field-contract.test.ts > 'NODE.inject_javascript.field.targetUrl' remains mapped by the current panel inventory and document contract 0ms
 ✓ src/renderer/domains/workflows/tests/catalog-field-contract.test.ts > 'NODE.get_child_elements.field.childSe…' remains mapped by the current panel inventory and document contract 0ms
 ✓ src/renderer/domains/workflows/tests/catalog-field-contract.test.ts > 'NODE.get_child_elements.field.variabl…' remains mapped by the current panel inventory and document contract 0ms
 ✓ src/renderer/domains/workflows/tests/catalog-field-contract.test.ts > 'NODE.get_sibling_elements.field.inclu…' remains mapped by the current panel inventory and document contract 0ms
 ✓ src/renderer/domains/workflows/tests/catalog-field-contract.test.ts > 'NODE.get_sibling_elements.field.sibli…' remains mapped by the current panel inventory and document contract 0ms
 ✓ src/renderer/domains/workflows/tests/catalog-field-contract.test.ts > 'NODE.get_sibling_elements.field.varia…' remains mapped by the current panel inventory and document contract 0ms
 ✓ src/renderer/domains/workflows/tests/catalog-field-contract.test.ts > 'NODE.element_exists.field.leftValue' remains mapped by the current panel inventory and document contract 0ms
 ✓ src/renderer/domains/workflows/tests/catalog-field-contract.test.ts > 'NODE.element_visible.field.leftValue' remains mapped by the current panel inventory and document contract 0ms
 ✓ src/renderer/domains/workflows/tests/catalog-field-contract.test.ts > 'NODE.extract_table_data.field.excelPa…' remains mapped by the current panel inventory and document contract 0ms
 ✓ src/renderer/domains/workflows/tests/catalog-field-contract.test.ts > 'NODE.extract_table_data.field.exportT…' remains mapped by the current panel inventory and document contract 0ms
 ✓ src/renderer/domains/workflows/tests/catalog-field-contract.test.ts > 'NODE.extract_table_data.field.headerR…' remains mapped by the current panel inventory and document contract 0ms
 ✓ src/renderer/domains/workflows/tests/catalog-field-contract.test.ts > 'NODE.extract_table_data.field.include…' remains mapped by the current panel inventory and document contract 0ms
 ✓ src/renderer/domains/workflows/tests/catalog-field-contract.test.ts > 'NODE.extract_table_data.field.variabl…' remains mapped by the current panel inventory and document contract 0ms
 ✓ src/renderer/domains/workflows/tests/catalog-field-contract.test.ts > 'NODE.save_image.field.savePath' remains mapped by the current panel inventory and document contract 0ms
 ✓ src/renderer/domains/workflows/tests/catalog-field-contract.test.ts > 'NODE.save_image.field.variableName' remains mapped by the current panel inventory and document contract 0ms
 ✓ src/renderer/domains/workflows/tests/catalog-field-contract.test.ts > 'NODE.download_file.field.downloadMode' remains mapped by the current panel inventory and document contract 0ms
 ✓ src/renderer/domains/workflows/tests/catalog-field-contract.test.ts > 'NODE.download_file.field.downloadUrl' remains mapped by the current panel inventory and document contract 0ms
 ✓ src/renderer/domains/workflows/tests/catalog-field-contract.test.ts > 'NODE.download_file.field.fileName' remains mapped by the current panel inventory and document contract 0ms
 ✓ src/renderer/domains/workflows/tests/catalog-field-contract.test.ts > 'NODE.download_file.field.savePath' remains mapped by the current panel inventory and document contract 0ms
 ✓ src/renderer/domains/workflows/tests/catalog-field-contract.test.ts > 'NODE.download_file.field.variableName' remains mapped by the current panel inventory and document contract 0ms
 ✓ src/renderer/domains/workflows/tests/catalog-field-contract.test.ts > 'NODE.network_capture.field.captureDur…' remains mapped by the current panel inventory and document contract 0ms
 ✓ src/renderer/domains/workflows/tests/catalog-field-contract.test.ts > 'NODE.network_capture.field.captureMode' remains mapped by the current panel inventory and document contract 0ms
 ✓ src/renderer/domains/workflows/tests/catalog-field-contract.test.ts > 'NODE.network_capture.field.filterType' remains mapped by the current panel inventory and document contract 0ms
 ✓ src/renderer/domains/workflows/tests/catalog-field-contract.test.ts > 'NODE.network_capture.field.proxyPort' remains mapped by the current panel inventory and document contract 0ms
 ✓ src/renderer/domains/workflows/tests/catalog-field-contract.test.ts > 'NODE.network_capture.field.searchKeyw…' remains mapped by the current panel inventory and document contract 0ms
 ✓ src/renderer/domains/workflows/tests/catalog-field-contract.test.ts > 'NODE.network_capture.field.targetPorts' remains mapped by the current panel inventory and document contract 0ms
 ✓ src/renderer/domains/workflows/tests/catalog-field-contract.test.ts > 'NODE.network_capture.field.targetProc…' remains mapped by the current panel inventory and document contract 0ms
 ✓ src/renderer/domains/workflows/tests/catalog-field-contract.test.ts > 'NODE.network_capture.field.variableNa…' remains mapped by the current panel inventory and document contract 0ms
 ✓ src/renderer/domains/workflows/tests/catalog-field-contract.test.ts > 'NODE.network_monitor_start.field.filt…' remains mapped by the current panel inventory and document contract 0ms
 ✓ src/renderer/domains/workflows/tests/catalog-field-contract.test.ts > 'NODE.network_monitor_start.field.moni…' remains mapped by the current panel inventory and document contract 0ms
 ✓ src/renderer/domains/workflows/tests/catalog-field-contract.test.ts > 'NODE.network_monitor_start.field.urlP…' remains mapped by the current panel inventory and document contract 0ms
 ✓ src/renderer/domains/workflows/tests/catalog-field-contract.test.ts > 'NODE.network_monitor_wait.field.captu…' remains mapped by the current panel inventory and document contract 0ms
 ✓ src/renderer/domains/workflows/tests/catalog-field-contract.test.ts > 'NODE.network_monitor_wait.field.monit…' remains mapped by the current panel inventory and document contract 0ms
 ✓ src/renderer/domains/workflows/tests/catalog-field-contract.test.ts > 'NODE.network_monitor_wait.field.stopA…' remains mapped by the current panel inventory and document contract 0ms
 ✓ src/renderer/domains/workflows/tests/catalog-field-contract.test.ts > 'NODE.network_monitor_wait.field.timeo…' remains mapped by the current panel inventory and document contract 0ms
 ✓ src/renderer/domains/workflows/tests/catalog-field-contract.test.ts > 'NODE.network_monitor_wait.field.urlPa…' remains mapped by the current panel inventory and document contract 0ms
 ✓ src/renderer/domains/workflows/tests/catalog-field-contract.test.ts > 'NODE.network_monitor_wait.field.varia…' remains mapped by the current panel inventory and document contract 0ms
 ✓ src/renderer/domains/workflows/tests/catalog-field-contract.test.ts > 'NODE.network_monitor_stop.field.monit…' remains mapped by the current panel inventory and document contract 0ms
 ✓ src/renderer/domains/workflows/tests/catalog-field-contract.test.ts > 'NODE.network_monitor_stop.field.varia…' remains mapped by the current panel inventory and document contract 0ms
 ✓ src/renderer/domains/workflows/tests/catalog-field-contract.test.ts > 'NODE.shutdown_system.field.action' remains mapped by the current panel inventory and document contract 0ms
 ✓ src/renderer/domains/workflows/tests/catalog-field-contract.test.ts > 'NODE.shutdown_system.field.delay' remains mapped by the current panel inventory and document contract 0ms
 ✓ src/renderer/domains/workflows/tests/catalog-field-contract.test.ts > 'NODE.shutdown_system.field.force' remains mapped by the current panel inventory and document contract 0ms
 ✓ src/renderer/domains/workflows/tests/catalog-field-contract.test.ts > 'NODE.run_command.field.command' remains mapped by the current panel inventory and document contract 0ms
 ✓ src/renderer/domains/workflows/tests/catalog-field-contract.test.ts > 'NODE.run_command.field.shell' remains mapped by the current panel inventory and document contract 0ms
 ✓ src/renderer/domains/workflows/tests/catalog-field-contract.test.ts > 'NODE.run_command.field.timeout' remains mapped by the current panel inventory and document contract 0ms
 ✓ src/renderer/domains/workflows/tests/catalog-field-contract.test.ts > 'NODE.run_command.field.variableName' remains mapped by the current panel inventory and document contract 0ms
 ✓ src/renderer/domains/workflows/tests/catalog-field-contract.test.ts > 'NODE.set_clipboard.field.contentType' remains mapped by the current panel inventory and document contract 0ms
 ✓ src/renderer/domains/workflows/tests/catalog-field-contract.test.ts > 'NODE.set_clipboard.field.imagePath' remains mapped by the current panel inventory and document contract 0ms
 ✓ src/renderer/domains/workflows/tests/catalog-field-contract.test.ts > 'NODE.set_clipboard.field.textContent' remains mapped by the current panel inventory and document contract 0ms
 ✓ src/renderer/domains/workflows/tests/catalog-field-contract.test.ts > 'NODE.get_clipboard.field.variableName' remains mapped by the current panel inventory and document contract 0ms
 ✓ src/renderer/domains/workflows/tests/catalog-field-contract.test.ts > 'NODE.condition.field.condition' remains mapped by the current panel inventory and document contract 0ms
 ✓ src/renderer/domains/workflows/tests/catalog-field-contract.test.ts > 'NODE.condition.field.condition1' remains mapped by the current panel inventory and document contract 2ms
 ✓ src/renderer/domains/workflows/tests/catalog-field-contract.test.ts > 'NODE.condition.field.condition2' remains mapped by the current panel inventory and document contract 0ms
 ✓ src/renderer/domains/workflows/tests/catalog-field-contract.test.ts > 'NODE.condition.field.conditionType' remains mapped by the current panel inventory and document contract 0ms
 ✓ src/renderer/domains/workflows/tests/catalog-field-contract.test.ts > 'NODE.condition.field.leftValue' remains mapped by the current panel inventory and document contract 0ms
 ✓ src/renderer/domains/workflows/tests/catalog-field-contract.test.ts > 'NODE.condition.field.logicOperator' remains mapped by the current panel inventory and document contract 0ms
 ✓ src/renderer/domains/workflows/tests/catalog-field-contract.test.ts > 'NODE.condition.field.operator' remains mapped by the current panel inventory and document contract 0ms
 ✓ src/renderer/domains/workflows/tests/catalog-field-contract.test.ts > 'NODE.condition.field.rightValue' remains mapped by the current panel inventory and document contract 0ms
 ✓ src/renderer/domains/workflows/tests/catalog-field-contract.test.ts > 'NODE.loop.field.condition' remains mapped by the current panel inventory and document contract 0ms
 ✓ src/renderer/domains/workflows/tests/catalog-field-contract.test.ts > 'NODE.loop.field.endValue' remains mapped by the current panel inventory and document contract 0ms
 ✓ src/renderer/domains/workflows/tests/catalog-field-contract.test.ts > 'NODE.loop.field.indexVariable' remains mapped by the current panel inventory and document contract 0ms
 ✓ src/renderer/domains/workflows/tests/catalog-field-contract.test.ts > 'NODE.loop.field.loopCount' remains mapped by the current panel inventory and document contract 0ms
 ✓ src/renderer/domains/workflows/tests/catalog-field-contract.test.ts > 'NODE.loop.field.loopType' remains mapped by the current panel inventory and document contract 0ms
 ✓ src/renderer/domains/workflows/tests/catalog-field-contract.test.ts > 'NODE.loop.field.maxIterations' remains mapped by the current panel inventory and document contract 0ms
 ✓ src/renderer/domains/workflows/tests/catalog-field-contract.test.ts > 'NODE.loop.field.onTimeout' remains mapped by the current panel inventory and document contract 0ms
 ✓ src/renderer/domains/workflows/tests/catalog-field-contract.test.ts > 'NODE.loop.field.startValue' remains mapped by the current panel inventory and document contract 0ms
 ✓ src/renderer/domains/workflows/tests/catalog-field-contract.test.ts > 'NODE.loop.field.step' remains mapped by the current panel inventory and document contract 0ms
 ✓ src/renderer/domains/workflows/tests/catalog-field-contract.test.ts > 'NODE.loop.field.timeout' remains mapped by the current panel inventory and document contract 0ms
 ✓ src/renderer/domains/workflows/tests/catalog-field-contract.test.ts > 'NODE.infinite_loop.field.indexVariable' remains mapped by the current panel inventory and document contract 0ms
 ✓ src/renderer/domains/workflows/tests/catalog-field-contract.test.ts > 'NODE.foreach.field.indexVariable' remains mapped by the current panel inventory and document contract 0ms
 ✓ src/renderer/domains/workflows/tests/catalog-field-contract.test.ts > 'NODE.foreach.field.itemVariable' remains mapped by the current panel inventory and document contract 0ms
 ✓ src/renderer/domains/workflows/tests/catalog-field-contract.test.ts > 'NODE.foreach.field.listVariable' remains mapped by the current panel inventory and document contract 0ms
 ✓ src/renderer/domains/workflows/tests/catalog-field-contract.test.ts > 'NODE.foreach_dict.field.dictVariable' remains mapped by the current panel inventory and document contract 0ms
 ✓ src/renderer/domains/workflows/tests/catalog-field-contract.test.ts > 'NODE.foreach_dict.field.keyVariable' remains mapped by the current panel inventory and document contract 0ms
 ✓ src/renderer/domains/workflows/tests/catalog-field-contract.test.ts > 'NODE.foreach_dict.field.valueVariable' remains mapped by the current panel inventory and document contract 0ms
 ✓ src/renderer/domains/workflows/tests/catalog-field-contract.test.ts > 'NODE.assert_checkpoint.field.actualVa…' remains mapped by the current panel inventory and document contract 0ms
 ✓ src/renderer/domains/workflows/tests/catalog-field-contract.test.ts > 'NODE.assert_checkpoint.field.checkType' remains mapped by the current panel inventory and document contract 0ms
 ✓ src/renderer/domains/workflows/tests/catalog-field-contract.test.ts > 'NODE.assert_checkpoint.field.elementC…' remains mapped by the current panel inventory and document contract 0ms
 ✓ src/renderer/domains/workflows/tests/catalog-field-contract.test.ts > 'NODE.assert_checkpoint.field.expected…' remains mapped by the current panel inventory and document contract 0ms
 ✓ src/renderer/domains/workflows/tests/catalog-field-contract.test.ts > 'NODE.assert_checkpoint.field.expected…' remains mapped by the current panel inventory and document contract 0ms
 ✓ src/renderer/domains/workflows/tests/catalog-field-contract.test.ts > 'NODE.assert_checkpoint.field.expressi…' remains mapped by the current panel inventory and document contract 0ms
 ✓ src/renderer/domains/workflows/tests/catalog-field-contract.test.ts > 'NODE.assert_checkpoint.field.message' remains mapped by the current panel inventory and document contract 0ms
 ✓ src/renderer/domains/workflows/tests/catalog-field-contract.test.ts > 'NODE.assert_checkpoint.field.onFail' remains mapped by the current panel inventory and document contract 0ms
 ✓ src/renderer/domains/workflows/tests/catalog-field-contract.test.ts > 'NODE.assert_checkpoint.field.operator' remains mapped by the current panel inventory and document contract 0ms
 ✓ src/renderer/domains/workflows/tests/catalog-field-contract.test.ts > 'NODE.assert_checkpoint.field.selector' remains mapped by the current panel inventory and document contract 0ms
 ✓ src/renderer/domains/workflows/tests/catalog-field-contract.test.ts > 'NODE.assert_checkpoint.field.variable…' remains mapped by the current panel inventory and document contract 0ms
 ✓ src/renderer/domains/workflows/tests/catalog-field-contract.test.ts > 'NODE.stop_workflow.field.stopReason' remains mapped by the current panel inventory and document contract 0ms
 ✓ src/renderer/domains/workflows/tests/catalog-field-contract.test.ts > 'NODE.scheduled_task.field.delayHours' remains mapped by the current panel inventory and document contract 0ms
 ✓ src/renderer/domains/workflows/tests/catalog-field-contract.test.ts > 'NODE.scheduled_task.field.delayMinutes' remains mapped by the current panel inventory and document contract 0ms
 ✓ src/renderer/domains/workflows/tests/catalog-field-contract.test.ts > 'NODE.scheduled_task.field.delaySeconds' remains mapped by the current panel inventory and document contract 0ms
 ✓ src/renderer/domains/workflows/tests/catalog-field-contract.test.ts > 'NODE.scheduled_task.field.scheduleType' remains mapped by the current panel inventory and document contract 0ms
 ✓ src/renderer/domains/workflows/tests/catalog-field-contract.test.ts > 'NODE.scheduled_task.field.targetDate' remains mapped by the current panel inventory and document contract 0ms
 ✓ src/renderer/domains/workflows/tests/catalog-field-contract.test.ts > 'NODE.scheduled_task.field.targetTime' remains mapped by the current panel inventory and document contract 0ms
 ✓ src/renderer/domains/workflows/tests/catalog-field-contract.test.ts > 'NODE.scheduled_task.field.taskName' remains mapped by the current panel inventory and document contract 0ms
 ✓ src/renderer/domains/workflows/tests/catalog-field-contract.test.ts > 'NODE.subflow.field.label' remains mapped by the current panel inventory and document contract 0ms
 ✓ src/renderer/domains/workflows/tests/catalog-field-contract.test.ts > 'NODE.subflow.field.subflowGroupId' remains mapped by the current panel inventory and document contract 0ms
 ✓ src/renderer/domains/workflows/tests/catalog-field-contract.test.ts > 'NODE.subflow.field.subflowName' remains mapped by the current panel inventory and document contract 0ms
 ✓ src/renderer/domains/workflows/tests/catalog-field-contract.test.ts > 'NODE.run_workflow_file.field.collectV…' remains mapped by the current panel inventory and document contract 0ms
 ✓ src/renderer/domains/workflows/tests/catalog-field-contract.test.ts > 'NODE.run_workflow_file.field.passVari…' remains mapped by the current panel inventory and document contract 0ms
 ✓ src/renderer/domains/workflows/tests/catalog-field-contract.test.ts > 'NODE.run_workflow_file.field.resultVa…' remains mapped by the current panel inventory and document contract 0ms
 ✓ src/renderer/domains/workflows/tests/catalog-field-contract.test.ts > 'NODE.run_workflow_file.field.stopOnFa…' remains mapped by the current panel inventory and document contract 0ms
 ✓ src/renderer/domains/workflows/tests/catalog-field-contract.test.ts > 'NODE.run_workflow_file.field.waitComp…' remains mapped by the current panel inventory and document contract 0ms
 ✓ src/renderer/domains/workflows/tests/catalog-field-contract.test.ts > 'NODE.run_workflow_file.field.workflow…' remains mapped by the current panel inventory and document contract 0ms
 ✓ src/renderer/domains/workflows/tests/catalog-field-contract.test.ts > 'NODE.input_prompt.field.defaultValue' remains mapped by the current panel inventory and document contract 0ms
 ✓ src/renderer/domains/workflows/tests/catalog-field-contract.test.ts > 'NODE.input_prompt.field.inputMode' remains mapped by the current panel inventory and document contract 0ms
 ✓ src/renderer/domains/workflows/tests/catalog-field-contract.test.ts > 'NODE.input_prompt.field.maxLength' remains mapped by the current panel inventory and document contract 0ms
 ✓ src/renderer/domains/workflows/tests/catalog-field-contract.test.ts > 'NODE.input_prompt.field.maxValue' remains mapped by the current panel inventory and document contract 0ms
 ✓ src/renderer/domains/workflows/tests/catalog-field-contract.test.ts > 'NODE.input_prompt.field.minValue' remains mapped by the current panel inventory and document contract 0ms
 ✓ src/renderer/domains/workflows/tests/catalog-field-contract.test.ts > 'NODE.input_prompt.field.promptMessage' remains mapped by the current panel inventory and document contract 0ms
 ✓ src/renderer/domains/workflows/tests/catalog-field-contract.test.ts > 'NODE.input_prompt.field.promptTitle' remains mapped by the current panel inventory and document contract 0ms
 ✓ src/renderer/domains/workflows/tests/catalog-field-contract.test.ts > 'NODE.input_prompt.field.required' remains mapped by the current panel inventory and document contract 0ms
 ✓ src/renderer/domains/workflows/tests/catalog-field-contract.test.ts > 'NODE.input_prompt.field.selectOptions' remains mapped by the current panel inventory and document contract 0ms
 ✓ src/renderer/domains/workflows/tests/catalog-field-contract.test.ts > 'NODE.input_prompt.field.variableName' remains mapped by the current panel inventory and document contract 0ms
 ✓ src/renderer/domains/workflows/tests/catalog-field-contract.test.ts > 'NODE.webhook_trigger.field.autoSetPar…' remains mapped by the current panel inventory and document contract 0ms
 ✓ src/renderer/domains/workflows/tests/catalog-field-contract.test.ts > 'NODE.webhook_trigger.field.method' remains mapped by the current panel inventory and document contract 0ms
 ✓ src/renderer/domains/workflows/tests/catalog-field-contract.test.ts > 'NODE.webhook_trigger.field.paramPrefix' remains mapped by the current panel inventory and document contract 0ms
 ✓ src/renderer/domains/workflows/tests/catalog-field-contract.test.ts > 'NODE.webhook_trigger.field.responseBo…' remains mapped by the current panel inventory and document contract 0ms
 ✓ src/renderer/domains/workflows/tests/catalog-field-contract.test.ts > 'NODE.webhook_trigger.field.responseSt…' remains mapped by the current panel inventory and document contract 0ms
 ✓ src/renderer/domains/workflows/tests/catalog-field-contract.test.ts > 'NODE.webhook_trigger.field.saveToVari…' remains mapped by the current panel inventory and document contract 0ms
 ✓ src/renderer/domains/workflows/tests/catalog-field-contract.test.ts > 'NODE.webhook_trigger.field.timeout' remains mapped by the current panel inventory and document contract 0ms
 ✓ src/renderer/domains/workflows/tests/catalog-field-contract.test.ts > 'NODE.webhook_trigger.field.validateHe…' remains mapped by the current panel inventory and document contract 0ms
 ✓ src/renderer/domains/workflows/tests/catalog-field-contract.test.ts > 'NODE.webhook_trigger.field.validatePa…' remains mapped by the current panel inventory and document contract 0ms
 ✓ src/renderer/domains/workflows/tests/catalog-field-contract.test.ts > 'NODE.webhook_trigger.field.webhookId' remains mapped by the current panel inventory and document contract 0ms
 ✓ src/renderer/domains/workflows/tests/catalog-field-contract.test.ts > 'NODE.hotkey_trigger.field.hotkey' remains mapped by the current panel inventory and document contract 0ms
 ✓ src/renderer/domains/workflows/tests/catalog-field-contract.test.ts > 'NODE.hotkey_trigger.field.timeout' remains mapped by the current panel inventory and document contract 0ms
 ✓ src/renderer/domains/workflows/tests/catalog-field-contract.test.ts > 'NODE.file_watcher_trigger.field.fileP…' remains mapped by the current panel inventory and document contract 0ms
 ✓ src/renderer/domains/workflows/tests/catalog-field-contract.test.ts > 'NODE.file_watcher_trigger.field.fileT…' remains mapped by the current panel inventory and document contract 0ms
 ✓ src/renderer/domains/workflows/tests/catalog-field-contract.test.ts > 'NODE.file_watcher_trigger.field.saveT…' remains mapped by the current panel inventory and document contract 0ms
 ✓ src/renderer/domains/workflows/tests/catalog-field-contract.test.ts > 'NODE.file_watcher_trigger.field.timeo…' remains mapped by the current panel inventory and document contract 0ms
 ✓ src/renderer/domains/workflows/tests/catalog-field-contract.test.ts > 'NODE.file_watcher_trigger.field.watch…' remains mapped by the current panel inventory and document contract 0ms
 ✓ src/renderer/domains/workflows/tests/catalog-field-contract.test.ts > 'NODE.file_watcher_trigger.field.watch…' remains mapped by the current panel inventory and document contract 0ms
 ✓ src/renderer/domains/workflows/tests/catalog-field-contract.test.ts > 'NODE.email_trigger.field.checkInterval' remains mapped by the current panel inventory and document contract 0ms
 ✓ src/renderer/domains/workflows/tests/catalog-field-contract.test.ts > 'NODE.email_trigger.field.emailAccount' remains mapped by the current panel inventory and document contract 0ms
 ✓ src/renderer/domains/workflows/tests/catalog-field-contract.test.ts > 'NODE.email_trigger.field.emailPassword' remains mapped by the current panel inventory and document contract 0ms
 ✓ src/renderer/domains/workflows/tests/catalog-field-contract.test.ts > 'NODE.email_trigger.field.emailPort' remains mapped by the current panel inventory and document contract 0ms
 ✓ src/renderer/domains/workflows/tests/catalog-field-contract.test.ts > 'NODE.email_trigger.field.emailServer' remains mapped by the current panel inventory and document contract 0ms
 ✓ src/renderer/domains/workflows/tests/catalog-field-contract.test.ts > 'NODE.email_trigger.field.emailTrigger' remains mapped by the current panel inventory and document contract 0ms
 ✓ src/renderer/domains/workflows/tests/catalog-field-contract.test.ts > 'NODE.email_trigger.field.fromFilter' remains mapped by the current panel inventory and document contract 0ms
 ✓ src/renderer/domains/workflows/tests/catalog-field-contract.test.ts > 'NODE.email_trigger.field.saveToVariab…' remains mapped by the current panel inventory and document contract 0ms
 ✓ src/renderer/domains/workflows/tests/catalog-field-contract.test.ts > 'NODE.email_trigger.field.subjectFilter' remains mapped by the current panel inventory and document contract 0ms
 ✓ src/renderer/domains/workflows/tests/catalog-field-contract.test.ts > 'NODE.email_trigger.field.timeout' remains mapped by the current panel inventory and document contract 0ms
 ✓ src/renderer/domains/workflows/tests/catalog-field-contract.test.ts > 'NODE.api_trigger.field.apiTrigger' remains mapped by the current panel inventory and document contract 0ms
 ✓ src/renderer/domains/workflows/tests/catalog-field-contract.test.ts > 'NODE.api_trigger.field.apiUrl' remains mapped by the current panel inventory and document contract 0ms
 ✓ src/renderer/domains/workflows/tests/catalog-field-contract.test.ts > 'NODE.api_trigger.field.body' remains mapped by the current panel inventory and document contract 0ms
 ✓ src/renderer/domains/workflows/tests/catalog-field-contract.test.ts > 'NODE.api_trigger.field.checkInterval' remains mapped by the current panel inventory and document contract 0ms
 ✓ src/renderer/domains/workflows/tests/catalog-field-contract.test.ts > 'NODE.api_trigger.field.conditionOpera…' remains mapped by the current panel inventory and document contract 0ms
 ✓ src/renderer/domains/workflows/tests/catalog-field-contract.test.ts > 'NODE.api_trigger.field.conditionPath' remains mapped by the current panel inventory and document contract 0ms
 ✓ src/renderer/domains/workflows/tests/catalog-field-contract.test.ts > 'NODE.api_trigger.field.conditionValue' remains mapped by the current panel inventory and document contract 0ms
 ✓ src/renderer/domains/workflows/tests/catalog-field-contract.test.ts > 'NODE.api_trigger.field.headers' remains mapped by the current panel inventory and document contract 0ms
 ✓ src/renderer/domains/workflows/tests/catalog-field-contract.test.ts > 'NODE.api_trigger.field.method' remains mapped by the current panel inventory and document contract 0ms
 ✓ src/renderer/domains/workflows/tests/catalog-field-contract.test.ts > 'NODE.api_trigger.field.saveToVariable' remains mapped by the current panel inventory and document contract 0ms
 ✓ src/renderer/domains/workflows/tests/catalog-field-contract.test.ts > 'NODE.api_trigger.field.timeout' remains mapped by the current panel inventory and document contract 0ms
 ✓ src/renderer/domains/workflows/tests/catalog-field-contract.test.ts > 'NODE.mouse_trigger.field.gesturePatte…' remains mapped by the current panel inventory and document contract 0ms
 ✓ src/renderer/domains/workflows/tests/catalog-field-contract.test.ts > 'NODE.mouse_trigger.field.gestureTimeo…' remains mapped by the current panel inventory and document contract 0ms
 ✓ src/renderer/domains/workflows/tests/catalog-field-contract.test.ts > 'NODE.mouse_trigger.field.minGestureDi…' remains mapped by the current panel inventory and document contract 0ms
 ✓ src/renderer/domains/workflows/tests/catalog-field-contract.test.ts > 'NODE.mouse_trigger.field.moveDistance' remains mapped by the current panel inventory and document contract 0ms
 ✓ src/renderer/domains/workflows/tests/catalog-field-contract.test.ts > 'NODE.mouse_trigger.field.saveToVariab…' remains mapped by the current panel inventory and document contract 1ms
 ✓ src/renderer/domains/workflows/tests/catalog-field-contract.test.ts > 'NODE.mouse_trigger.field.timeout' remains mapped by the current panel inventory and document contract 0ms
 ✓ src/renderer/domains/workflows/tests/catalog-field-contract.test.ts > 'NODE.mouse_trigger.field.triggerType' remains mapped by the current panel inventory and document contract 0ms
 ✓ src/renderer/domains/workflows/tests/catalog-field-contract.test.ts > 'NODE.image_trigger.field.checkInterval' remains mapped by the current panel inventory and document contract 0ms
 ✓ src/renderer/domains/workflows/tests/catalog-field-contract.test.ts > 'NODE.image_trigger.field.confidence' remains mapped by the current panel inventory and document contract 0ms
 ✓ src/renderer/domains/workflows/tests/catalog-field-contract.test.ts > 'NODE.image_trigger.field.imagePath' remains mapped by the current panel inventory and document contract 0ms
 ✓ src/renderer/domains/workflows/tests/catalog-field-contract.test.ts > 'NODE.image_trigger.field.saveToVariab…' remains mapped by the current panel inventory and document contract 0ms
 ✓ src/renderer/domains/workflows/tests/catalog-field-contract.test.ts > 'NODE.image_trigger.field.searchRegion' remains mapped by the current panel inventory and document contract 0ms
 ✓ src/renderer/domains/workflows/tests/catalog-field-contract.test.ts > 'NODE.image_trigger.field.timeout' remains mapped by the current panel inventory and document contract 0ms
 ✓ src/renderer/domains/workflows/tests/catalog-field-contract.test.ts > 'NODE.sound_trigger.field.checkInterval' remains mapped by the current panel inventory and document contract 0ms
 ✓ src/renderer/domains/workflows/tests/catalog-field-contract.test.ts > 'NODE.sound_trigger.field.saveToVariab…' remains mapped by the current panel inventory and document contract 0ms
 ✓ src/renderer/domains/workflows/tests/catalog-field-contract.test.ts > 'NODE.sound_trigger.field.timeout' remains mapped by the current panel inventory and document contract 0ms
 ✓ src/renderer/domains/workflows/tests/catalog-field-contract.test.ts > 'NODE.face_trigger.field.cameraIndex' remains mapped by the current panel inventory and document contract 0ms
 ✓ src/renderer/domains/workflows/tests/catalog-field-contract.test.ts > 'NODE.face_trigger.field.checkInterval' remains mapped by the current panel inventory and document contract 0ms
 ✓ src/renderer/domains/workflows/tests/catalog-field-contract.test.ts > 'NODE.face_trigger.field.saveToVariable' remains mapped by the current panel inventory and document contract 0ms
 ✓ src/renderer/domains/workflows/tests/catalog-field-contract.test.ts > 'NODE.face_trigger.field.targetFaceIma…' remains mapped by the current panel inventory and document contract 0ms
 ✓ src/renderer/domains/workflows/tests/catalog-field-contract.test.ts > 'NODE.face_trigger.field.timeout' remains mapped by the current panel inventory and document contract 0ms
 ✓ src/renderer/domains/workflows/tests/catalog-field-contract.test.ts > 'NODE.face_trigger.field.tolerance' remains mapped by the current panel inventory and document contract 0ms
 ✓ src/renderer/domains/workflows/tests/catalog-field-contract.test.ts > 'NODE.gesture_trigger.field.cameraIndex' remains mapped by the current panel inventory and document contract 3ms
 ✓ src/renderer/domains/workflows/tests/catalog-field-contract.test.ts > 'NODE.gesture_trigger.field.confidence…' remains mapped by the current panel inventory and document contract 0ms
 ✓ src/renderer/domains/workflows/tests/catalog-field-contract.test.ts > 'NODE.gesture_trigger.field.gestureName' remains mapped by the current panel inventory and document contract 0ms
 ✓ src/renderer/domains/workflows/tests/catalog-field-contract.test.ts > 'NODE.gesture_trigger.field.saveToVari…' remains mapped by the current panel inventory and document contract 0ms
 ✓ src/renderer/domains/workflows/tests/catalog-field-contract.test.ts > 'NODE.gesture_trigger.field.timeout' remains mapped by the current panel inventory and document contract 0ms
 ✓ src/renderer/domains/workflows/tests/catalog-field-contract.test.ts > 'NODE.element_change_trigger.field.che…' remains mapped by the current panel inventory and document contract 0ms
 ✓ src/renderer/domains/workflows/tests/catalog-field-contract.test.ts > 'NODE.element_change_trigger.field.sav…' remains mapped by the current panel inventory and document contract 0ms
 ✓ src/renderer/domains/workflows/tests/catalog-field-contract.test.ts > 'NODE.element_change_trigger.field.sav…' remains mapped by the current panel inventory and document contract 0ms
 ✓ src/renderer/domains/workflows/tests/catalog-field-contract.test.ts > 'NODE.element_change_trigger.field.sel…' remains mapped by the current panel inventory and document contract 0ms
 ✓ src/renderer/domains/workflows/tests/catalog-field-contract.test.ts > 'NODE.element_change_trigger.field.tim…' remains mapped by the current panel inventory and document contract 0ms
 ✓ src/renderer/domains/workflows/tests/catalog-field-contract.test.ts > 'NODE.probability_trigger.field.probab…' remains mapped by the current panel inventory and document contract 0ms
 ✓ src/renderer/domains/workflows/tests/catalog-field-contract.test.ts > 'NODE.set_variable.field.variableName' remains mapped by the current panel inventory and document contract 0ms
 ✓ src/renderer/domains/workflows/tests/catalog-field-contract.test.ts > 'NODE.set_variable.field.variableValue' remains mapped by the current panel inventory and document contract 0ms
 ✓ src/renderer/domains/workflows/tests/catalog-field-contract.test.ts > 'NODE.increment_decrement.field.operat…' remains mapped by the current panel inventory and document contract 0ms
 ✓ src/renderer/domains/workflows/tests/catalog-field-contract.test.ts > 'NODE.increment_decrement.field.step' remains mapped by the current panel inventory and document contract 0ms
 ✓ src/renderer/domains/workflows/tests/catalog-field-contract.test.ts > 'NODE.increment_decrement.field.variab…' remains mapped by the current panel inventory and document contract 0ms
 ✓ src/renderer/domains/workflows/tests/catalog-field-contract.test.ts > 'NODE.json_parse.field.columnName' remains mapped by the current panel inventory and document contract 0ms
 ✓ src/renderer/domains/workflows/tests/catalog-field-contract.test.ts > 'NODE.json_parse.field.jsonPath' remains mapped by the current panel inventory and document contract 0ms
 ✓ src/renderer/domains/workflows/tests/catalog-field-contract.test.ts > 'NODE.json_parse.field.sourceVariable' remains mapped by the current panel inventory and document contract 0ms
 ✓ src/renderer/domains/workflows/tests/catalog-field-contract.test.ts > 'NODE.json_parse.field.variableName' remains mapped by the current panel inventory and document contract 0ms
 ✓ src/renderer/domains/workflows/tests/catalog-field-contract.test.ts > 'NODE.base64.field.fileName' remains mapped by the current panel inventory and document contract 0ms
 ✓ src/renderer/domains/workflows/tests/catalog-field-contract.test.ts > 'NODE.base64.field.filePath' remains mapped by the current panel inventory and document contract 0ms
 ✓ src/renderer/domains/workflows/tests/catalog-field-contract.test.ts > 'NODE.base64.field.inputBase64' remains mapped by the current panel inventory and document contract 0ms
 ✓ src/renderer/domains/workflows/tests/catalog-field-contract.test.ts > 'NODE.base64.field.inputText' remains mapped by the current panel inventory and document contract 0ms
 ✓ src/renderer/domains/workflows/tests/catalog-field-contract.test.ts > 'NODE.base64.field.operation' remains mapped by the current panel inventory and document contract 0ms
 ✓ src/renderer/domains/workflows/tests/catalog-field-contract.test.ts > 'NODE.base64.field.outputPath' remains mapped by the current panel inventory and document contract 0ms
 ✓ src/renderer/domains/workflows/tests/catalog-field-contract.test.ts > 'NODE.base64.field.variableName' remains mapped by the current panel inventory and document contract 0ms
 ✓ src/renderer/domains/workflows/tests/catalog-field-contract.test.ts > 'NODE.random_number.field.maxValue' remains mapped by the current panel inventory and document contract 0ms
 ✓ src/renderer/domains/workflows/tests/catalog-field-contract.test.ts > 'NODE.random_number.field.minValue' remains mapped by the current panel inventory and document contract 0ms
 ✓ src/renderer/domains/workflows/tests/catalog-field-contract.test.ts > 'NODE.random_number.field.randomType' remains mapped by the current panel inventory and document contract 0ms
 ✓ src/renderer/domains/workflows/tests/catalog-field-contract.test.ts > 'NODE.random_number.field.variableName' remains mapped by the current panel inventory and document contract 0ms
 ✓ src/renderer/domains/workflows/tests/catalog-field-contract.test.ts > 'NODE.get_time.field.customFormat' remains mapped by the current panel inventory and document contract 0ms
 ✓ src/renderer/domains/workflows/tests/catalog-field-contract.test.ts > 'NODE.get_time.field.timeFormat' remains mapped by the current panel inventory and document contract 0ms
 ✓ src/renderer/domains/workflows/tests/catalog-field-contract.test.ts > 'NODE.get_time.field.variableName' remains mapped by the current panel inventory and document contract 0ms
 ✓ src/renderer/domains/workflows/tests/catalog-field-contract.test.ts > 'NODE.string_concat.field.string1' remains mapped by the current panel inventory and document contract 0ms
 ✓ src/renderer/domains/workflows/tests/catalog-field-contract.test.ts > 'NODE.string_concat.field.string2' remains mapped by the current panel inventory and document contract 0ms
 ✓ src/renderer/domains/workflows/tests/catalog-field-contract.test.ts > 'NODE.string_concat.field.variableName' remains mapped by the current panel inventory and document contract 0ms
 ✓ src/renderer/domains/workflows/tests/catalog-field-contract.test.ts > 'NODE.string_replace.field.inputText' remains mapped by the current panel inventory and document contract 0ms
 ✓ src/renderer/domains/workflows/tests/catalog-field-contract.test.ts > 'NODE.string_replace.field.replaceAll' remains mapped by the current panel inventory and document contract 0ms
 ✓ src/renderer/domains/workflows/tests/catalog-field-contract.test.ts > 'NODE.string_replace.field.replaceMode' remains mapped by the current panel inventory and document contract 0ms
 ✓ src/renderer/domains/workflows/tests/catalog-field-contract.test.ts > 'NODE.string_replace.field.replaceValue' remains mapped by the current panel inventory and document contract 0ms
 ✓ src/renderer/domains/workflows/tests/catalog-field-contract.test.ts > 'NODE.string_replace.field.searchValue' remains mapped by the current panel inventory and document contract 0ms
 ✓ src/renderer/domains/workflows/tests/catalog-field-contract.test.ts > 'NODE.string_replace.field.variableName' remains mapped by the current panel inventory and document contract 0ms
 ✓ src/renderer/domains/workflows/tests/catalog-field-contract.test.ts > 'NODE.string_split.field.inputText' remains mapped by the current panel inventory and document contract 0ms
 ✓ src/renderer/domains/workflows/tests/catalog-field-contract.test.ts > 'NODE.string_split.field.maxSplit' remains mapped by the current panel inventory and document contract 0ms
 ✓ src/renderer/domains/workflows/tests/catalog-field-contract.test.ts > 'NODE.string_split.field.separator' remains mapped by the current panel inventory and document contract 0ms
 ✓ src/renderer/domains/workflows/tests/catalog-field-contract.test.ts > 'NODE.string_split.field.variableName' remains mapped by the current panel inventory and document contract 0ms
 ✓ src/renderer/domains/workflows/tests/catalog-field-contract.test.ts > 'NODE.string_join.field.listVariable' remains mapped by the current panel inventory and document contract 0ms
 ✓ src/renderer/domains/workflows/tests/catalog-field-contract.test.ts > 'NODE.string_join.field.separator' remains mapped by the current panel inventory and document contract 0ms
 ✓ src/renderer/domains/workflows/tests/catalog-field-contract.test.ts > 'NODE.string_join.field.variableName' remains mapped by the current panel inventory and document contract 0ms
 ✓ src/renderer/domains/workflows/tests/catalog-field-contract.test.ts > 'NODE.string_trim.field.inputText' remains mapped by the current panel inventory and document contract 0ms
 ✓ src/renderer/domains/workflows/tests/catalog-field-contract.test.ts > 'NODE.string_trim.field.trimMode' remains mapped by the current panel inventory and document contract 0ms
 ✓ src/renderer/domains/workflows/tests/catalog-field-contract.test.ts > 'NODE.string_trim.field.variableName' remains mapped by the current panel inventory and document contract 0ms
 ✓ src/renderer/domains/workflows/tests/catalog-field-contract.test.ts > 'NODE.string_case.field.caseMode' remains mapped by the current panel inventory and document contract 0ms
 ✓ src/renderer/domains/workflows/tests/catalog-field-contract.test.ts > 'NODE.string_case.field.inputText' remains mapped by the current panel inventory and document contract 0ms
 ✓ src/renderer/domains/workflows/tests/catalog-field-contract.test.ts > 'NODE.string_case.field.variableName' remains mapped by the current panel inventory and document contract 0ms
 ✓ src/renderer/domains/workflows/tests/catalog-field-contract.test.ts > 'NODE.string_substring.field.endIndex' remains mapped by the current panel inventory and document contract 0ms
 ✓ src/renderer/domains/workflows/tests/catalog-field-contract.test.ts > 'NODE.string_substring.field.inputText' remains mapped by the current panel inventory and document contract 0ms
 ✓ src/renderer/domains/workflows/tests/catalog-field-contract.test.ts > 'NODE.string_substring.field.startIndex' remains mapped by the current panel inventory and document contract 0ms
 ✓ src/renderer/domains/workflows/tests/catalog-field-contract.test.ts > 'NODE.string_substring.field.variableN…' remains mapped by the current panel inventory and document contract 0ms
 ✓ src/renderer/domains/workflows/tests/catalog-field-contract.test.ts > 'NODE.regex_extract.field.extractMode' remains mapped by the current panel inventory and document contract 0ms
 ✓ src/renderer/domains/workflows/tests/catalog-field-contract.test.ts > 'NODE.regex_extract.field.ignoreCase' remains mapped by the current panel inventory and document contract 0ms
 ✓ src/renderer/domains/workflows/tests/catalog-field-contract.test.ts > 'NODE.regex_extract.field.inputText' remains mapped by the current panel inventory and document contract 0ms
 ✓ src/renderer/domains/workflows/tests/catalog-field-contract.test.ts > 'NODE.regex_extract.field.pattern' remains mapped by the current panel inventory and document contract 0ms
 ✓ src/renderer/domains/workflows/tests/catalog-field-contract.test.ts > 'NODE.regex_extract.field.variableName' remains mapped by the current panel inventory and document contract 0ms
 ✓ src/renderer/domains/workflows/tests/catalog-field-contract.test.ts > 'NODE.list_operation.field.listAction' remains mapped by the current panel inventory and document contract 1ms
 ✓ src/renderer/domains/workflows/tests/catalog-field-contract.test.ts > 'NODE.list_operation.field.listIndex' remains mapped by the current panel inventory and document contract 0ms
 ✓ src/renderer/domains/workflows/tests/catalog-field-contract.test.ts > 'NODE.list_operation.field.listValue' remains mapped by the current panel inventory and document contract 0ms
 ✓ src/renderer/domains/workflows/tests/catalog-field-contract.test.ts > 'NODE.list_operation.field.listVariable' remains mapped by the current panel inventory and document contract 0ms
 ✓ src/renderer/domains/workflows/tests/catalog-field-contract.test.ts > 'NODE.list_operation.field.resultVaria…' remains mapped by the current panel inventory and document contract 0ms
 ✓ src/renderer/domains/workflows/tests/catalog-field-contract.test.ts > 'NODE.list_get.field.listIndex' remains mapped by the current panel inventory and document contract 0ms
 ✓ src/renderer/domains/workflows/tests/catalog-field-contract.test.ts > 'NODE.list_get.field.listVariable' remains mapped by the current panel inventory and document contract 0ms
 ✓ src/renderer/domains/workflows/tests/catalog-field-contract.test.ts > 'NODE.list_get.field.variableName' remains mapped by the current panel inventory and document contract 0ms
 ✓ src/renderer/domains/workflows/tests/catalog-field-contract.test.ts > 'NODE.list_length.field.listVariable' remains mapped by the current panel inventory and document contract 0ms
 ✓ src/renderer/domains/workflows/tests/catalog-field-contract.test.ts > 'NODE.list_length.field.variableName' remains mapped by the current panel inventory and document contract 0ms
 ✓ src/renderer/domains/workflows/tests/catalog-field-contract.test.ts > 'NODE.list_export.field.appendMode' remains mapped by the current panel inventory and document contract 0ms
 ✓ src/renderer/domains/workflows/tests/catalog-field-contract.test.ts > 'NODE.list_export.field.encoding' remains mapped by the current panel inventory and document contract 0ms
 ✓ src/renderer/domains/workflows/tests/catalog-field-contract.test.ts > 'NODE.list_export.field.listVariable' remains mapped by the current panel inventory and document contract 0ms
 ✓ src/renderer/domains/workflows/tests/catalog-field-contract.test.ts > 'NODE.list_export.field.outputPath' remains mapped by the current panel inventory and document contract 0ms
 ✓ src/renderer/domains/workflows/tests/catalog-field-contract.test.ts > 'NODE.list_export.field.separator' remains mapped by the current panel inventory and document contract 0ms
 ✓ src/renderer/domains/workflows/tests/catalog-field-contract.test.ts > 'NODE.list_sum.field.listVariable' remains mapped by the current panel inventory and document contract 0ms
 ✓ src/renderer/domains/workflows/tests/catalog-field-contract.test.ts > 'NODE.list_sum.field.resultVariable' remains mapped by the current panel inventory and document contract 0ms
 ✓ src/renderer/domains/workflows/tests/catalog-field-contract.test.ts > 'NODE.list_average.field.listVariable' remains mapped by the current panel inventory and document contract 0ms
 ✓ src/renderer/domains/workflows/tests/catalog-field-contract.test.ts > 'NODE.list_average.field.resultVariable' remains mapped by the current panel inventory and document contract 0ms
 ✓ src/renderer/domains/workflows/tests/catalog-field-contract.test.ts > 'NODE.list_max.field.listVariable' remains mapped by the current panel inventory and document contract 0ms
 ✓ src/renderer/domains/workflows/tests/catalog-field-contract.test.ts > 'NODE.list_max.field.resultVariable' remains mapped by the current panel inventory and document contract 0ms
 ✓ src/renderer/domains/workflows/tests/catalog-field-contract.test.ts > 'NODE.list_min.field.listVariable' remains mapped by the current panel inventory and document contract 0ms
 ✓ src/renderer/domains/workflows/tests/catalog-field-contract.test.ts > 'NODE.list_min.field.resultVariable' remains mapped by the current panel inventory and document contract 0ms
 ✓ src/renderer/domains/workflows/tests/catalog-field-contract.test.ts > 'NODE.list_sort.field.listVariable' remains mapped by the current panel inventory and document contract 0ms
 ✓ src/renderer/domains/workflows/tests/catalog-field-contract.test.ts > 'NODE.list_sort.field.order' remains mapped by the current panel inventory and document contract 0ms
 ✓ src/renderer/domains/workflows/tests/catalog-field-contract.test.ts > 'NODE.list_sort.field.resultVariable' remains mapped by the current panel inventory and document contract 0ms
 ✓ src/renderer/domains/workflows/tests/catalog-field-contract.test.ts > 'NODE.list_unique.field.listVariable' remains mapped by the current panel inventory and document contract 0ms
 ✓ src/renderer/domains/workflows/tests/catalog-field-contract.test.ts > 'NODE.list_unique.field.resultVariable' remains mapped by the current panel inventory and document contract 0ms
 ✓ src/renderer/domains/workflows/tests/catalog-field-contract.test.ts > 'NODE.list_slice.field.endIndex' remains mapped by the current panel inventory and document contract 0ms
 ✓ src/renderer/domains/workflows/tests/catalog-field-contract.test.ts > 'NODE.list_slice.field.listVariable' remains mapped by the current panel inventory and document contract 0ms
 ✓ src/renderer/domains/workflows/tests/catalog-field-contract.test.ts > 'NODE.list_slice.field.resultVariable' remains mapped by the current panel inventory and document contract 0ms
 ✓ src/renderer/domains/workflows/tests/catalog-field-contract.test.ts > 'NODE.list_slice.field.startIndex' remains mapped by the current panel inventory and document contract 0ms
 ✓ src/renderer/domains/workflows/tests/catalog-field-contract.test.ts > 'NODE.list_reverse.field.listVariable' remains mapped by the current panel inventory and document contract 0ms
 ✓ src/renderer/domains/workflows/tests/catalog-field-contract.test.ts > 'NODE.list_reverse.field.resultVariable' remains mapped by the current panel inventory and document contract 0ms
 ✓ src/renderer/domains/workflows/tests/catalog-field-contract.test.ts > 'NODE.list_find.field.listVariable' remains mapped by the current panel inventory and document contract 0ms
 ✓ src/renderer/domains/workflows/tests/catalog-field-contract.test.ts > 'NODE.list_find.field.resultVariable' remains mapped by the current panel inventory and document contract 0ms
 ✓ src/renderer/domains/workflows/tests/catalog-field-contract.test.ts > 'NODE.list_find.field.searchValue' remains mapped by the current panel inventory and document contract 0ms
 ✓ src/renderer/domains/workflows/tests/catalog-field-contract.test.ts > 'NODE.list_count.field.listVariable' remains mapped by the current panel inventory and document contract 0ms
 ✓ src/renderer/domains/workflows/tests/catalog-field-contract.test.ts > 'NODE.list_count.field.resultVariable' remains mapped by the current panel inventory and document contract 0ms
 ✓ src/renderer/domains/workflows/tests/catalog-field-contract.test.ts > 'NODE.list_count.field.searchValue' remains mapped by the current panel inventory and document contract 0ms
 ✓ src/renderer/domains/workflows/tests/catalog-field-contract.test.ts > 'NODE.list_filter.field.condition' remains mapped by the current panel inventory and document contract 0ms
 ✓ src/renderer/domains/workflows/tests/catalog-field-contract.test.ts > 'NODE.list_filter.field.listVariable' remains mapped by the current panel inventory and document contract 0ms
 ✓ src/renderer/domains/workflows/tests/catalog-field-contract.test.ts > 'NODE.list_filter.field.resultVariable' remains mapped by the current panel inventory and document contract 0ms
 ✓ src/renderer/domains/workflows/tests/catalog-field-contract.test.ts > 'NODE.list_map.field.expression' remains mapped by the current panel inventory and document contract 0ms
 ✓ src/renderer/domains/workflows/tests/catalog-field-contract.test.ts > 'NODE.list_map.field.listVariable' remains mapped by the current panel inventory and document contract 0ms
 ✓ src/renderer/domains/workflows/tests/catalog-field-contract.test.ts > 'NODE.list_map.field.resultVariable' remains mapped by the current panel inventory and document contract 0ms
 ✓ src/renderer/domains/workflows/tests/catalog-field-contract.test.ts > 'NODE.list_merge.field.list1' remains mapped by the current panel inventory and document contract 0ms
 ✓ src/renderer/domains/workflows/tests/catalog-field-contract.test.ts > 'NODE.list_merge.field.list2' remains mapped by the current panel inventory and document contract 0ms
 ✓ src/renderer/domains/workflows/tests/catalog-field-contract.test.ts > 'NODE.list_merge.field.resultVariable' remains mapped by the current panel inventory and document contract 0ms
 ✓ src/renderer/domains/workflows/tests/catalog-field-contract.test.ts > 'NODE.list_flatten.field.depth' remains mapped by the current panel inventory and document contract 0ms
 ✓ src/renderer/domains/workflows/tests/catalog-field-contract.test.ts > 'NODE.list_flatten.field.listVariable' remains mapped by the current panel inventory and document contract 0ms
 ✓ src/renderer/domains/workflows/tests/catalog-field-contract.test.ts > 'NODE.list_flatten.field.resultVariable' remains mapped by the current panel inventory and document contract 0ms
 ✓ src/renderer/domains/workflows/tests/catalog-field-contract.test.ts > 'NODE.list_chunk.field.chunkSize' remains mapped by the current panel inventory and document contract 0ms
 ✓ src/renderer/domains/workflows/tests/catalog-field-contract.test.ts > 'NODE.list_chunk.field.listVariable' remains mapped by the current panel inventory and document contract 0ms
 ✓ src/renderer/domains/workflows/tests/catalog-field-contract.test.ts > 'NODE.list_chunk.field.resultVariable' remains mapped by the current panel inventory and document contract 0ms
 ✓ src/renderer/domains/workflows/tests/catalog-field-contract.test.ts > 'NODE.list_remove_empty.field.listVari…' remains mapped by the current panel inventory and document contract 0ms
 ✓ src/renderer/domains/workflows/tests/catalog-field-contract.test.ts > 'NODE.list_remove_empty.field.resultVa…' remains mapped by the current panel inventory and document contract 0ms
 ✓ src/renderer/domains/workflows/tests/catalog-field-contract.test.ts > 'NODE.list_intersection.field.list1' remains mapped by the current panel inventory and document contract 0ms
 ✓ src/renderer/domains/workflows/tests/catalog-field-contract.test.ts > 'NODE.list_intersection.field.list2' remains mapped by the current panel inventory and document contract 0ms
 ✓ src/renderer/domains/workflows/tests/catalog-field-contract.test.ts > 'NODE.list_intersection.field.resultVa…' remains mapped by the current panel inventory and document contract 0ms
 ✓ src/renderer/domains/workflows/tests/catalog-field-contract.test.ts > 'NODE.list_union.field.list1' remains mapped by the current panel inventory and document contract 0ms
 ✓ src/renderer/domains/workflows/tests/catalog-field-contract.test.ts > 'NODE.list_union.field.list2' remains mapped by the current panel inventory and document contract 0ms
 ✓ src/renderer/domains/workflows/tests/catalog-field-contract.test.ts > 'NODE.list_union.field.resultVariable' remains mapped by the current panel inventory and document contract 0ms
 ✓ src/renderer/domains/workflows/tests/catalog-field-contract.test.ts > 'NODE.list_difference.field.list1' remains mapped by the current panel inventory and document contract 0ms
 ✓ src/renderer/domains/workflows/tests/catalog-field-contract.test.ts > 'NODE.list_difference.field.list2' remains mapped by the current panel inventory and document contract 0ms
 ✓ src/renderer/domains/workflows/tests/catalog-field-contract.test.ts > 'NODE.list_difference.field.resultVari…' remains mapped by the current panel inventory and document contract 0ms
 ✓ src/renderer/domains/workflows/tests/catalog-field-contract.test.ts > 'NODE.list_cartesian_product.field.lis…' remains mapped by the current panel inventory and document contract 0ms
 ✓ src/renderer/domains/workflows/tests/catalog-field-contract.test.ts > 'NODE.list_cartesian_product.field.lis…' remains mapped by the current panel inventory and document contract 0ms
 ✓ src/renderer/domains/workflows/tests/catalog-field-contract.test.ts > 'NODE.list_cartesian_product.field.res…' remains mapped by the current panel inventory and document contract 0ms
 ✓ src/renderer/domains/workflows/tests/catalog-field-contract.test.ts > 'NODE.list_shuffle.field.listVariable' remains mapped by the current panel inventory and document contract 0ms
 ✓ src/renderer/domains/workflows/tests/catalog-field-contract.test.ts > 'NODE.list_shuffle.field.resultVariable' remains mapped by the current panel inventory and document contract 0ms
 ✓ src/renderer/domains/workflows/tests/catalog-field-contract.test.ts > 'NODE.list_sample.field.listVariable' remains mapped by the current panel inventory and document contract 0ms
 ✓ src/renderer/domains/workflows/tests/catalog-field-contract.test.ts > 'NODE.list_sample.field.resultVariable' remains mapped by the current panel inventory and document contract 0ms
 ✓ src/renderer/domains/workflows/tests/catalog-field-contract.test.ts > 'NODE.list_sample.field.sampleSize' remains mapped by the current panel inventory and document contract 0ms
 ✓ src/renderer/domains/workflows/tests/catalog-field-contract.test.ts > 'NODE.dict_operation.field.dictAction' remains mapped by the current panel inventory and document contract 0ms
 ✓ src/renderer/domains/workflows/tests/catalog-field-contract.test.ts > 'NODE.dict_operation.field.dictKey' remains mapped by the current panel inventory and document contract 1ms
 ✓ src/renderer/domains/workflows/tests/catalog-field-contract.test.ts > 'NODE.dict_operation.field.dictValue' remains mapped by the current panel inventory and document contract 0ms
 ✓ src/renderer/domains/workflows/tests/catalog-field-contract.test.ts > 'NODE.dict_operation.field.dictVariable' remains mapped by the current panel inventory and document contract 0ms
 ✓ src/renderer/domains/workflows/tests/catalog-field-contract.test.ts > 'NODE.dict_get.field.defaultValue' remains mapped by the current panel inventory and document contract 0ms
 ✓ src/renderer/domains/workflows/tests/catalog-field-contract.test.ts > 'NODE.dict_get.field.dictKey' remains mapped by the current panel inventory and document contract 0ms
 ✓ src/renderer/domains/workflows/tests/catalog-field-contract.test.ts > 'NODE.dict_get.field.dictVariable' remains mapped by the current panel inventory and document contract 0ms
 ✓ src/renderer/domains/workflows/tests/catalog-field-contract.test.ts > 'NODE.dict_get.field.variableName' remains mapped by the current panel inventory and document contract 0ms
 ✓ src/renderer/domains/workflows/tests/catalog-field-contract.test.ts > 'NODE.dict_keys.field.dictVariable' remains mapped by the current panel inventory and document contract 0ms
 ✓ src/renderer/domains/workflows/tests/catalog-field-contract.test.ts > 'NODE.dict_keys.field.keyType' remains mapped by the current panel inventory and document contract 0ms
 ✓ src/renderer/domains/workflows/tests/catalog-field-contract.test.ts > 'NODE.dict_keys.field.variableName' remains mapped by the current panel inventory and document contract 0ms
 ✓ src/renderer/domains/workflows/tests/catalog-field-contract.test.ts > 'NODE.dict_merge.field.dict1' remains mapped by the current panel inventory and document contract 0ms
 ✓ src/renderer/domains/workflows/tests/catalog-field-contract.test.ts > 'NODE.dict_merge.field.dict2' remains mapped by the current panel inventory and document contract 0ms
 ✓ src/renderer/domains/workflows/tests/catalog-field-contract.test.ts > 'NODE.dict_merge.field.resultVariable' remains mapped by the current panel inventory and document contract 0ms
 ✓ src/renderer/domains/workflows/tests/catalog-field-contract.test.ts > 'NODE.dict_filter.field.condition' remains mapped by the current panel inventory and document contract 0ms
 ✓ src/renderer/domains/workflows/tests/catalog-field-contract.test.ts > 'NODE.dict_filter.field.dictVariable' remains mapped by the current panel inventory and document contract 0ms
 ✓ src/renderer/domains/workflows/tests/catalog-field-contract.test.ts > 'NODE.dict_filter.field.resultVariable' remains mapped by the current panel inventory and document contract 0ms
 ✓ src/renderer/domains/workflows/tests/catalog-field-contract.test.ts > 'NODE.dict_map_values.field.dictVariab…' remains mapped by the current panel inventory and document contract 0ms
 ✓ src/renderer/domains/workflows/tests/catalog-field-contract.test.ts > 'NODE.dict_map_values.field.expression' remains mapped by the current panel inventory and document contract 0ms
 ✓ src/renderer/domains/workflows/tests/catalog-field-contract.test.ts > 'NODE.dict_map_values.field.resultVari…' remains mapped by the current panel inventory and document contract 0ms
 ✓ src/renderer/domains/workflows/tests/catalog-field-contract.test.ts > 'NODE.dict_invert.field.dictVariable' remains mapped by the current panel inventory and document contract 0ms
 ✓ src/renderer/domains/workflows/tests/catalog-field-contract.test.ts > 'NODE.dict_invert.field.resultVariable' remains mapped by the current panel inventory and document contract 0ms
 ✓ src/renderer/domains/workflows/tests/catalog-field-contract.test.ts > 'NODE.dict_sort.field.dictVariable' remains mapped by the current panel inventory and document contract 0ms
 ✓ src/renderer/domains/workflows/tests/catalog-field-contract.test.ts > 'NODE.dict_sort.field.order' remains mapped by the current panel inventory and document contract 0ms
 ✓ src/renderer/domains/workflows/tests/catalog-field-contract.test.ts > 'NODE.dict_sort.field.resultVariable' remains mapped by the current panel inventory and document contract 0ms
 ✓ src/renderer/domains/workflows/tests/catalog-field-contract.test.ts > 'NODE.dict_sort.field.sortBy' remains mapped by the current panel inventory and document contract 0ms
 ✓ src/renderer/domains/workflows/tests/catalog-field-contract.test.ts > 'NODE.dict_deep_copy.field.dictVariable' remains mapped by the current panel inventory and document contract 0ms
 ✓ src/renderer/domains/workflows/tests/catalog-field-contract.test.ts > 'NODE.dict_deep_copy.field.resultVaria…' remains mapped by the current panel inventory and document contract 0ms
 ✓ src/renderer/domains/workflows/tests/catalog-field-contract.test.ts > 'NODE.dict_get_path.field.defaultValue' remains mapped by the current panel inventory and document contract 0ms
 ✓ src/renderer/domains/workflows/tests/catalog-field-contract.test.ts > 'NODE.dict_get_path.field.dictVariable' remains mapped by the current panel inventory and document contract 0ms
 ✓ src/renderer/domains/workflows/tests/catalog-field-contract.test.ts > 'NODE.dict_get_path.field.path' remains mapped by the current panel inventory and document contract 0ms
 ✓ src/renderer/domains/workflows/tests/catalog-field-contract.test.ts > 'NODE.dict_get_path.field.resultVariab…' remains mapped by the current panel inventory and document contract 0ms
 ✓ src/renderer/domains/workflows/tests/catalog-field-contract.test.ts > 'NODE.dict_flatten.field.dictVariable' remains mapped by the current panel inventory and document contract 0ms
 ✓ src/renderer/domains/workflows/tests/catalog-field-contract.test.ts > 'NODE.dict_flatten.field.resultVariable' remains mapped by the current panel inventory and document contract 0ms
 ✓ src/renderer/domains/workflows/tests/catalog-field-contract.test.ts > 'NODE.dict_flatten.field.separator' remains mapped by the current panel inventory and document contract 0ms
 ✓ src/renderer/domains/workflows/tests/catalog-field-contract.test.ts > 'NODE.math_round.field.decimals' remains mapped by the current panel inventory and document contract 0ms
 ✓ src/renderer/domains/workflows/tests/catalog-field-contract.test.ts > 'NODE.math_round.field.resultVariable' remains mapped by the current panel inventory and document contract 0ms
 ✓ src/renderer/domains/workflows/tests/catalog-field-contract.test.ts > 'NODE.math_round.field.value' remains mapped by the current panel inventory and document contract 0ms
 ✓ src/renderer/domains/workflows/tests/catalog-field-contract.test.ts > 'NODE.math_base_convert.field.fromBase' remains mapped by the current panel inventory and document contract 0ms
 ✓ src/renderer/domains/workflows/tests/catalog-field-contract.test.ts > 'NODE.math_base_convert.field.resultVa…' remains mapped by the current panel inventory and document contract 0ms
 ✓ src/renderer/domains/workflows/tests/catalog-field-contract.test.ts > 'NODE.math_base_convert.field.toBase' remains mapped by the current panel inventory and document contract 0ms
 ✓ src/renderer/domains/workflows/tests/catalog-field-contract.test.ts > 'NODE.math_base_convert.field.value' remains mapped by the current panel inventory and document contract 0ms
 ✓ src/renderer/domains/workflows/tests/catalog-field-contract.test.ts > 'NODE.math_floor.field.resultVariable' remains mapped by the current panel inventory and document contract 0ms
 ✓ src/renderer/domains/workflows/tests/catalog-field-contract.test.ts > 'NODE.math_floor.field.value' remains mapped by the current panel inventory and document contract 0ms
 ✓ src/renderer/domains/workflows/tests/catalog-field-contract.test.ts > 'NODE.math_modulo.field.dividend' remains mapped by the current panel inventory and document contract 0ms
 ✓ src/renderer/domains/workflows/tests/catalog-field-contract.test.ts > 'NODE.math_modulo.field.divisor' remains mapped by the current panel inventory and document contract 0ms
 ✓ src/renderer/domains/workflows/tests/catalog-field-contract.test.ts > 'NODE.math_modulo.field.resultVariable' remains mapped by the current panel inventory and document contract 0ms
 ✓ src/renderer/domains/workflows/tests/catalog-field-contract.test.ts > 'NODE.math_abs.field.resultVariable' remains mapped by the current panel inventory and document contract 0ms
 ✓ src/renderer/domains/workflows/tests/catalog-field-contract.test.ts > 'NODE.math_abs.field.value' remains mapped by the current panel inventory and document contract 0ms
 ✓ src/renderer/domains/workflows/tests/catalog-field-contract.test.ts > 'NODE.math_sqrt.field.resultVariable' remains mapped by the current panel inventory and document contract 0ms
 ✓ src/renderer/domains/workflows/tests/catalog-field-contract.test.ts > 'NODE.math_sqrt.field.value' remains mapped by the current panel inventory and document contract 0ms
 ✓ src/renderer/domains/workflows/tests/catalog-field-contract.test.ts > 'NODE.math_power.field.base' remains mapped by the current panel inventory and document contract 0ms
 ✓ src/renderer/domains/workflows/tests/catalog-field-contract.test.ts > 'NODE.math_power.field.exponent' remains mapped by the current panel inventory and document contract 0ms
 ✓ src/renderer/domains/workflows/tests/catalog-field-contract.test.ts > 'NODE.math_power.field.resultVariable' remains mapped by the current panel inventory and document contract 0ms
 ✓ src/renderer/domains/workflows/tests/catalog-field-contract.test.ts > 'NODE.math_log.field.base' remains mapped by the current panel inventory and document contract 0ms
 ✓ src/renderer/domains/workflows/tests/catalog-field-contract.test.ts > 'NODE.math_log.field.customBase' remains mapped by the current panel inventory and document contract 0ms
 ✓ src/renderer/domains/workflows/tests/catalog-field-contract.test.ts > 'NODE.math_log.field.resultVariable' remains mapped by the current panel inventory and document contract 1ms
 ✓ src/renderer/domains/workflows/tests/catalog-field-contract.test.ts > 'NODE.math_log.field.value' remains mapped by the current panel inventory and document contract 0ms
 ✓ src/renderer/domains/workflows/tests/catalog-field-contract.test.ts > 'NODE.math_trig.field.function' remains mapped by the current panel inventory and document contract 0ms
 ✓ src/renderer/domains/workflows/tests/catalog-field-contract.test.ts > 'NODE.math_trig.field.resultVariable' remains mapped by the current panel inventory and document contract 0ms
 ✓ src/renderer/domains/workflows/tests/catalog-field-contract.test.ts > 'NODE.math_trig.field.unit' remains mapped by the current panel inventory and document contract 0ms
 ✓ src/renderer/domains/workflows/tests/catalog-field-contract.test.ts > 'NODE.math_trig.field.value' remains mapped by the current panel inventory and document contract 0ms
 ✓ src/renderer/domains/workflows/tests/catalog-field-contract.test.ts > 'NODE.math_exp.field.resultVariable' remains mapped by the current panel inventory and document contract 0ms
 ✓ src/renderer/domains/workflows/tests/catalog-field-contract.test.ts > 'NODE.math_exp.field.value' remains mapped by the current panel inventory and document contract 0ms
 ✓ src/renderer/domains/workflows/tests/catalog-field-contract.test.ts > 'NODE.math_gcd.field.resultVariable' remains mapped by the current panel inventory and document contract 0ms
 ✓ src/renderer/domains/workflows/tests/catalog-field-contract.test.ts > 'NODE.math_gcd.field.value1' remains mapped by the current panel inventory and document contract 0ms
 ✓ src/renderer/domains/workflows/tests/catalog-field-contract.test.ts > 'NODE.math_gcd.field.value2' remains mapped by the current panel inventory and document contract 0ms
 ✓ src/renderer/domains/workflows/tests/catalog-field-contract.test.ts > 'NODE.math_lcm.field.resultVariable' remains mapped by the current panel inventory and document contract 0ms
 ✓ src/renderer/domains/workflows/tests/catalog-field-contract.test.ts > 'NODE.math_lcm.field.value1' remains mapped by the current panel inventory and document contract 0ms
 ✓ src/renderer/domains/workflows/tests/catalog-field-contract.test.ts > 'NODE.math_lcm.field.value2' remains mapped by the current panel inventory and document contract 0ms
 ✓ src/renderer/domains/workflows/tests/catalog-field-contract.test.ts > 'NODE.math_factorial.field.resultVaria…' remains mapped by the current panel inventory and document contract 0ms
 ✓ src/renderer/domains/workflows/tests/catalog-field-contract.test.ts > 'NODE.math_factorial.field.value' remains mapped by the current panel inventory and document contract 0ms
 ✓ src/renderer/domains/workflows/tests/catalog-field-contract.test.ts > 'NODE.math_permutation.field.n' remains mapped by the current panel inventory and document contract 0ms
 ✓ src/renderer/domains/workflows/tests/catalog-field-contract.test.ts > 'NODE.math_permutation.field.r' remains mapped by the current panel inventory and document contract 0ms
 ✓ src/renderer/domains/workflows/tests/catalog-field-contract.test.ts > 'NODE.math_permutation.field.resultVar…' remains mapped by the current panel inventory and document contract 0ms
 ✓ src/renderer/domains/workflows/tests/catalog-field-contract.test.ts > 'NODE.math_percentage.field.operation' remains mapped by the current panel inventory and document contract 0ms
 ✓ src/renderer/domains/workflows/tests/catalog-field-contract.test.ts > 'NODE.math_percentage.field.resultVari…' remains mapped by the current panel inventory and document contract 0ms
 ✓ src/renderer/domains/workflows/tests/catalog-field-contract.test.ts > 'NODE.math_percentage.field.value1' remains mapped by the current panel inventory and document contract 0ms
 ✓ src/renderer/domains/workflows/tests/catalog-field-contract.test.ts > 'NODE.math_percentage.field.value2' remains mapped by the current panel inventory and document contract 0ms
 ✓ src/renderer/domains/workflows/tests/catalog-field-contract.test.ts > 'NODE.math_clamp.field.max' remains mapped by the current panel inventory and document contract 0ms
 ✓ src/renderer/domains/workflows/tests/catalog-field-contract.test.ts > 'NODE.math_clamp.field.min' remains mapped by the current panel inventory and document contract 0ms
 ✓ src/renderer/domains/workflows/tests/catalog-field-contract.test.ts > 'NODE.math_clamp.field.resultVariable' remains mapped by the current panel inventory and document contract 0ms
 ✓ src/renderer/domains/workflows/tests/catalog-field-contract.test.ts > 'NODE.math_clamp.field.value' remains mapped by the current panel inventory and document contract 0ms
 ✓ src/renderer/domains/workflows/tests/catalog-field-contract.test.ts > 'NODE.math_random_advanced.field.lambda' remains mapped by the current panel inventory and document contract 0ms
 ✓ src/renderer/domains/workflows/tests/catalog-field-contract.test.ts > 'NODE.math_random_advanced.field.max' remains mapped by the current panel inventory and document contract 0ms
 ✓ src/renderer/domains/workflows/tests/catalog-field-contract.test.ts > 'NODE.math_random_advanced.field.mean' remains mapped by the current panel inventory and document contract 0ms
 ✓ src/renderer/domains/workflows/tests/catalog-field-contract.test.ts > 'NODE.math_random_advanced.field.min' remains mapped by the current panel inventory and document contract 0ms
 ✓ src/renderer/domains/workflows/tests/catalog-field-contract.test.ts > 'NODE.math_random_advanced.field.resul…' remains mapped by the current panel inventory and document contract 0ms
 ✓ src/renderer/domains/workflows/tests/catalog-field-contract.test.ts > 'NODE.math_random_advanced.field.stddev' remains mapped by the current panel inventory and document contract 0ms
 ✓ src/renderer/domains/workflows/tests/catalog-field-contract.test.ts > 'NODE.math_random_advanced.field.type' remains mapped by the current panel inventory and document contract 0ms
 ✓ src/renderer/domains/workflows/tests/catalog-field-contract.test.ts > 'NODE.stat_median.field.listVariable' remains mapped by the current panel inventory and document contract 0ms
 ✓ src/renderer/domains/workflows/tests/catalog-field-contract.test.ts > 'NODE.stat_median.field.resultVariable' remains mapped by the current panel inventory and document contract 0ms
 ✓ src/renderer/domains/workflows/tests/catalog-field-contract.test.ts > 'NODE.stat_mode.field.listVariable' remains mapped by the current panel inventory and document contract 0ms
 ✓ src/renderer/domains/workflows/tests/catalog-field-contract.test.ts > 'NODE.stat_mode.field.resultVariable' remains mapped by the current panel inventory and document contract 0ms
 ✓ src/renderer/domains/workflows/tests/catalog-field-contract.test.ts > 'NODE.stat_variance.field.listVariable' remains mapped by the current panel inventory and document contract 0ms
 ✓ src/renderer/domains/workflows/tests/catalog-field-contract.test.ts > 'NODE.stat_variance.field.resultVariab…' remains mapped by the current panel inventory and document contract 0ms
 ✓ src/renderer/domains/workflows/tests/catalog-field-contract.test.ts > 'NODE.stat_stdev.field.listVariable' remains mapped by the current panel inventory and document contract 0ms
 ✓ src/renderer/domains/workflows/tests/catalog-field-contract.test.ts > 'NODE.stat_stdev.field.resultVariable' remains mapped by the current panel inventory and document contract 0ms
 ✓ src/renderer/domains/workflows/tests/catalog-field-contract.test.ts > 'NODE.stat_percentile.field.listVariab…' remains mapped by the current panel inventory and document contract 0ms
 ✓ src/renderer/domains/workflows/tests/catalog-field-contract.test.ts > 'NODE.stat_percentile.field.percentile' remains mapped by the current panel inventory and document contract 0ms
 ✓ src/renderer/domains/workflows/tests/catalog-field-contract.test.ts > 'NODE.stat_percentile.field.resultVari…' remains mapped by the current panel inventory and document contract 0ms
 ✓ src/renderer/domains/workflows/tests/catalog-field-contract.test.ts > 'NODE.stat_normalize.field.listVariable' remains mapped by the current panel inventory and document contract 0ms
 ✓ src/renderer/domains/workflows/tests/catalog-field-contract.test.ts > 'NODE.stat_normalize.field.method' remains mapped by the current panel inventory and document contract 0ms
 ✓ src/renderer/domains/workflows/tests/catalog-field-contract.test.ts > 'NODE.stat_normalize.field.newMax' remains mapped by the current panel inventory and document contract 0ms
 ✓ src/renderer/domains/workflows/tests/catalog-field-contract.test.ts > 'NODE.stat_normalize.field.newMin' remains mapped by the current panel inventory and document contract 0ms
 ✓ src/renderer/domains/workflows/tests/catalog-field-contract.test.ts > 'NODE.stat_normalize.field.resultVaria…' remains mapped by the current panel inventory and document contract 0ms
 ✓ src/renderer/domains/workflows/tests/catalog-field-contract.test.ts > 'NODE.stat_standardize.field.listVaria…' remains mapped by the current panel inventory and document contract 0ms
 ✓ src/renderer/domains/workflows/tests/catalog-field-contract.test.ts > 'NODE.stat_standardize.field.resultVar…' remains mapped by the current panel inventory and document contract 0ms
 ✓ src/renderer/domains/workflows/tests/catalog-field-contract.test.ts > 'NODE.table_add_row.field.rowData' remains mapped by the current panel inventory and document contract 0ms
 ✓ src/renderer/domains/workflows/tests/catalog-field-contract.test.ts > 'NODE.table_add_column.field.columnName' remains mapped by the current panel inventory and document contract 0ms
 ✓ src/renderer/domains/workflows/tests/catalog-field-contract.test.ts > 'NODE.table_add_column.field.defaultVa…' remains mapped by the current panel inventory and document contract 0ms
 ✓ src/renderer/domains/workflows/tests/catalog-field-contract.test.ts > 'NODE.table_set_cell.field.cellValue' remains mapped by the current panel inventory and document contract 0ms
 ✓ src/renderer/domains/workflows/tests/catalog-field-contract.test.ts > 'NODE.table_set_cell.field.columnName' remains mapped by the current panel inventory and document contract 0ms
 ✓ src/renderer/domains/workflows/tests/catalog-field-contract.test.ts > 'NODE.table_set_cell.field.rowIndex' remains mapped by the current panel inventory and document contract 0ms
 ✓ src/renderer/domains/workflows/tests/catalog-field-contract.test.ts > 'NODE.table_get_cell.field.columnName' remains mapped by the current panel inventory and document contract 0ms
 ✓ src/renderer/domains/workflows/tests/catalog-field-contract.test.ts > 'NODE.table_get_cell.field.rowIndex' remains mapped by the current panel inventory and document contract 0ms
 ✓ src/renderer/domains/workflows/tests/catalog-field-contract.test.ts > 'NODE.table_get_cell.field.variableName' remains mapped by the current panel inventory and document contract 0ms
 ✓ src/renderer/domains/workflows/tests/catalog-field-contract.test.ts > 'NODE.table_delete_row.field.rowIndex' remains mapped by the current panel inventory and document contract 0ms
 ✓ src/renderer/domains/workflows/tests/catalog-field-contract.test.ts > 'NODE.table_export.field.exportFormat' remains mapped by the current panel inventory and document contract 0ms
 ✓ src/renderer/domains/workflows/tests/catalog-field-contract.test.ts > 'NODE.table_export.field.fileNamePatte…' remains mapped by the current panel inventory and document contract 0ms
 ✓ src/renderer/domains/workflows/tests/catalog-field-contract.test.ts > 'NODE.table_export.field.savePath' remains mapped by the current panel inventory and document contract 0ms
 ✓ src/renderer/domains/workflows/tests/catalog-field-contract.test.ts > 'NODE.table_export.field.sheetName' remains mapped by the current panel inventory and document contract 0ms
 ✓ src/renderer/domains/workflows/tests/catalog-field-contract.test.ts > 'NODE.table_export.field.variableName' remains mapped by the current panel inventory and document contract 0ms
 ✓ src/renderer/domains/workflows/tests/catalog-field-contract.test.ts > 'NODE.csv_parse.field.csvContent' remains mapped by the current panel inventory and document contract 0ms
 ✓ src/renderer/domains/workflows/tests/catalog-field-contract.test.ts > 'NODE.csv_parse.field.delimiter' remains mapped by the current panel inventory and document contract 0ms
 ✓ src/renderer/domains/workflows/tests/catalog-field-contract.test.ts > 'NODE.csv_parse.field.hasHeader' remains mapped by the current panel inventory and document contract 0ms
 ✓ src/renderer/domains/workflows/tests/catalog-field-contract.test.ts > 'NODE.csv_parse.field.resultVariable' remains mapped by the current panel inventory and document contract 0ms
 ✓ src/renderer/domains/workflows/tests/catalog-field-contract.test.ts > 'NODE.csv_generate.field.dataVariable' remains mapped by the current panel inventory and document contract 0ms
 ✓ src/renderer/domains/workflows/tests/catalog-field-contract.test.ts > 'NODE.csv_generate.field.delimiter' remains mapped by the current panel inventory and document contract 0ms
 ✓ src/renderer/domains/workflows/tests/catalog-field-contract.test.ts > 'NODE.csv_generate.field.includeHeader' remains mapped by the current panel inventory and document contract 0ms
 ✓ src/renderer/domains/workflows/tests/catalog-field-contract.test.ts > 'NODE.csv_generate.field.resultVariable' remains mapped by the current panel inventory and document contract 0ms
 ✓ src/renderer/domains/workflows/tests/catalog-field-contract.test.ts > 'NODE.list_to_string_advanced.field.li…' remains mapped by the current panel inventory and document contract 0ms
 ✓ src/renderer/domains/workflows/tests/catalog-field-contract.test.ts > 'NODE.list_to_string_advanced.field.pr…' remains mapped by the current panel inventory and document contract 0ms
 ✓ src/renderer/domains/workflows/tests/catalog-field-contract.test.ts > 'NODE.list_to_string_advanced.field.re…' remains mapped by the current panel inventory and document contract 0ms
 ✓ src/renderer/domains/workflows/tests/catalog-field-contract.test.ts > 'NODE.list_to_string_advanced.field.se…' remains mapped by the current panel inventory and document contract 0ms
 ✓ src/renderer/domains/workflows/tests/catalog-field-contract.test.ts > 'NODE.list_to_string_advanced.field.su…' remains mapped by the current panel inventory and document contract 0ms
 ✓ src/renderer/domains/workflows/tests/catalog-field-contract.test.ts > 'NODE.ai_chat.field.apiKey' remains mapped by the current panel inventory and document contract 0ms
 ✓ src/renderer/domains/workflows/tests/catalog-field-contract.test.ts > 'NODE.ai_chat.field.apiUrl' remains mapped by the current panel inventory and document contract 0ms
 ✓ src/renderer/domains/workflows/tests/catalog-field-contract.test.ts > 'NODE.ai_chat.field.maxTokens' remains mapped by the current panel inventory and document contract 0ms
 ✓ src/renderer/domains/workflows/tests/catalog-field-contract.test.ts > 'NODE.ai_chat.field.model' remains mapped by the current panel inventory and document contract 0ms
 ✓ src/renderer/domains/workflows/tests/catalog-field-contract.test.ts > 'NODE.ai_chat.field.systemPrompt' remains mapped by the current panel inventory and document contract 0ms
 ✓ src/renderer/domains/workflows/tests/catalog-field-contract.test.ts > 'NODE.ai_chat.field.temperature' remains mapped by the current panel inventory and document contract 0ms
 ✓ src/renderer/domains/workflows/tests/catalog-field-contract.test.ts > 'NODE.ai_chat.field.userPrompt' remains mapped by the current panel inventory and document contract 0ms
 ✓ src/renderer/domains/workflows/tests/catalog-field-contract.test.ts > 'NODE.ai_chat.field.variableName' remains mapped by the current panel inventory and document contract 0ms
 ✓ src/renderer/domains/workflows/tests/catalog-field-contract.test.ts > 'NODE.ai_vision.field.apiKey' remains mapped by the current panel inventory and document contract 0ms
 ✓ src/renderer/domains/workflows/tests/catalog-field-contract.test.ts > 'NODE.ai_vision.field.apiUrl' remains mapped by the current panel inventory and document contract 0ms
 ✓ src/renderer/domains/workflows/tests/catalog-field-contract.test.ts > 'NODE.ai_vision.field.imageSource' remains mapped by the current panel inventory and document contract 0ms
 ✓ src/renderer/domains/workflows/tests/catalog-field-contract.test.ts > 'NODE.ai_vision.field.imageUrl' remains mapped by the current panel inventory and document contract 0ms
 ✓ src/renderer/domains/workflows/tests/catalog-field-contract.test.ts > 'NODE.ai_vision.field.imageVariable' remains mapped by the current panel inventory and document contract 0ms
 ✓ src/renderer/domains/workflows/tests/catalog-field-contract.test.ts > 'NODE.ai_vision.field.maxTokens' remains mapped by the current panel inventory and document contract 0ms
 ✓ src/renderer/domains/workflows/tests/catalog-field-contract.test.ts > 'NODE.ai_vision.field.model' remains mapped by the current panel inventory and document contract 0ms
 ✓ src/renderer/domains/workflows/tests/catalog-field-contract.test.ts > 'NODE.ai_vision.field.userPrompt' remains mapped by the current panel inventory and document contract 0ms
 ✓ src/renderer/domains/workflows/tests/catalog-field-contract.test.ts > 'NODE.ai_vision.field.variableName' remains mapped by the current panel inventory and document contract 0ms
 ✓ src/renderer/domains/workflows/tests/catalog-field-contract.test.ts > 'NODE.ai_vision_act.field.action' remains mapped by the current panel inventory and document contract 0ms
 ✓ src/renderer/domains/workflows/tests/catalog-field-contract.test.ts > 'NODE.ai_vision_act.field.apiKey' remains mapped by the current panel inventory and document contract 0ms
 ✓ src/renderer/domains/workflows/tests/catalog-field-contract.test.ts > 'NODE.ai_vision_act.field.apiUrl' remains mapped by the current panel inventory and document contract 0ms
 ✓ src/renderer/domains/workflows/tests/catalog-field-contract.test.ts > 'NODE.ai_vision_act.field.button' remains mapped by the current panel inventory and document contract 0ms
 ✓ src/renderer/domains/workflows/tests/catalog-field-contract.test.ts > 'NODE.ai_vision_act.field.instruction' remains mapped by the current panel inventory and document contract 0ms
 ✓ src/renderer/domains/workflows/tests/catalog-field-contract.test.ts > 'NODE.ai_vision_act.field.maxTokens' remains mapped by the current panel inventory and document contract 0ms
 ✓ src/renderer/domains/workflows/tests/catalog-field-contract.test.ts > 'NODE.ai_vision_act.field.model' remains mapped by the current panel inventory and document contract 0ms
 ✓ src/renderer/domains/workflows/tests/catalog-field-contract.test.ts > 'NODE.ai_vision_act.field.variableName' remains mapped by the current panel inventory and document contract 0ms
 ✓ src/renderer/domains/workflows/tests/catalog-field-contract.test.ts > 'NODE.ai_extract.field.categories' remains mapped by the current panel inventory and document contract 0ms
 ✓ src/renderer/domains/workflows/tests/catalog-field-contract.test.ts > 'NODE.ai_extract.field.fields' remains mapped by the current panel inventory and document contract 0ms
 ✓ src/renderer/domains/workflows/tests/catalog-field-contract.test.ts > 'NODE.ai_extract.field.inputList' remains mapped by the current panel inventory and document contract 0ms
 ✓ src/renderer/domains/workflows/tests/catalog-field-contract.test.ts > 'NODE.ai_extract.field.inputText' remains mapped by the current panel inventory and document contract 0ms
 ✓ src/renderer/domains/workflows/tests/catalog-field-contract.test.ts > 'NODE.ai_extract.field.maxWords' remains mapped by the current panel inventory and document contract 0ms
 ✓ src/renderer/domains/workflows/tests/catalog-field-contract.test.ts > 'NODE.ai_extract.field.normalizeType' remains mapped by the current panel inventory and document contract 0ms
 ✓ src/renderer/domains/workflows/tests/catalog-field-contract.test.ts > 'NODE.ai_extract.field.routes' remains mapped by the current panel inventory and document contract 0ms
 ✓ src/renderer/domains/workflows/tests/catalog-field-contract.test.ts > 'NODE.ai_extract.field.style' remains mapped by the current panel inventory and document contract 0ms
 ✓ src/renderer/domains/workflows/tests/catalog-field-contract.test.ts > 'NODE.ai_extract.field.targetFormat' remains mapped by the current panel inventory and document contract 0ms
 ✓ src/renderer/domains/workflows/tests/catalog-field-contract.test.ts > 'NODE.ai_extract.field.targetLang' remains mapped by the current panel inventory and document contract 0ms
 ✓ src/renderer/domains/workflows/tests/catalog-field-contract.test.ts > 'NODE.ai_extract.field.variableName' remains mapped by the current panel inventory and document contract 0ms
 ✓ src/renderer/domains/workflows/tests/catalog-field-contract.test.ts > 'NODE.ai_classify.field.categories' remains mapped by the current panel inventory and document contract 0ms
 ✓ src/renderer/domains/workflows/tests/catalog-field-contract.test.ts > 'NODE.ai_classify.field.fields' remains mapped by the current panel inventory and document contract 0ms
 ✓ src/renderer/domains/workflows/tests/catalog-field-contract.test.ts > 'NODE.ai_classify.field.inputList' remains mapped by the current panel inventory and document contract 0ms
 ✓ src/renderer/domains/workflows/tests/catalog-field-contract.test.ts > 'NODE.ai_classify.field.inputText' remains mapped by the current panel inventory and document contract 0ms
 ✓ src/renderer/domains/workflows/tests/catalog-field-contract.test.ts > 'NODE.ai_classify.field.maxWords' remains mapped by the current panel inventory and document contract 0ms
 ✓ src/renderer/domains/workflows/tests/catalog-field-contract.test.ts > 'NODE.ai_classify.field.normalizeType' remains mapped by the current panel inventory and document contract 0ms
 ✓ src/renderer/domains/workflows/tests/catalog-field-contract.test.ts > 'NODE.ai_classify.field.routes' remains mapped by the current panel inventory and document contract 0ms
 ✓ src/renderer/domains/workflows/tests/catalog-field-contract.test.ts > 'NODE.ai_classify.field.style' remains mapped by the current panel inventory and document contract 0ms
 ✓ src/renderer/domains/workflows/tests/catalog-field-contract.test.ts > 'NODE.ai_classify.field.targetFormat' remains mapped by the current panel inventory and document contract 0ms
 ✓ src/renderer/domains/workflows/tests/catalog-field-contract.test.ts > 'NODE.ai_classify.field.targetLang' remains mapped by the current panel inventory and document contract 0ms
 ✓ src/renderer/domains/workflows/tests/catalog-field-contract.test.ts > 'NODE.ai_classify.field.variableName' remains mapped by the current panel inventory and document contract 0ms
 ✓ src/renderer/domains/workflows/tests/catalog-field-contract.test.ts > 'NODE.ai_summarize.field.categories' remains mapped by the current panel inventory and document contract 0ms
 ✓ src/renderer/domains/workflows/tests/catalog-field-contract.test.ts > 'NODE.ai_summarize.field.fields' remains mapped by the current panel inventory and document contract 0ms
 ✓ src/renderer/domains/workflows/tests/catalog-field-contract.test.ts > 'NODE.ai_summarize.field.inputList' remains mapped by the current panel inventory and document contract 0ms
 ✓ src/renderer/domains/workflows/tests/catalog-field-contract.test.ts > 'NODE.ai_summarize.field.inputText' remains mapped by the current panel inventory and document contract 0ms
 ✓ src/renderer/domains/workflows/tests/catalog-field-contract.test.ts > 'NODE.ai_summarize.field.maxWords' remains mapped by the current panel inventory and document contract 0ms
 ✓ src/renderer/domains/workflows/tests/catalog-field-contract.test.ts > 'NODE.ai_summarize.field.normalizeType' remains mapped by the current panel inventory and document contract 0ms
 ✓ src/renderer/domains/workflows/tests/catalog-field-contract.test.ts > 'NODE.ai_summarize.field.routes' remains mapped by the current panel inventory and document contract 0ms
 ✓ src/renderer/domains/workflows/tests/catalog-field-contract.test.ts > 'NODE.ai_summarize.field.style' remains mapped by the current panel inventory and document contract 0ms
 ✓ src/renderer/domains/workflows/tests/catalog-field-contract.test.ts > 'NODE.ai_summarize.field.targetFormat' remains mapped by the current panel inventory and document contract 0ms
 ✓ src/renderer/domains/workflows/tests/catalog-field-contract.test.ts > 'NODE.ai_summarize.field.targetLang' remains mapped by the current panel inventory and document contract 0ms
 ✓ src/renderer/domains/workflows/tests/catalog-field-contract.test.ts > 'NODE.ai_summarize.field.variableName' remains mapped by the current panel inventory and document contract 0ms
 ✓ src/renderer/domains/workflows/tests/catalog-field-contract.test.ts > 'NODE.ai_translate.field.categories' remains mapped by the current panel inventory and document contract 0ms
 ✓ src/renderer/domains/workflows/tests/catalog-field-contract.test.ts > 'NODE.ai_translate.field.fields' remains mapped by the current panel inventory and document contract 0ms
 ✓ src/renderer/domains/workflows/tests/catalog-field-contract.test.ts > 'NODE.ai_translate.field.inputList' remains mapped by the current panel inventory and document contract 0ms
 ✓ src/renderer/domains/workflows/tests/catalog-field-contract.test.ts > 'NODE.ai_translate.field.inputText' remains mapped by the current panel inventory and document contract 0ms
 ✓ src/renderer/domains/workflows/tests/catalog-field-contract.test.ts > 'NODE.ai_translate.field.maxWords' remains mapped by the current panel inventory and document contract 0ms
 ✓ src/renderer/domains/workflows/tests/catalog-field-contract.test.ts > 'NODE.ai_translate.field.normalizeType' remains mapped by the current panel inventory and document contract 0ms
 ✓ src/renderer/domains/workflows/tests/catalog-field-contract.test.ts > 'NODE.ai_translate.field.routes' remains mapped by the current panel inventory and document contract 0ms
 ✓ src/renderer/domains/workflows/tests/catalog-field-contract.test.ts > 'NODE.ai_translate.field.style' remains mapped by the current panel inventory and document contract 0ms
 ✓ src/renderer/domains/workflows/tests/catalog-field-contract.test.ts > 'NODE.ai_translate.field.targetFormat' remains mapped by the current panel inventory and document contract 0ms
 ✓ src/renderer/domains/workflows/tests/catalog-field-contract.test.ts > 'NODE.ai_translate.field.targetLang' remains mapped by the current panel inventory and document contract 0ms
 ✓ src/renderer/domains/workflows/tests/catalog-field-contract.test.ts > 'NODE.ai_translate.field.variableName' remains mapped by the current panel inventory and document contract 0ms
 ✓ src/renderer/domains/workflows/tests/catalog-field-contract.test.ts > 'NODE.ai_sentiment.field.categories' remains mapped by the current panel inventory and document contract 0ms
 ✓ src/renderer/domains/workflows/tests/catalog-field-contract.test.ts > 'NODE.ai_sentiment.field.fields' remains mapped by the current panel inventory and document contract 0ms
 ✓ src/renderer/domains/workflows/tests/catalog-field-contract.test.ts > 'NODE.ai_sentiment.field.inputList' remains mapped by the current panel inventory and document contract 0ms
 ✓ src/renderer/domains/workflows/tests/catalog-field-contract.test.ts > 'NODE.ai_sentiment.field.inputText' remains mapped by the current panel inventory and document contract 0ms
 ✓ src/renderer/domains/workflows/tests/catalog-field-contract.test.ts > 'NODE.ai_sentiment.field.maxWords' remains mapped by the current panel inventory and document contract 0ms
 ✓ src/renderer/domains/workflows/tests/catalog-field-contract.test.ts > 'NODE.ai_sentiment.field.normalizeType' remains mapped by the current panel inventory and document contract 0ms
 ✓ src/renderer/domains/workflows/tests/catalog-field-contract.test.ts > 'NODE.ai_sentiment.field.routes' remains mapped by the current panel inventory and document contract 0ms
 ✓ src/renderer/domains/workflows/tests/catalog-field-contract.test.ts > 'NODE.ai_sentiment.field.style' remains mapped by the current panel inventory and document contract 0ms
 ✓ src/renderer/domains/workflows/tests/catalog-field-contract.test.ts > 'NODE.ai_sentiment.field.targetFormat' remains mapped by the current panel inventory and document contract 0ms
 ✓ src/renderer/domains/workflows/tests/catalog-field-contract.test.ts > 'NODE.ai_sentiment.field.targetLang' remains mapped by the current panel inventory and document contract 0ms
 ✓ src/renderer/domains/workflows/tests/catalog-field-contract.test.ts > 'NODE.ai_sentiment.field.variableName' remains mapped by the current panel inventory and document contract 0ms
 ✓ src/renderer/domains/workflows/tests/catalog-field-contract.test.ts > 'NODE.ai_normalize.field.categories' remains mapped by the current panel inventory and document contract 0ms
 ✓ src/renderer/domains/workflows/tests/catalog-field-contract.test.ts > 'NODE.ai_normalize.field.fields' remains mapped by the current panel inventory and document contract 0ms
 ✓ src/renderer/domains/workflows/tests/catalog-field-contract.test.ts > 'NODE.ai_normalize.field.inputList' remains mapped by the current panel inventory and document contract 0ms
 ✓ src/renderer/domains/workflows/tests/catalog-field-contract.test.ts > 'NODE.ai_normalize.field.inputText' remains mapped by the current panel inventory and document contract 0ms
 ✓ src/renderer/domains/workflows/tests/catalog-field-contract.test.ts > 'NODE.ai_normalize.field.maxWords' remains mapped by the current panel inventory and document contract 0ms
 ✓ src/renderer/domains/workflows/tests/catalog-field-contract.test.ts > 'NODE.ai_normalize.field.normalizeType' remains mapped by the current panel inventory and document contract 0ms
 ✓ src/renderer/domains/workflows/tests/catalog-field-contract.test.ts > 'NODE.ai_normalize.field.routes' remains mapped by the current panel inventory and document contract 0ms
 ✓ src/renderer/domains/workflows/tests/catalog-field-contract.test.ts > 'NODE.ai_normalize.field.style' remains mapped by the current panel inventory and document contract 0ms
 ✓ src/renderer/domains/workflows/tests/catalog-field-contract.test.ts > 'NODE.ai_normalize.field.targetFormat' remains mapped by the current panel inventory and document contract 0ms
 ✓ src/renderer/domains/workflows/tests/catalog-field-contract.test.ts > 'NODE.ai_normalize.field.targetLang' remains mapped by the current panel inventory and document contract 0ms
 ✓ src/renderer/domains/workflows/tests/catalog-field-contract.test.ts > 'NODE.ai_normalize.field.variableName' remains mapped by the current panel inventory and document contract 0ms
 ✓ src/renderer/domains/workflows/tests/catalog-field-contract.test.ts > 'NODE.ai_dedup_semantic.field.categori…' remains mapped by the current panel inventory and document contract 0ms
 ✓ src/renderer/domains/workflows/tests/catalog-field-contract.test.ts > 'NODE.ai_dedup_semantic.field.fields' remains mapped by the current panel inventory and document contract 0ms
 ✓ src/renderer/domains/workflows/tests/catalog-field-contract.test.ts > 'NODE.ai_dedup_semantic.field.inputList' remains mapped by the current panel inventory and document contract 0ms
 ✓ src/renderer/domains/workflows/tests/catalog-field-contract.test.ts > 'NODE.ai_dedup_semantic.field.inputText' remains mapped by the current panel inventory and document contract 0ms
 ✓ src/renderer/domains/workflows/tests/catalog-field-contract.test.ts > 'NODE.ai_dedup_semantic.field.maxWords' remains mapped by the current panel inventory and document contract 0ms
 ✓ src/renderer/domains/workflows/tests/catalog-field-contract.test.ts > 'NODE.ai_dedup_semantic.field.normaliz…' remains mapped by the current panel inventory and document contract 0ms
 ✓ src/renderer/domains/workflows/tests/catalog-field-contract.test.ts > 'NODE.ai_dedup_semantic.field.routes' remains mapped by the current panel inventory and document contract 0ms
 ✓ src/renderer/domains/workflows/tests/catalog-field-contract.test.ts > 'NODE.ai_dedup_semantic.field.style' remains mapped by the current panel inventory and document contract 0ms
 ✓ src/renderer/domains/workflows/tests/catalog-field-contract.test.ts > 'NODE.ai_dedup_semantic.field.targetFo…' remains mapped by the current panel inventory and document contract 0ms
 ✓ src/renderer/domains/workflows/tests/catalog-field-contract.test.ts > 'NODE.ai_dedup_semantic.field.targetLa…' remains mapped by the current panel inventory and document contract 0ms
 ✓ src/renderer/domains/workflows/tests/catalog-field-contract.test.ts > 'NODE.ai_dedup_semantic.field.variable…' remains mapped by the current panel inventory and document contract 0ms
 ✓ src/renderer/domains/workflows/tests/catalog-field-contract.test.ts > 'NODE.ai_route.field.categories' remains mapped by the current panel inventory and document contract 0ms
 ✓ src/renderer/domains/workflows/tests/catalog-field-contract.test.ts > 'NODE.ai_route.field.fields' remains mapped by the current panel inventory and document contract 0ms
 ✓ src/renderer/domains/workflows/tests/catalog-field-contract.test.ts > 'NODE.ai_route.field.inputList' remains mapped by the current panel inventory and document contract 0ms
 ✓ src/renderer/domains/workflows/tests/catalog-field-contract.test.ts > 'NODE.ai_route.field.inputText' remains mapped by the current panel inventory and document contract 0ms
 ✓ src/renderer/domains/workflows/tests/catalog-field-contract.test.ts > 'NODE.ai_route.field.maxWords' remains mapped by the current panel inventory and document contract 0ms
 ✓ src/renderer/domains/workflows/tests/catalog-field-contract.test.ts > 'NODE.ai_route.field.moduleType' remains mapped by the current panel inventory and document contract 0ms
 ✓ src/renderer/domains/workflows/tests/catalog-field-contract.test.ts > 'NODE.ai_route.field.normalizeType' remains mapped by the current panel inventory and document contract 0ms
 ✓ src/renderer/domains/workflows/tests/catalog-field-contract.test.ts > 'NODE.ai_route.field.routes' remains mapped by the current panel inventory and document contract 0ms
 ✓ src/renderer/domains/workflows/tests/catalog-field-contract.test.ts > 'NODE.ai_route.field.style' remains mapped by the current panel inventory and document contract 0ms
 ✓ src/renderer/domains/workflows/tests/catalog-field-contract.test.ts > 'NODE.ai_route.field.targetFormat' remains mapped by the current panel inventory and document contract 1ms
 ✓ src/renderer/domains/workflows/tests/catalog-field-contract.test.ts > 'NODE.ai_route.field.targetLang' remains mapped by the current panel inventory and document contract 0ms
 ✓ src/renderer/domains/workflows/tests/catalog-field-contract.test.ts > 'NODE.ai_route.field.variableName' remains mapped by the current panel inventory and document contract 0ms
 ✓ src/renderer/domains/workflows/tests/catalog-field-contract.test.ts > 'NODE.ai_generate_image.field.ai' remains mapped by the current panel inventory and document contract 0ms
 ✓ src/renderer/domains/workflows/tests/catalog-field-contract.test.ts > 'NODE.ai_generate_image.field.apiBase' remains mapped by the current panel inventory and document contract 0ms
 ✓ src/renderer/domains/workflows/tests/catalog-field-contract.test.ts > 'NODE.ai_generate_image.field.apiKey' remains mapped by the current panel inventory and document contract 0ms
 ✓ src/renderer/domains/workflows/tests/catalog-field-contract.test.ts > 'NODE.ai_generate_image.field.model' remains mapped by the current panel inventory and document contract 0ms
 ✓ src/renderer/domains/workflows/tests/catalog-field-contract.test.ts > 'NODE.ai_generate_image.field.n' remains mapped by the current panel inventory and document contract 0ms
 ✓ src/renderer/domains/workflows/tests/catalog-field-contract.test.ts > 'NODE.ai_generate_image.field.negative…' remains mapped by the current panel inventory and document contract 0ms
 ✓ src/renderer/domains/workflows/tests/catalog-field-contract.test.ts > 'NODE.ai_generate_image.field.prompt' remains mapped by the current panel inventory and document contract 0ms
 ✓ src/renderer/domains/workflows/tests/catalog-field-contract.test.ts > 'NODE.ai_generate_image.field.provider' remains mapped by the current panel inventory and document contract 0ms
 ✓ src/renderer/domains/workflows/tests/catalog-field-contract.test.ts > 'NODE.ai_generate_image.field.quality' remains mapped by the current panel inventory and document contract 0ms
 ✓ src/renderer/domains/workflows/tests/catalog-field-contract.test.ts > 'NODE.ai_generate_image.field.savePath' remains mapped by the current panel inventory and document contract 0ms
 ✓ src/renderer/domains/workflows/tests/catalog-field-contract.test.ts > 'NODE.ai_generate_image.field.size' remains mapped by the current panel inventory and document contract 0ms
 ✓ src/renderer/domains/workflows/tests/catalog-field-contract.test.ts > 'NODE.ai_generate_image.field.style' remains mapped by the current panel inventory and document contract 0ms
 ✓ src/renderer/domains/workflows/tests/catalog-field-contract.test.ts > 'NODE.ai_generate_image.field.variable…' remains mapped by the current panel inventory and document contract 0ms
 ✓ src/renderer/domains/workflows/tests/catalog-field-contract.test.ts > 'NODE.ai_generate_video.field.ai' remains mapped by the current panel inventory and document contract 0ms
 ✓ src/renderer/domains/workflows/tests/catalog-field-contract.test.ts > 'NODE.ai_generate_video.field.apiBase' remains mapped by the current panel inventory and document contract 0ms
 ✓ src/renderer/domains/workflows/tests/catalog-field-contract.test.ts > 'NODE.ai_generate_video.field.apiKey' remains mapped by the current panel inventory and document contract 0ms
 ✓ src/renderer/domains/workflows/tests/catalog-field-contract.test.ts > 'NODE.ai_generate_video.field.apiUrl' remains mapped by the current panel inventory and document contract 0ms
 ✓ src/renderer/domains/workflows/tests/catalog-field-contract.test.ts > 'NODE.ai_generate_video.field.aspectRa…' remains mapped by the current panel inventory and document contract 0ms
 ✓ src/renderer/domains/workflows/tests/catalog-field-contract.test.ts > 'NODE.ai_generate_video.field.duration' remains mapped by the current panel inventory and document contract 0ms
 ✓ src/renderer/domains/workflows/tests/catalog-field-contract.test.ts > 'NODE.ai_generate_video.field.fps' remains mapped by the current panel inventory and document contract 0ms
 ✓ src/renderer/domains/workflows/tests/catalog-field-contract.test.ts > 'NODE.ai_generate_video.field.prompt' remains mapped by the current panel inventory and document contract 0ms
 ✓ src/renderer/domains/workflows/tests/catalog-field-contract.test.ts > 'NODE.ai_generate_video.field.provider' remains mapped by the current panel inventory and document contract 0ms
 ✓ src/renderer/domains/workflows/tests/catalog-field-contract.test.ts > 'NODE.ai_generate_video.field.savePath' remains mapped by the current panel inventory and document contract 0ms
 ✓ src/renderer/domains/workflows/tests/catalog-field-contract.test.ts > 'NODE.ai_generate_video.field.variable…' remains mapped by the current panel inventory and document contract 0ms
 ✓ src/renderer/domains/workflows/tests/catalog-field-contract.test.ts > 'NODE.ai_smart_scraper.field.apiKey' remains mapped by the current panel inventory and document contract 0ms
 ✓ src/renderer/domains/workflows/tests/catalog-field-contract.test.ts > 'NODE.ai_smart_scraper.field.apiUrl' remains mapped by the current panel inventory and document contract 0ms
 ✓ src/renderer/domains/workflows/tests/catalog-field-contract.test.ts > 'NODE.ai_smart_scraper.field.azureEndp…' remains mapped by the current panel inventory and document contract 0ms
 ✓ src/renderer/domains/workflows/tests/catalog-field-contract.test.ts > 'NODE.ai_smart_scraper.field.headless' remains mapped by the current panel inventory and document contract 0ms
 ✓ src/renderer/domains/workflows/tests/catalog-field-contract.test.ts > 'NODE.ai_smart_scraper.field.llmModel' remains mapped by the current panel inventory and document contract 0ms
 ✓ src/renderer/domains/workflows/tests/catalog-field-contract.test.ts > 'NODE.ai_smart_scraper.field.llmProvid…' remains mapped by the current panel inventory and document contract 0ms
 ✓ src/renderer/domains/workflows/tests/catalog-field-contract.test.ts > 'NODE.ai_smart_scraper.field.prompt' remains mapped by the current panel inventory and document contract 0ms
 ✓ src/renderer/domains/workflows/tests/catalog-field-contract.test.ts > 'NODE.ai_smart_scraper.field.url' remains mapped by the current panel inventory and document contract 0ms
 ✓ src/renderer/domains/workflows/tests/catalog-field-contract.test.ts > 'NODE.ai_smart_scraper.field.variableN…' remains mapped by the current panel inventory and document contract 0ms
 ✓ src/renderer/domains/workflows/tests/catalog-field-contract.test.ts > 'NODE.ai_smart_scraper.field.verbose' remains mapped by the current panel inventory and document contract 0ms
 ✓ src/renderer/domains/workflows/tests/catalog-field-contract.test.ts > 'NODE.ai_smart_scraper.field.waitTime' remains mapped by the current panel inventory and document contract 0ms
 ✓ src/renderer/domains/workflows/tests/catalog-field-contract.test.ts > 'NODE.ai_element_selector.field.apiKey' remains mapped by the current panel inventory and document contract 0ms
 ✓ src/renderer/domains/workflows/tests/catalog-field-contract.test.ts > 'NODE.ai_element_selector.field.apiUrl' remains mapped by the current panel inventory and document contract 0ms
 ✓ src/renderer/domains/workflows/tests/catalog-field-contract.test.ts > 'NODE.ai_element_selector.field.azureE…' remains mapped by the current panel inventory and document contract 0ms
 ✓ src/renderer/domains/workflows/tests/catalog-field-contract.test.ts > 'NODE.ai_element_selector.field.elemen…' remains mapped by the current panel inventory and document contract 0ms
 ✓ src/renderer/domains/workflows/tests/catalog-field-contract.test.ts > 'NODE.ai_element_selector.field.llmMod…' remains mapped by the current panel inventory and document contract 0ms
 ✓ src/renderer/domains/workflows/tests/catalog-field-contract.test.ts > 'NODE.ai_element_selector.field.llmPro…' remains mapped by the current panel inventory and document contract 0ms
 ✓ src/renderer/domains/workflows/tests/catalog-field-contract.test.ts > 'NODE.ai_element_selector.field.url' remains mapped by the current panel inventory and document contract 0ms
 ✓ src/renderer/domains/workflows/tests/catalog-field-contract.test.ts > 'NODE.ai_element_selector.field.variab…' remains mapped by the current panel inventory and document contract 0ms
 ✓ src/renderer/domains/workflows/tests/catalog-field-contract.test.ts > 'NODE.ai_element_selector.field.verbose' remains mapped by the current panel inventory and document contract 0ms
 ✓ src/renderer/domains/workflows/tests/catalog-field-contract.test.ts > 'NODE.ai_element_selector.field.waitTi…' remains mapped by the current panel inventory and document contract 0ms
 ✓ src/renderer/domains/workflows/tests/catalog-field-contract.test.ts > 'NODE.firecrawl_scrape.field.excludeTa…' remains mapped by the current panel inventory and document contract 0ms
 ✓ src/renderer/domains/workflows/tests/catalog-field-contract.test.ts > 'NODE.firecrawl_scrape.field.formats' remains mapped by the current panel inventory and document contract 0ms
 ✓ src/renderer/domains/workflows/tests/catalog-field-contract.test.ts > 'NODE.firecrawl_scrape.field.includeTa…' remains mapped by the current panel inventory and document contract 0ms
 ✓ src/renderer/domains/workflows/tests/catalog-field-contract.test.ts > 'NODE.firecrawl_scrape.field.onlyMainC…' remains mapped by the current panel inventory and document contract 0ms
 ✓ src/renderer/domains/workflows/tests/catalog-field-contract.test.ts > 'NODE.firecrawl_scrape.field.timeout' remains mapped by the current panel inventory and document contract 0ms
 ✓ src/renderer/domains/workflows/tests/catalog-field-contract.test.ts > 'NODE.firecrawl_scrape.field.url' remains mapped by the current panel inventory and document contract 0ms
 ✓ src/renderer/domains/workflows/tests/catalog-field-contract.test.ts > 'NODE.firecrawl_scrape.field.variableN…' remains mapped by the current panel inventory and document contract 0ms
 ✓ src/renderer/domains/workflows/tests/catalog-field-contract.test.ts > 'NODE.firecrawl_scrape.field.waitFor' remains mapped by the current panel inventory and document contract 0ms
 ✓ src/renderer/domains/workflows/tests/catalog-field-contract.test.ts > 'NODE.firecrawl_map.field.ignoreSitemap' remains mapped by the current panel inventory and document contract 0ms
 ✓ src/renderer/domains/workflows/tests/catalog-field-contract.test.ts > 'NODE.firecrawl_map.field.includeSubdo…' remains mapped by the current panel inventory and document contract 0ms
 ✓ src/renderer/domains/workflows/tests/catalog-field-contract.test.ts > 'NODE.firecrawl_map.field.limit' remains mapped by the current panel inventory and document contract 0ms
 ✓ src/renderer/domains/workflows/tests/catalog-field-contract.test.ts > 'NODE.firecrawl_map.field.search' remains mapped by the current panel inventory and document contract 0ms
 ✓ src/renderer/domains/workflows/tests/catalog-field-contract.test.ts > 'NODE.firecrawl_map.field.url' remains mapped by the current panel inventory and document contract 0ms
 ✓ src/renderer/domains/workflows/tests/catalog-field-contract.test.ts > 'NODE.firecrawl_map.field.variableName' remains mapped by the current panel inventory and document contract 0ms
 ✓ src/renderer/domains/workflows/tests/catalog-field-contract.test.ts > 'NODE.firecrawl_crawl.field.allowBackw…' remains mapped by the current panel inventory and document contract 0ms
 ✓ src/renderer/domains/workflows/tests/catalog-field-contract.test.ts > 'NODE.firecrawl_crawl.field.allowExter…' remains mapped by the current panel inventory and document contract 0ms
 ✓ src/renderer/domains/workflows/tests/catalog-field-contract.test.ts > 'NODE.firecrawl_crawl.field.excludePat…' remains mapped by the current panel inventory and document contract 0ms
 ✓ src/renderer/domains/workflows/tests/catalog-field-contract.test.ts > 'NODE.firecrawl_crawl.field.formats' remains mapped by the current panel inventory and document contract 0ms
 ✓ src/renderer/domains/workflows/tests/catalog-field-contract.test.ts > 'NODE.firecrawl_crawl.field.ignoreSite…' remains mapped by the current panel inventory and document contract 0ms
 ✓ src/renderer/domains/workflows/tests/catalog-field-contract.test.ts > 'NODE.firecrawl_crawl.field.includePat…' remains mapped by the current panel inventory and document contract 0ms
 ✓ src/renderer/domains/workflows/tests/catalog-field-contract.test.ts > 'NODE.firecrawl_crawl.field.limit' remains mapped by the current panel inventory and document contract 0ms
 ✓ src/renderer/domains/workflows/tests/catalog-field-contract.test.ts > 'NODE.firecrawl_crawl.field.maxDepth' remains mapped by the current panel inventory and document contract 0ms
 ✓ src/renderer/domains/workflows/tests/catalog-field-contract.test.ts > 'NODE.firecrawl_crawl.field.onlyMainCo…' remains mapped by the current panel inventory and document contract 0ms
 ✓ src/renderer/domains/workflows/tests/catalog-field-contract.test.ts > 'NODE.firecrawl_crawl.field.url' remains mapped by the current panel inventory and document contract 0ms
 ✓ src/renderer/domains/workflows/tests/catalog-field-contract.test.ts > 'NODE.firecrawl_crawl.field.variableNa…' remains mapped by the current panel inventory and document contract 0ms
 ✓ src/renderer/domains/workflows/tests/catalog-field-contract.test.ts > 'NODE.ocr_captcha.field.variableName' remains mapped by the current panel inventory and document contract 0ms
 ✓ src/renderer/domains/workflows/tests/catalog-field-contract.test.ts > 'NODE.slider_captcha.field.targetDista…' remains mapped by the current panel inventory and document contract 0ms
 ✓ src/renderer/domains/workflows/tests/catalog-field-contract.test.ts > 'NODE.face_recognition.field.resultVar…' remains mapped by the current panel inventory and document contract 0ms
 ✓ src/renderer/domains/workflows/tests/catalog-field-contract.test.ts > 'NODE.face_recognition.field.sourceIma…' remains mapped by the current panel inventory and document contract 0ms
 ✓ src/renderer/domains/workflows/tests/catalog-field-contract.test.ts > 'NODE.face_recognition.field.targetIma…' remains mapped by the current panel inventory and document contract 0ms
 ✓ src/renderer/domains/workflows/tests/catalog-field-contract.test.ts > 'NODE.face_recognition.field.tolerance' remains mapped by the current panel inventory and document contract 0ms
 ✓ src/renderer/domains/workflows/tests/catalog-field-contract.test.ts > 'NODE.image_ocr.field.endX' remains mapped by the current panel inventory and document contract 0ms
 ✓ src/renderer/domains/workflows/tests/catalog-field-contract.test.ts > 'NODE.image_ocr.field.endY' remains mapped by the current panel inventory and document contract 0ms
 ✓ src/renderer/domains/workflows/tests/catalog-field-contract.test.ts > 'NODE.image_ocr.field.imagePath' remains mapped by the current panel inventory and document contract 0ms
 ✓ src/renderer/domains/workflows/tests/catalog-field-contract.test.ts > 'NODE.image_ocr.field.ocrMode' remains mapped by the current panel inventory and document contract 0ms
 ✓ src/renderer/domains/workflows/tests/catalog-field-contract.test.ts > 'NODE.image_ocr.field.ocrType' remains mapped by the current panel inventory and document contract 0ms
 ✓ src/renderer/domains/workflows/tests/catalog-field-contract.test.ts > 'NODE.image_ocr.field.resultVariable' remains mapped by the current panel inventory and document contract 0ms
 ✓ src/renderer/domains/workflows/tests/catalog-field-contract.test.ts > 'NODE.image_ocr.field.startX' remains mapped by the current panel inventory and document contract 0ms
 ✓ src/renderer/domains/workflows/tests/catalog-field-contract.test.ts > 'NODE.image_ocr.field.startY' remains mapped by the current panel inventory and document contract 0ms
 ✓ src/renderer/domains/workflows/tests/catalog-field-contract.test.ts > 'NODE.api_request.field.requestBody' remains mapped by the current panel inventory and document contract 0ms
 ✓ src/renderer/domains/workflows/tests/catalog-field-contract.test.ts > 'NODE.api_request.field.requestCookies' remains mapped by the current panel inventory and document contract 0ms
 ✓ src/renderer/domains/workflows/tests/catalog-field-contract.test.ts > 'NODE.api_request.field.requestHeaders' remains mapped by the current panel inventory and document contract 0ms
 ✓ src/renderer/domains/workflows/tests/catalog-field-contract.test.ts > 'NODE.api_request.field.requestMethod' remains mapped by the current panel inventory and document contract 0ms
 ✓ src/renderer/domains/workflows/tests/catalog-field-contract.test.ts > 'NODE.api_request.field.requestTimeout' remains mapped by the current panel inventory and document contract 0ms
 ✓ src/renderer/domains/workflows/tests/catalog-field-contract.test.ts > 'NODE.api_request.field.requestUrl' remains mapped by the current panel inventory and document contract 0ms
 ✓ src/renderer/domains/workflows/tests/catalog-field-contract.test.ts > 'NODE.api_request.field.variableName' remains mapped by the current panel inventory and document contract 0ms
 ✓ src/renderer/domains/workflows/tests/catalog-field-contract.test.ts > 'NODE.webhook_request.field.body' remains mapped by the current panel inventory and document contract 0ms
 ✓ src/renderer/domains/workflows/tests/catalog-field-contract.test.ts > 'NODE.webhook_request.field.bodyType' remains mapped by the current panel inventory and document contract 0ms
 ✓ src/renderer/domains/workflows/tests/catalog-field-contract.test.ts > 'NODE.webhook_request.field.cookies' remains mapped by the current panel inventory and document contract 0ms
 ✓ src/renderer/domains/workflows/tests/catalog-field-contract.test.ts > 'NODE.webhook_request.field.cookiesVar…' remains mapped by the current panel inventory and document contract 0ms
 ✓ src/renderer/domains/workflows/tests/catalog-field-contract.test.ts > 'NODE.webhook_request.field.followRedi…' remains mapped by the current panel inventory and document contract 0ms
 ✓ src/renderer/domains/workflows/tests/catalog-field-contract.test.ts > 'NODE.webhook_request.field.headers' remains mapped by the current panel inventory and document contract 0ms
 ✓ src/renderer/domains/workflows/tests/catalog-field-contract.test.ts > 'NODE.webhook_request.field.headersVar…' remains mapped by the current panel inventory and document contract 0ms
 ✓ src/renderer/domains/workflows/tests/catalog-field-contract.test.ts > 'NODE.webhook_request.field.method' remains mapped by the current panel inventory and document contract 0ms
 ✓ src/renderer/domains/workflows/tests/catalog-field-contract.test.ts > 'NODE.webhook_request.field.responseVa…' remains mapped by the current panel inventory and document contract 0ms
 ✓ src/renderer/domains/workflows/tests/catalog-field-contract.test.ts > 'NODE.webhook_request.field.saveCookies' remains mapped by the current panel inventory and document contract 0ms
 ✓ src/renderer/domains/workflows/tests/catalog-field-contract.test.ts > 'NODE.webhook_request.field.saveHeaders' remains mapped by the current panel inventory and document contract 0ms
 ✓ src/renderer/domains/workflows/tests/catalog-field-contract.test.ts > 'NODE.webhook_request.field.saveRespon…' remains mapped by the current panel inventory and document contract 0ms
 ✓ src/renderer/domains/workflows/tests/catalog-field-contract.test.ts > 'NODE.webhook_request.field.saveStatus' remains mapped by the current panel inventory and document contract 0ms
 ✓ src/renderer/domains/workflows/tests/catalog-field-contract.test.ts > 'NODE.webhook_request.field.statusVari…' remains mapped by the current panel inventory and document contract 0ms
 ✓ src/renderer/domains/workflows/tests/catalog-field-contract.test.ts > 'NODE.webhook_request.field.timeout' remains mapped by the current panel inventory and document contract 0ms
 ✓ src/renderer/domains/workflows/tests/catalog-field-contract.test.ts > 'NODE.webhook_request.field.url' remains mapped by the current panel inventory and document contract 0ms
 ✓ src/renderer/domains/workflows/tests/catalog-field-contract.test.ts > 'NODE.webhook_request.field.verifySSL' remains mapped by the current panel inventory and document contract 0ms
 ✓ src/renderer/domains/workflows/tests/catalog-field-contract.test.ts > 'NODE.send_email.field.authCode' remains mapped by the current panel inventory and document contract 0ms
 ✓ src/renderer/domains/workflows/tests/catalog-field-contract.test.ts > 'NODE.send_email.field.emailContent' remains mapped by the current panel inventory and document contract 0ms
 ✓ src/renderer/domains/workflows/tests/catalog-field-contract.test.ts > 'NODE.send_email.field.emailSubject' remains mapped by the current panel inventory and document contract 0ms
 ✓ src/renderer/domains/workflows/tests/catalog-field-contract.test.ts > 'NODE.send_email.field.recipientEmail' remains mapped by the current panel inventory and document contract 0ms
 ✓ src/renderer/domains/workflows/tests/catalog-field-contract.test.ts > 'NODE.send_email.field.senderEmail' remains mapped by the current panel inventory and document contract 0ms
 ✓ src/renderer/domains/workflows/tests/catalog-field-contract.test.ts > 'NODE.notify_discord.field.message' remains mapped by the current panel inventory and document contract 0ms
 ✓ src/renderer/domains/workflows/tests/catalog-field-contract.test.ts > 'NODE.notify_discord.field.webhookUrl' remains mapped by the current panel inventory and document contract 0ms
 ✓ src/renderer/domains/workflows/tests/catalog-field-contract.test.ts > 'NODE.notify_telegram.field.botToken' remains mapped by the current panel inventory and document contract 0ms
 ✓ src/renderer/domains/workflows/tests/catalog-field-contract.test.ts > 'NODE.notify_telegram.field.chatId' remains mapped by the current panel inventory and document contract 0ms
 ✓ src/renderer/domains/workflows/tests/catalog-field-contract.test.ts > 'NODE.notify_telegram.field.message' remains mapped by the current panel inventory and document contract 0ms
 ✓ src/renderer/domains/workflows/tests/catalog-field-contract.test.ts > 'NODE.notify_dingtalk.field.message' remains mapped by the current panel inventory and document contract 0ms
 ✓ src/renderer/domains/workflows/tests/catalog-field-contract.test.ts > 'NODE.notify_dingtalk.field.secret' remains mapped by the current panel inventory and document contract 0ms
 ✓ src/renderer/domains/workflows/tests/catalog-field-contract.test.ts > 'NODE.notify_dingtalk.field.webhookUrl' remains mapped by the current panel inventory and document contract 0ms
 ✓ src/renderer/domains/workflows/tests/catalog-field-contract.test.ts > 'NODE.notify_wecom.field.message' remains mapped by the current panel inventory and document contract 0ms
 ✓ src/renderer/domains/workflows/tests/catalog-field-contract.test.ts > 'NODE.notify_wecom.field.webhookUrl' remains mapped by the current panel inventory and document contract 0ms
 ✓ src/renderer/domains/workflows/tests/catalog-field-contract.test.ts > 'NODE.notify_bark.field.deviceKey' remains mapped by the current panel inventory and document contract 0ms
 ✓ src/renderer/domains/workflows/tests/catalog-field-contract.test.ts > 'NODE.notify_bark.field.message' remains mapped by the current panel inventory and document contract 0ms
 ✓ src/renderer/domains/workflows/tests/catalog-field-contract.test.ts > 'NODE.notify_bark.field.title' remains mapped by the current panel inventory and document contract 0ms
 ✓ src/renderer/domains/workflows/tests/catalog-field-contract.test.ts > 'NODE.notify_slack.field.message' remains mapped by the current panel inventory and document contract 0ms
 ✓ src/renderer/domains/workflows/tests/catalog-field-contract.test.ts > 'NODE.notify_slack.field.webhookUrl' remains mapped by the current panel inventory and document contract 0ms
 ✓ src/renderer/domains/workflows/tests/catalog-field-contract.test.ts > 'NODE.notify_msteams.field.message' remains mapped by the current panel inventory and document contract 0ms
 ✓ src/renderer/domains/workflows/tests/catalog-field-contract.test.ts > 'NODE.notify_msteams.field.webhookUrl' remains mapped by the current panel inventory and document contract 0ms
 ✓ src/renderer/domains/workflows/tests/catalog-field-contract.test.ts > 'NODE.notify_pushover.field.apiToken' remains mapped by the current panel inventory and document contract 0ms
 ✓ src/renderer/domains/workflows/tests/catalog-field-contract.test.ts > 'NODE.notify_pushover.field.message' remains mapped by the current panel inventory and document contract 0ms
 ✓ src/renderer/domains/workflows/tests/catalog-field-contract.test.ts > 'NODE.notify_pushover.field.userKey' remains mapped by the current panel inventory and document contract 0ms
 ✓ src/renderer/domains/workflows/tests/catalog-field-contract.test.ts > 'NODE.notify_pushbullet.field.accessTo…' remains mapped by the current panel inventory and document contract 0ms
 ✓ src/renderer/domains/workflows/tests/catalog-field-contract.test.ts > 'NODE.notify_pushbullet.field.message' remains mapped by the current panel inventory and document contract 0ms
 ✓ src/renderer/domains/workflows/tests/catalog-field-contract.test.ts > 'NODE.notify_gotify.field.appToken' remains mapped by the current panel inventory and document contract 0ms
 ✓ src/renderer/domains/workflows/tests/catalog-field-contract.test.ts > 'NODE.notify_gotify.field.message' remains mapped by the current panel inventory and document contract 0ms
 ✓ src/renderer/domains/workflows/tests/catalog-field-contract.test.ts > 'NODE.notify_gotify.field.serverUrl' remains mapped by the current panel inventory and document contract 0ms
 ✓ src/renderer/domains/workflows/tests/catalog-field-contract.test.ts > 'NODE.notify_serverchan.field.message' remains mapped by the current panel inventory and document contract 0ms
 ✓ src/renderer/domains/workflows/tests/catalog-field-contract.test.ts > 'NODE.notify_serverchan.field.sendKey' remains mapped by the current panel inventory and document contract 0ms
 ✓ src/renderer/domains/workflows/tests/catalog-field-contract.test.ts > 'NODE.notify_serverchan.field.title' remains mapped by the current panel inventory and document contract 0ms
 ✓ src/renderer/domains/workflows/tests/catalog-field-contract.test.ts > 'NODE.notify_pushplus.field.message' remains mapped by the current panel inventory and document contract 0ms
 ✓ src/renderer/domains/workflows/tests/catalog-field-contract.test.ts > 'NODE.notify_pushplus.field.title' remains mapped by the current panel inventory and document contract 0ms
 ✓ src/renderer/domains/workflows/tests/catalog-field-contract.test.ts > 'NODE.notify_pushplus.field.token' remains mapped by the current panel inventory and document contract 1ms
 ✓ src/renderer/domains/workflows/tests/catalog-field-contract.test.ts > 'NODE.notify_webhook.field.message' remains mapped by the current panel inventory and document contract 0ms
 ✓ src/renderer/domains/workflows/tests/catalog-field-contract.test.ts > 'NODE.notify_webhook.field.webhookUrl' remains mapped by the current panel inventory and document contract 0ms
 ✓ src/renderer/domains/workflows/tests/catalog-field-contract.test.ts > 'NODE.notify_ntfy.field.message' remains mapped by the current panel inventory and document contract 0ms
 ✓ src/renderer/domains/workflows/tests/catalog-field-contract.test.ts > 'NODE.notify_ntfy.field.serverUrl' remains mapped by the current panel inventory and document contract 0ms
 ✓ src/renderer/domains/workflows/tests/catalog-field-contract.test.ts > 'NODE.notify_ntfy.field.topic' remains mapped by the current panel inventory and document contract 0ms
 ✓ src/renderer/domains/workflows/tests/catalog-field-contract.test.ts > 'NODE.notify_matrix.field.accessToken' remains mapped by the current panel inventory and document contract 0ms
 ✓ src/renderer/domains/workflows/tests/catalog-field-contract.test.ts > 'NODE.notify_matrix.field.homeserver' remains mapped by the current panel inventory and document contract 0ms
 ✓ src/renderer/domains/workflows/tests/catalog-field-contract.test.ts > 'NODE.notify_matrix.field.message' remains mapped by the current panel inventory and document contract 0ms
 ✓ src/renderer/domains/workflows/tests/catalog-field-contract.test.ts > 'NODE.notify_matrix.field.roomId' remains mapped by the current panel inventory and document contract 0ms
 ✓ src/renderer/domains/workflows/tests/catalog-field-contract.test.ts > 'NODE.notify_rocketchat.field.message' remains mapped by the current panel inventory and document contract 0ms
 ✓ src/renderer/domains/workflows/tests/catalog-field-contract.test.ts > 'NODE.notify_rocketchat.field.webhookU…' remains mapped by the current panel inventory and document contract 0ms
 ✓ src/renderer/domains/workflows/tests/catalog-field-contract.test.ts > 'NODE.ssh_connect.field.connectionName' remains mapped by the current panel inventory and document contract 0ms
 ✓ src/renderer/domains/workflows/tests/catalog-field-contract.test.ts > 'NODE.ssh_connect.field.host' remains mapped by the current panel inventory and document contract 0ms
 ✓ src/renderer/domains/workflows/tests/catalog-field-contract.test.ts > 'NODE.ssh_connect.field.keyFile' remains mapped by the current panel inventory and document contract 0ms
 ✓ src/renderer/domains/workflows/tests/catalog-field-contract.test.ts > 'NODE.ssh_connect.field.password' remains mapped by the current panel inventory and document contract 0ms
 ✓ src/renderer/domains/workflows/tests/catalog-field-contract.test.ts > 'NODE.ssh_connect.field.port' remains mapped by the current panel inventory and document contract 0ms
 ✓ src/renderer/domains/workflows/tests/catalog-field-contract.test.ts > 'NODE.ssh_connect.field.ssh' remains mapped by the current panel inventory and document contract 0ms
 ✓ src/renderer/domains/workflows/tests/catalog-field-contract.test.ts > 'NODE.ssh_connect.field.timeout' remains mapped by the current panel inventory and document contract 0ms
 ✓ src/renderer/domains/workflows/tests/catalog-field-contract.test.ts > 'NODE.ssh_connect.field.username' remains mapped by the current panel inventory and document contract 0ms
 ✓ src/renderer/domains/workflows/tests/catalog-field-contract.test.ts > 'NODE.ssh_execute_command.field.command' remains mapped by the current panel inventory and document contract 0ms
 ✓ src/renderer/domains/workflows/tests/catalog-field-contract.test.ts > 'NODE.ssh_execute_command.field.connec…' remains mapped by the current panel inventory and document contract 0ms
 ✓ src/renderer/domains/workflows/tests/catalog-field-contract.test.ts > 'NODE.ssh_execute_command.field.errorV…' remains mapped by the current panel inventory and document contract 0ms
 ✓ src/renderer/domains/workflows/tests/catalog-field-contract.test.ts > 'NODE.ssh_execute_command.field.exitCo…' remains mapped by the current panel inventory and document contract 0ms
 ✓ src/renderer/domains/workflows/tests/catalog-field-contract.test.ts > 'NODE.ssh_execute_command.field.output…' remains mapped by the current panel inventory and document contract 0ms
 ✓ src/renderer/domains/workflows/tests/catalog-field-contract.test.ts > 'NODE.ssh_execute_command.field.timeout' remains mapped by the current panel inventory and document contract 0ms
 ✓ src/renderer/domains/workflows/tests/catalog-field-contract.test.ts > 'NODE.ssh_upload_file.field.connection…' remains mapped by the current panel inventory and document contract 0ms
 ✓ src/renderer/domains/workflows/tests/catalog-field-contract.test.ts > 'NODE.ssh_upload_file.field.localPath' remains mapped by the current panel inventory and document contract 0ms
 ✓ src/renderer/domains/workflows/tests/catalog-field-contract.test.ts > 'NODE.ssh_upload_file.field.remotePath' remains mapped by the current panel inventory and document contract 0ms
 ✓ src/renderer/domains/workflows/tests/catalog-field-contract.test.ts > 'NODE.ssh_download_file.field.connecti…' remains mapped by the current panel inventory and document contract 0ms
 ✓ src/renderer/domains/workflows/tests/catalog-field-contract.test.ts > 'NODE.ssh_download_file.field.localPath' remains mapped by the current panel inventory and document contract 0ms
 ✓ src/renderer/domains/workflows/tests/catalog-field-contract.test.ts > 'NODE.ssh_download_file.field.remotePa…' remains mapped by the current panel inventory and document contract 0ms
 ✓ src/renderer/domains/workflows/tests/catalog-field-contract.test.ts > 'NODE.ssh_disconnect.field.connectionN…' remains mapped by the current panel inventory and document contract 0ms
 ✓ src/renderer/domains/workflows/tests/catalog-field-contract.test.ts > 'NODE.share_folder.field.allowWrite' remains mapped by the current panel inventory and document contract 0ms
 ✓ src/renderer/domains/workflows/tests/catalog-field-contract.test.ts > 'NODE.share_folder.field.folderPath' remains mapped by the current panel inventory and document contract 0ms
 ✓ src/renderer/domains/workflows/tests/catalog-field-contract.test.ts > 'NODE.share_folder.field.port' remains mapped by the current panel inventory and document contract 0ms
 ✓ src/renderer/domains/workflows/tests/catalog-field-contract.test.ts > 'NODE.share_folder.field.resultVariable' remains mapped by the current panel inventory and document contract 0ms
 ✓ src/renderer/domains/workflows/tests/catalog-field-contract.test.ts > 'NODE.share_folder.field.shareName' remains mapped by the current panel inventory and document contract 0ms
 ✓ src/renderer/domains/workflows/tests/catalog-field-contract.test.ts > 'NODE.share_file.field.filePath' remains mapped by the current panel inventory and document contract 0ms
 ✓ src/renderer/domains/workflows/tests/catalog-field-contract.test.ts > 'NODE.share_file.field.port' remains mapped by the current panel inventory and document contract 0ms
 ✓ src/renderer/domains/workflows/tests/catalog-field-contract.test.ts > 'NODE.share_file.field.resultVariable' remains mapped by the current panel inventory and document contract 0ms
 ✓ src/renderer/domains/workflows/tests/catalog-field-contract.test.ts > 'NODE.stop_share.field.port' remains mapped by the current panel inventory and document contract 0ms
 ✓ src/renderer/domains/workflows/tests/catalog-field-contract.test.ts > 'NODE.start_screen_share.field.fps' remains mapped by the current panel inventory and document contract 0ms
 ✓ src/renderer/domains/workflows/tests/catalog-field-contract.test.ts > 'NODE.start_screen_share.field.port' remains mapped by the current panel inventory and document contract 0ms
 ✓ src/renderer/domains/workflows/tests/catalog-field-contract.test.ts > 'NODE.start_screen_share.field.quality' remains mapped by the current panel inventory and document contract 1ms
 ✓ src/renderer/domains/workflows/tests/catalog-field-contract.test.ts > 'NODE.start_screen_share.field.resultV…' remains mapped by the current panel inventory and document contract 0ms
 ✓ src/renderer/domains/workflows/tests/catalog-field-contract.test.ts > 'NODE.start_screen_share.field.scale' remains mapped by the current panel inventory and document contract 0ms
 ✓ src/renderer/domains/workflows/tests/catalog-field-contract.test.ts > 'NODE.stop_screen_share.field.port' remains mapped by the current panel inventory and document contract 0ms
 ✓ src/renderer/domains/workflows/tests/catalog-field-contract.test.ts > 'NODE.md5_encrypt.field.encoding' remains mapped by the current panel inventory and document contract 0ms
 ✓ src/renderer/domains/workflows/tests/catalog-field-contract.test.ts > 'NODE.md5_encrypt.field.inputText' remains mapped by the current panel inventory and document contract 0ms
 ✓ src/renderer/domains/workflows/tests/catalog-field-contract.test.ts > 'NODE.md5_encrypt.field.outputFormat' remains mapped by the current panel inventory and document contract 0ms
 ✓ src/renderer/domains/workflows/tests/catalog-field-contract.test.ts > 'NODE.md5_encrypt.field.resultVariable' remains mapped by the current panel inventory and document contract 0ms
 ✓ src/renderer/domains/workflows/tests/catalog-field-contract.test.ts > 'NODE.sha_encrypt.field.encoding' remains mapped by the current panel inventory and document contract 0ms
 ✓ src/renderer/domains/workflows/tests/catalog-field-contract.test.ts > 'NODE.sha_encrypt.field.inputText' remains mapped by the current panel inventory and document contract 0ms
 ✓ src/renderer/domains/workflows/tests/catalog-field-contract.test.ts > 'NODE.sha_encrypt.field.outputFormat' remains mapped by the current panel inventory and document contract 0ms
 ✓ src/renderer/domains/workflows/tests/catalog-field-contract.test.ts > 'NODE.sha_encrypt.field.resultVariable' remains mapped by the current panel inventory and document contract 0ms
 ✓ src/renderer/domains/workflows/tests/catalog-field-contract.test.ts > 'NODE.sha_encrypt.field.shaType' remains mapped by the current panel inventory and document contract 0ms
 ✓ src/renderer/domains/workflows/tests/catalog-field-contract.test.ts > 'NODE.url_encode_decode.field.encoding' remains mapped by the current panel inventory and document contract 0ms
 ✓ src/renderer/domains/workflows/tests/catalog-field-contract.test.ts > 'NODE.url_encode_decode.field.inputText' remains mapped by the current panel inventory and document contract 0ms
 ✓ src/renderer/domains/workflows/tests/catalog-field-contract.test.ts > 'NODE.url_encode_decode.field.operation' remains mapped by the current panel inventory and document contract 0ms
 ✓ src/renderer/domains/workflows/tests/catalog-field-contract.test.ts > 'NODE.url_encode_decode.field.resultVa…' remains mapped by the current panel inventory and document contract 0ms
 ✓ src/renderer/domains/workflows/tests/catalog-field-contract.test.ts > 'NODE.random_password_generator.field.…' remains mapped by the current panel inventory and document contract 0ms
 ✓ src/renderer/domains/workflows/tests/catalog-field-contract.test.ts > 'NODE.random_password_generator.field.…' remains mapped by the current panel inventory and document contract 0ms
 ✓ src/renderer/domains/workflows/tests/catalog-field-contract.test.ts > 'NODE.random_password_generator.field.…' remains mapped by the current panel inventory and document contract 0ms
 ✓ src/renderer/domains/workflows/tests/catalog-field-contract.test.ts > 'NODE.random_password_generator.field.…' remains mapped by the current panel inventory and document contract 0ms
 ✓ src/renderer/domains/workflows/tests/catalog-field-contract.test.ts > 'NODE.random_password_generator.field.…' remains mapped by the current panel inventory and document contract 0ms
 ✓ src/renderer/domains/workflows/tests/catalog-field-contract.test.ts > 'NODE.random_password_generator.field.…' remains mapped by the current panel inventory and document contract 0ms
 ✓ src/renderer/domains/workflows/tests/catalog-field-contract.test.ts > 'NODE.random_password_generator.field.…' remains mapped by the current panel inventory and document contract 0ms
 ✓ src/renderer/domains/workflows/tests/catalog-field-contract.test.ts > 'NODE.uuid_generator.field.name' remains mapped by the current panel inventory and document contract 0ms
 ✓ src/renderer/domains/workflows/tests/catalog-field-contract.test.ts > 'NODE.uuid_generator.field.namespace' remains mapped by the current panel inventory and document contract 0ms
 ✓ src/renderer/domains/workflows/tests/catalog-field-contract.test.ts > 'NODE.uuid_generator.field.removeHyphe…' remains mapped by the current panel inventory and document contract 0ms
 ✓ src/renderer/domains/workflows/tests/catalog-field-contract.test.ts > 'NODE.uuid_generator.field.resultVaria…' remains mapped by the current panel inventory and document contract 0ms
 ✓ src/renderer/domains/workflows/tests/catalog-field-contract.test.ts > 'NODE.uuid_generator.field.uppercase' remains mapped by the current panel inventory and document contract 0ms
 ✓ src/renderer/domains/workflows/tests/catalog-field-contract.test.ts > 'NODE.uuid_generator.field.uuidVersion' remains mapped by the current panel inventory and document contract 0ms
 ✓ src/renderer/domains/workflows/tests/catalog-field-contract.test.ts > 'NODE.rgb_to_hsv.field.b' remains mapped by the current panel inventory and document contract 0ms
 ✓ src/renderer/domains/workflows/tests/catalog-field-contract.test.ts > 'NODE.rgb_to_hsv.field.g' remains mapped by the current panel inventory and document contract 0ms
 ✓ src/renderer/domains/workflows/tests/catalog-field-contract.test.ts > 'NODE.rgb_to_hsv.field.r' remains mapped by the current panel inventory and document contract 0ms
 ✓ src/renderer/domains/workflows/tests/catalog-field-contract.test.ts > 'NODE.rgb_to_hsv.field.resultVariable' remains mapped by the current panel inventory and document contract 0ms
 ✓ src/renderer/domains/workflows/tests/catalog-field-contract.test.ts > 'NODE.rgb_to_cmyk.field.b' remains mapped by the current panel inventory and document contract 0ms
 ✓ src/renderer/domains/workflows/tests/catalog-field-contract.test.ts > 'NODE.rgb_to_cmyk.field.g' remains mapped by the current panel inventory and document contract 0ms
 ✓ src/renderer/domains/workflows/tests/catalog-field-contract.test.ts > 'NODE.rgb_to_cmyk.field.r' remains mapped by the current panel inventory and document contract 0ms
 ✓ src/renderer/domains/workflows/tests/catalog-field-contract.test.ts > 'NODE.rgb_to_cmyk.field.resultVariable' remains mapped by the current panel inventory and document contract 0ms
 ✓ src/renderer/domains/workflows/tests/catalog-field-contract.test.ts > 'NODE.hex_to_cmyk.field.hexColor' remains mapped by the current panel inventory and document contract 0ms
 ✓ src/renderer/domains/workflows/tests/catalog-field-contract.test.ts > 'NODE.hex_to_cmyk.field.resultVariable' remains mapped by the current panel inventory and document contract 0ms
 ✓ src/renderer/domains/workflows/tests/catalog-field-contract.test.ts > 'NODE.timestamp_converter.field.dateti…' remains mapped by the current panel inventory and document contract 0ms
 ✓ src/renderer/domains/workflows/tests/catalog-field-contract.test.ts > 'NODE.timestamp_converter.field.inputV…' remains mapped by the current panel inventory and document contract 0ms
 ✓ src/renderer/domains/workflows/tests/catalog-field-contract.test.ts > 'NODE.timestamp_converter.field.operat…' remains mapped by the current panel inventory and document contract 0ms
 ✓ src/renderer/domains/workflows/tests/catalog-field-contract.test.ts > 'NODE.timestamp_converter.field.result…' remains mapped by the current panel inventory and document contract 0ms
 ✓ src/renderer/domains/workflows/tests/catalog-field-contract.test.ts > 'NODE.timestamp_converter.field.timest…' remains mapped by the current panel inventory and document contract 0ms
 ✓ src/renderer/domains/workflows/tests/catalog-field-contract.test.ts > 'NODE.print_log.field.logLevel' remains mapped by the current panel inventory and document contract 0ms
 ✓ src/renderer/domains/workflows/tests/catalog-field-contract.test.ts > 'NODE.print_log.field.logMessage' remains mapped by the current panel inventory and document contract 0ms
 ✓ src/renderer/domains/workflows/tests/catalog-field-contract.test.ts > 'NODE.export_log.field.includeDuration' remains mapped by the current panel inventory and document contract 0ms
 ✓ src/renderer/domains/workflows/tests/catalog-field-contract.test.ts > 'NODE.export_log.field.includeLevel' remains mapped by the current panel inventory and document contract 0ms
 ✓ src/renderer/domains/workflows/tests/catalog-field-contract.test.ts > 'NODE.export_log.field.includeTimestamp' remains mapped by the current panel inventory and document contract 0ms
 ✓ src/renderer/domains/workflows/tests/catalog-field-contract.test.ts > 'NODE.export_log.field.logFormat' remains mapped by the current panel inventory and document contract 0ms
 ✓ src/renderer/domains/workflows/tests/catalog-field-contract.test.ts > 'NODE.export_log.field.outputPath' remains mapped by the current panel inventory and document contract 0ms
 ✓ src/renderer/domains/workflows/tests/catalog-field-contract.test.ts > 'NODE.export_log.field.resultVariable' remains mapped by the current panel inventory and document contract 0ms
 ✓ src/renderer/domains/workflows/tests/catalog-field-contract.test.ts > 'NODE.play_sound.field.beepCount' remains mapped by the current panel inventory and document contract 0ms
 ✓ src/renderer/domains/workflows/tests/catalog-field-contract.test.ts > 'NODE.play_sound.field.beepInterval' remains mapped by the current panel inventory and document contract 0ms
 ✓ src/renderer/domains/workflows/tests/catalog-field-contract.test.ts > 'NODE.system_notification.field.durati…' remains mapped by the current panel inventory and document contract 0ms
 ✓ src/renderer/domains/workflows/tests/catalog-field-contract.test.ts > 'NODE.system_notification.field.notify…' remains mapped by the current panel inventory and document contract 0ms
 ✓ src/renderer/domains/workflows/tests/catalog-field-contract.test.ts > 'NODE.system_notification.field.notify…' remains mapped by the current panel inventory and document contract 0ms
 ✓ src/renderer/domains/workflows/tests/catalog-field-contract.test.ts > 'NODE.system_notification.field.playSo…' remains mapped by the current panel inventory and document contract 0ms
 ✓ src/renderer/domains/workflows/tests/catalog-field-contract.test.ts > 'NODE.text_to_speech.field.lang' remains mapped by the current panel inventory and document contract 0ms
 ✓ src/renderer/domains/workflows/tests/catalog-field-contract.test.ts > 'NODE.text_to_speech.field.pitch' remains mapped by the current panel inventory and document contract 0ms
 ✓ src/renderer/domains/workflows/tests/catalog-field-contract.test.ts > 'NODE.text_to_speech.field.rate' remains mapped by the current panel inventory and document contract 0ms
 ✓ src/renderer/domains/workflows/tests/catalog-field-contract.test.ts > 'NODE.text_to_speech.field.text' remains mapped by the current panel inventory and document contract 0ms
 ✓ src/renderer/domains/workflows/tests/catalog-field-contract.test.ts > 'NODE.js_script.field.code' remains mapped by the current panel inventory and document contract 0ms
 ✓ src/renderer/domains/workflows/tests/catalog-field-contract.test.ts > 'NODE.js_script.field.resultVariable' remains mapped by the current panel inventory and document contract 0ms
 ✓ src/renderer/domains/workflows/tests/catalog-field-contract.test.ts > 'NODE.python_script.field.pythonPath' remains mapped by the current panel inventory and document contract 0ms
 ✓ src/renderer/domains/workflows/tests/catalog-field-contract.test.ts > 'NODE.python_script.field.resultVariab…' remains mapped by the current panel inventory and document contract 0ms
 ✓ src/renderer/domains/workflows/tests/catalog-field-contract.test.ts > 'NODE.python_script.field.returnCodeVa…' remains mapped by the current panel inventory and document contract 0ms
 ✓ src/renderer/domains/workflows/tests/catalog-field-contract.test.ts > 'NODE.python_script.field.scriptContent' remains mapped by the current panel inventory and document contract 0ms
 ✓ src/renderer/domains/workflows/tests/catalog-field-contract.test.ts > 'NODE.python_script.field.scriptMode' remains mapped by the current panel inventory and document contract 0ms
 ✓ src/renderer/domains/workflows/tests/catalog-field-contract.test.ts > 'NODE.python_script.field.scriptPath' remains mapped by the current panel inventory and document contract 0ms
 ✓ src/renderer/domains/workflows/tests/catalog-field-contract.test.ts > 'NODE.python_script.field.stderrVariab…' remains mapped by the current panel inventory and document contract 0ms
 ✓ src/renderer/domains/workflows/tests/catalog-field-contract.test.ts > 'NODE.python_script.field.stdoutVariab…' remains mapped by the current panel inventory and document contract 0ms
 ✓ src/renderer/domains/workflows/tests/catalog-field-contract.test.ts > 'NODE.python_script.field.timeout' remains mapped by the current panel inventory and document contract 0ms
 ✓ src/renderer/domains/workflows/tests/catalog-field-contract.test.ts > 'NODE.python_script.field.useBuiltinPy…' remains mapped by the current panel inventory and document contract 0ms
 ✓ src/renderer/domains/workflows/tests/catalog-field-contract.test.ts > 'NODE.python_script.field.workingDir' remains mapped by the current panel inventory and document contract 0ms
 ✓ src/renderer/domains/workflows/tests/catalog-field-contract.test.ts > 'NODE.printer_call.field.colorMode' remains mapped by the current panel inventory and document contract 0ms
 ✓ src/renderer/domains/workflows/tests/catalog-field-contract.test.ts > 'NODE.printer_call.field.copies' remains mapped by the current panel inventory and document contract 0ms
 ✓ src/renderer/domains/workflows/tests/catalog-field-contract.test.ts > 'NODE.printer_call.field.duplex' remains mapped by the current panel inventory and document contract 0ms
 ✓ src/renderer/domains/workflows/tests/catalog-field-contract.test.ts > 'NODE.printer_call.field.filePath' remains mapped by the current panel inventory and document contract 0ms
 ✓ src/renderer/domains/workflows/tests/catalog-field-contract.test.ts > 'NODE.printer_call.field.orientation' remains mapped by the current panel inventory and document contract 0ms
 ✓ src/renderer/domains/workflows/tests/catalog-field-contract.test.ts > 'NODE.printer_call.field.paperSize' remains mapped by the current panel inventory and document contract 0ms
 ✓ src/renderer/domains/workflows/tests/catalog-field-contract.test.ts > 'NODE.printer_call.field.printerName' remains mapped by the current panel inventory and document contract 0ms
 ✓ src/renderer/domains/workflows/tests/catalog-field-contract.test.ts > 'NODE.allure_init.field.clean' remains mapped by the current panel inventory and document contract 0ms
 ✓ src/renderer/domains/workflows/tests/catalog-field-contract.test.ts > 'NODE.allure_init.field.resultsDir' remains mapped by the current panel inventory and document contract 0ms
 ✓ src/renderer/domains/workflows/tests/catalog-field-contract.test.ts > 'NODE.allure_init.field.testSuite' remains mapped by the current panel inventory and document contract 0ms
 ✓ src/renderer/domains/workflows/tests/catalog-field-contract.test.ts > 'NODE.allure_start_test.field.descript…' remains mapped by the current panel inventory and document contract 0ms
 ✓ src/renderer/domains/workflows/tests/catalog-field-contract.test.ts > 'NODE.allure_start_test.field.name' remains mapped by the current panel inventory and document contract 0ms
 ✓ src/renderer/domains/workflows/tests/catalog-field-contract.test.ts > 'NODE.allure_start_test.field.severity' remains mapped by the current panel inventory and document contract 0ms
 ✓ src/renderer/domains/workflows/tests/catalog-field-contract.test.ts > 'NODE.allure_start_test.field.testId' remains mapped by the current panel inventory and document contract 0ms
 ✓ src/renderer/domains/workflows/tests/catalog-field-contract.test.ts > 'NODE.allure_add_step.field.description' remains mapped by the current panel inventory and document contract 0ms
 ✓ src/renderer/domains/workflows/tests/catalog-field-contract.test.ts > 'NODE.allure_add_step.field.name' remains mapped by the current panel inventory and document contract 0ms
 ✓ src/renderer/domains/workflows/tests/catalog-field-contract.test.ts > 'NODE.allure_add_step.field.status' remains mapped by the current panel inventory and document contract 0ms
 ✓ src/renderer/domains/workflows/tests/catalog-field-contract.test.ts > 'NODE.allure_add_attachment.field.atta…' remains mapped by the current panel inventory and document contract 0ms
 ✓ src/renderer/domains/workflows/tests/catalog-field-contract.test.ts > 'NODE.allure_add_attachment.field.file…' remains mapped by the current panel inventory and document contract 0ms
 ✓ src/renderer/domains/workflows/tests/catalog-field-contract.test.ts > 'NODE.allure_add_attachment.field.name' remains mapped by the current panel inventory and document contract 0ms
 ✓ src/renderer/domains/workflows/tests/catalog-field-contract.test.ts > 'NODE.allure_stop_test.field.message' remains mapped by the current panel inventory and document contract 0ms
 ✓ src/renderer/domains/workflows/tests/catalog-field-contract.test.ts > 'NODE.allure_stop_test.field.status' remains mapped by the current panel inventory and document contract 0ms
 ✓ src/renderer/domains/workflows/tests/catalog-field-contract.test.ts > 'NODE.allure_generate_report.field.aut…' remains mapped by the current panel inventory and document contract 0ms
 ✓ src/renderer/domains/workflows/tests/catalog-field-contract.test.ts > 'NODE.allure_generate_report.field.rep…' remains mapped by the current panel inventory and document contract 0ms
 ✓ src/renderer/domains/workflows/tests/catalog-field-contract.test.ts > 'NODE.group.field.color' remains mapped by the current panel inventory and document contract 0ms
 ✓ src/renderer/domains/workflows/tests/catalog-field-contract.test.ts > 'NODE.group.field.isSubflow' remains mapped by the current panel inventory and document contract 0ms
 ✓ src/renderer/domains/workflows/tests/catalog-field-contract.test.ts > 'NODE.group.field.label' remains mapped by the current panel inventory and document contract 0ms
 ✓ src/renderer/domains/workflows/tests/catalog-field-contract.test.ts > 'NODE.group.field.subflowName' remains mapped by the current panel inventory and document contract 0ms
 ✓ src/renderer/domains/workflows/tests/catalog-field-contract.test.ts > 'NODE.note.field.content' remains mapped by the current panel inventory and document contract 0ms
 ✓ src/renderer/domains/workflows/tests/core-web-defaults.test.tsx > NODE.open_page.defaults-and-constraints: shows the frozen navigation defaults and an editable empty URL 179ms
 ✓ src/renderer/domains/workflows/tests/core-web-defaults.test.tsx > NODE.use_opened_page.defaults-and-constraints: defaults to title matching without inventing a page identifier 110ms
 ✓ src/renderer/domains/workflows/tests/core-web-defaults.test.tsx > NODE.click_element.defaults-and-constraints: defaults to a single click, no tab following and no selector 63ms
 ✓ src/renderer/domains/workflows/tests/core-web-defaults.test.tsx > NODE.input_text.defaults-and-constraints: defaults to clearing while preserving valid empty text and selector drafts 45ms
 ✓ src/renderer/domains/workflows/tests/core-web-defaults.test.tsx > NODE.get_element_info.defaults-and-constraints: defaults to text and the stable output variable 46ms
 ✓ src/renderer/domains/workflows/tests/core-web-defaults.test.tsx > NODE.wait_element.defaults-and-constraints: defaults to visible with the shared 60 second display budget 40ms
 ✓ src/renderer/domains/workflows/tests/core-web-defaults.test.tsx > NODE.screenshot.defaults-and-constraints: defaults to full page and keeps the stable result variable 39ms
 ✓ src/renderer/domains/workflows/tests/core-web-defaults.test.tsx > NODE.wait.defaults-and-constraints: defaults to an empty time wait without fabricating a duration 32ms

 Test Files  2 passed (2)
      Tests  879 passed (879)
   Start at  14:01:11
   Duration  2.85s (transform 1.59s, setup 300ms, import 1.99s, tests 796ms, environment 774ms)
