
> @autoflow/desktop@0.1.0 test
> vitest run --maxWorkers=1 src/renderer/domains/workflows/tests/settings-leave-protection.test.tsx


 RUN  v4.1.11 /Users/zhangtiancheng/Documents/projects/autoflow/apps/desktop

(node:5513) ExperimentalWarning: localStorage is not available because --localstorage-file was not provided.
(Use `node --trace-warnings ...` to show where the warning was created)
 ❯ src/renderer/domains/workflows/tests/settings-leave-protection.test.tsx (11 tests | 10 failed) 8568ms
   × 系统: cancel keeps unsaved credential input 1279ms
   × 系统: save confirms before leaving 1137ms
   × 系统: discard leaves without a write 1124ms
   × 完成保存: cancel keeps unsaved credential input 1110ms
   × 完成保存: save confirms before leaving 1114ms
   × 完成保存: discard leaves without a write 1119ms
   × 关闭全局配置: cancel keeps unsaved credential input 170ms
   × 关闭全局配置: save confirms before leaving 152ms
   × 关闭全局配置: discard leaves without a write 151ms
   × failed save prevents leaving and retains the entered value 1110ms

⎯⎯⎯⎯⎯⎯ Failed Tests 10 ⎯⎯⎯⎯⎯⎯⎯

 FAIL  src/renderer/domains/workflows/tests/settings-leave-protection.test.tsx > 系统: cancel keeps unsaved credential input
TestingLibraryElementError: Unable to find role="dialog" and name "保存凭据编辑？"

Ignored nodes: comments, script, style
[36m<body>[39m
  [36m<div />[39m
  [36m<div[39m
    [33mclass[39m=[32m"fixed inset-0 bg-[hsl(217_45%_15%_/_0.55)] backdrop-blur-[3px] flex items-center justify-center p-4 animate-fade-in"[39m
    [33mstyle[39m=[32m"z-index: 2147483646;"[39m
  [36m>[39m
    [36m<div[39m
      [33mclass[39m=[32m"modern-dialog w-full max-w-4xl flex flex-col animate-scale-in-bounce"[39m
      [33mstyle[39m=[32m"max-height: calc(100vh - 32px);"[39m
    [36m>[39m
      [36m<div[39m
        [33mclass[39m=[32m"modern-dialog-header"[39m
      [36m>[39m
        [36m<div[39m
          [33mclass[39m=[32m"modern-dialog-header-icon"[39m
        [36m>[39m
          [36m<svg[39m
            [33maria-hidden[39m=[32m"true"[39m
            [33mclass[39m=[32m"lucide lucide-settings w-5 h-5"[39m
            [33mfill[39m=[32m"none"[39m
            [33mheight[39m=[32m"24"[39m
            [33mstroke[39m=[32m"currentColor"[39m
            [33mstroke-linecap[39m=[32m"round"[39m
            [33mstroke-linejoin[39m=[32m"round"[39m
            [33mstroke-width[39m=[32m"2.2"[39m
            [33mviewBox[39m=[32m"0 0 24 24"[39m
            [33mwidth[39m=[32m"24"[39m
            [33mxmlns[39m=[32m"http://www.w3.org/2000/svg"[39m
          [36m>[39m
            [36m<path[39m
              [33md[39m=[32m"M9.671 4.136a2.34 2.34 0 0 1 4.659 0 2.34 2.34 0 0 0 3.319 1.915 2.34 2.34 0 0 1 2.33 4.033 2.34 2.34 0 0 0 0 3.831 2.34 2.34 0 0 1-2.33 4.033 2.34 2.34 0 0 0-3.319 1.915 2.34 2.34 0 0 1-4.659 0 2.34 2.34 0 0 0-3.32-1.915 2.34 2.34 0 0 1-2.33-4.033 2.34 2.34 0 0 0 0-3.831A2.34 2.34 0 0 1 6.35 6.051a2.34 2.34 0 0 0 3.319-1.915"[39m
            [36m/>[39m
            [36m<circle[39m
              [33mcx[39m=[32m"12"[39m
              [33mcy[39m=[32m"12"[39m
              [33mr[39m=[32m"3"[39m
            [36m/>[39m
          [36m</svg>[39m
        [36m</div>[39m
        [36m<div[39m
          [33mclass[39m=[32m"flex-1"[39m
        [36m>[39m
          [36m<h3[39m
            [33mclass[39m=[32m"modern-dialog-title"[39m
          [36m>[39m
            [0m全局默认配置[0m
          [36m</h3>[39m
          [36m<div[39m
            [33mclass[39m=[32m"modern-dialog-subtitle"[39m
          [36m>[39m
            [0m在这里调整 WebRPA 的工作行为与默认参数[0m
          [36m</div>[39m
        [36m</div>[39m
        [36m<button[39m
          [33mclass[39m=[32m"p-1.5 rounded-[7px] text-[hsl(var(--slate-500))] hover:bg-[hsl(var(--danger-50))] hover:text-[hsl(var(--danger-600))] hover:border-[hsl(var(--danger-500)/0.3)] border border-transparent transition-all duration-150 active:scale-90"[39m
        [36m>[39m
          [36m<svg[39m
            [33maria-hidden[39m=[32m"true"[39m
            [33mclass[39m=[32m"lucide lucide-x w-4 h-4"[39m
            [33mfill[39m=[32m"none"[39m
            [33mheight[39m=[32m"24"[39m
            [33mstroke[39m=[32m"currentColor"[39m
            [33mstroke-linecap[39m=[32m"round"[39m
            [33mstroke-linejoin[39m=[32m"round"[39m
            [33mstroke-width[39m=[32m"2"[39m
            [33mviewBox[39m=[32m"0 0 24 24"[39m
            [33mwidth[39m=[32m"24"[39m
            [33mxmlns[39m=[32m"http://www.w3.org/2000/svg"[39m
          [36m>[39m
            [36m<path[39m
              [33md[39m=[32m"M18 6 6 18"[39m
            [36m/>[39m
            [36m<path[39m
              [33md[39m=[32m"m6 6 12 12"[39m
            [36m/>[39m
          [36m</svg>[39m
        [36m</button>[39m
      [36m</div>[39m
      [36m<div[39m
        [33mclass[39m=[32m"flex flex-1 min-h-0"[39m
      [36m>[39m
        [36m<nav[39m
          [33mclass[39m=[32m"w-44 flex-shrink-0 border-r border-[hsl(var(--border))] bg-[hsl(var(--slate-50)/0.5)] overflow-y-auto p-2 space-y-0.5"[39m
        [36m>[39m
          [36m<button[39m
            [33mclass[39m=[32m"w-full flex items-center gap-2.5 px-2.5 py-2 rounded-[8px] text-[12.5px] font-medium transition-[background-color,color,border-color,box-shadow] duration-150 ease-out border !bg-[hsl(var(--brand-600))] !text-white !border-[hsl(var(--brand-700))] shadow-brand-glow"[39m
          [36m>[39m
            [36m<span[39m
              [33mclass[39m=[32m"inline-flex items-center justify-center w-7 h-7 rounded-[6px] bg-white/25 border border-white/40 shrink-0"[39m
            [36m>[39m
              [36m<svg[39m
                [33maria-hidden[39m=[32m"true"[39m
                [33mclass[39m=[32m"lucide lucide-settings w-3.5 h-3.5 !text-white"[39m
                [33mfill[39m=[32m"none"[39m
                [33mheight[39m=[32m"24"[39m
                [33mstroke[39m=[32m"currentColor"[39m
                [33mstroke-linecap[39m=[32m"round"[39m
                [33mstroke-linejoin[39m=[32m"round"[39m
                [33mstroke-width[39m=[32m"2"[39m
                [33mviewBox[39m=[32m"0 0 24 24"[39m
                [33mwidth[39m=[32m"24"[39m
                [33mxmlns[39m=[32m"http://www.w3.org/2000/svg"[39m
              [36m>[39m
                [36m<path[39m
                  [33md[39m=[32m"M9.671 4.136a2.34 2.34 0 0 1 4.659 0 2.34 2.34 0 0 0 3.319 1.915 2.34 2.34 0 0 1 2.33 4.033 2.34 2.34 0 0 0 0 3.831 2.34 2.34 0 0 1-2.33 4.033 2.34 2.34 0 0 0-3.319 1.915 2.34 2.34 0 0 1-4.659 0 2.34 2.34 0 0 0-3.32-1.915 2.34 2.34 0 0 1-2.33-4.033 2.34 2.34 0 0 0 0-3.831A2.34 2.34 0 0 1 6.35 6.051a2.34 2.34 0 0 0 3.319-1.915"[39m
                [36m/>[39m
                [36m<circle[39m
                  [33mcx[39m=[32m"12"[39m
                  [33mcy[39m=[32m"12"[39m
                  [33mr[39m=[32m"3"[39m
                [36m/>[39m
              [36m</svg>[39m
            [36m</span>[39m
            [36m<span[39m
              [33mclass[39m=[32m"flex-1 text-left !text-white font-semibold"[39m
            [36m>[39m
              [0m系统[0m
            [36m</span>[39m
            [36m<span[39m
              [33mclass[39m=[32m"w-1 h-4 rounded-full bg-white/80 shrink-0"[39m
            [36m/>[39m
          [36m</button>[39m
          [36m<button[39m
            [33mclass[39m=[32m"w-full flex items-center gap-2.5 px-2.5 py-2 rounded-[8px] text-[12.5px] font-medium transition-[background-color,color,border-color,box-shadow] duration-150 ease-out border !bg-transparent !text-[hsl(var(--slate-700))] !border-transparent hover:!bg-[hsl(var(--card))] hover:!text-[hsl(var(--brand-700))] hover:!border-[hsl(var(--border))] hover:shadow-xs"[39m
          [36m>[39m
            [36m<span[39m
              [33mclass[39m=[32m"icon-chip icon-chip-violet !w-7 !h-7"[39m
            [36m>[39m
              [36m<svg[39m
                [33maria-hidden[39m=[32m"true"[39m
                [33mclass[39m=[32m"lucide lucide-brain w-3.5 h-3.5"[39m
                [33mfill[3...

Ignored nodes: comments, script, style
[36m<body>[39m
  [36m<div />[39m
  [36m<div[39m
    [33mclass[39m=[32m"fixed inset-0 bg-[hsl(217_45%_15%_/_0.55)] backdrop-blur-[3px] flex items-center justify-center p-4 animate-fade-in"[39m
    [33mstyle[39m=[32m"z-index: 2147483646;"[39m
  [36m>[39m
    [36m<div[39m
      [33mclass[39m=[32m"modern-dialog w-full max-w-4xl flex flex-col animate-scale-in-bounce"[39m
      [33mstyle[39m=[32m"max-height: calc(100vh - 32px);"[39m
    [36m>[39m
      [36m<div[39m
        [33mclass[39m=[32m"modern-dialog-header"[39m
      [36m>[39m
        [36m<div[39m
          [33mclass[39m=[32m"modern-dialog-header-icon"[39m
        [36m>[39m
          [36m<svg[39m
            [33maria-hidden[39m=[32m"true"[39m
            [33mclass[39m=[32m"lucide lucide-settings w-5 h-5"[39m
            [33mfill[39m=[32m"none"[39m
            [33mheight[39m=[32m"24"[39m
            [33mstroke[39m=[32m"currentColor"[39m
            [33mstroke-linecap[39m=[32m"round"[39m
            [33mstroke-linejoin[39m=[32m"round"[39m
            [33mstroke-width[39m=[32m"2.2"[39m
            [33mviewBox[39m=[32m"0 0 24 24"[39m
            [33mwidth[39m=[32m"24"[39m
            [33mxmlns[39m=[32m"http://www.w3.org/2000/svg"[39m
          [36m>[39m
            [36m<path[39m
              [33md[39m=[32m"M9.671 4.136a2.34 2.34 0 0 1 4.659 0 2.34 2.34 0 0 0 3.319 1.915 2.34 2.34 0 0 1 2.33 4.033 2.34 2.34 0 0 0 0 3.831 2.34 2.34 0 0 1-2.33 4.033 2.34 2.34 0 0 0-3.319 1.915 2.34 2.34 0 0 1-4.659 0 2.34 2.34 0 0 0-3.32-1.915 2.34 2.34 0 0 1-2.33-4.033 2.34 2.34 0 0 0 0-3.831A2.34 2.34 0 0 1 6.35 6.051a2.34 2.34 0 0 0 3.319-1.915"[39m
            [36m/>[39m
            [36m<circle[39m
              [33mcx[39m=[32m"12"[39m
              [33mcy[39m=[32m"12"[39m
              [33mr[39m=[32m"3"[39m
            [36m/>[39m
          [36m</svg>[39m
        [36m</div>[39m
        [36m<div[39m
          [33mclass[39m=[32m"flex-1"[39m
        [36m>[39m
          [36m<h3[39m
            [33mclass[39m=[32m"modern-dialog-title"[39m
          [36m>[39m
            [0m全局默认配置[0m
          [36m</h3>[39m
          [36m<div[39m
            [33mclass[39m=[32m"modern-dialog-subtitle"[39m
          [36m>[39m
            [0m在这里调整 WebRPA 的工作行为与默认参数[0m
          [36m</div>[39m
        [36m</div>[39m
        [36m<button[39m
          [33mclass[39m=[32m"p-1.5 rounded-[7px] text-[hsl(var(--slate-500))] hover:bg-[hsl(var(--danger-50))] hover:text-[hsl(var(--danger-600))] hover:border-[hsl(var(--danger-500)/0.3)] border border-transparent transition-all duration-150 active:scale-90"[39m
        [36m>[39m
          [36m<svg[39m
            [33maria-hidden[39m=[32m"true"[39m
            [33mclass[39m=[32m"lucide lucide-x w-4 h-4"[39m
            [33mfill[39m=[32m"none"[39m
            [33mheight[39m=[32m"24"[39m
            [33mstroke[39m=[32m"currentColor"[39m
            [33mstroke-linecap[39m=[32m"round"[39m
            [33mstroke-linejoin[39m=[32m"round"[39m
            [33mstroke-width[39m=[32m"2"[39m
            [33mviewBox[39m=[32m"0 0 24 24"[39m
            [33mwidth[39m=[32m"24"[39m
            [33mxmlns[39m=[32m"http://www.w3.org/2000/svg"[39m
          [36m>[39m
            [36m<path[39m
              [33md[39m=[32m"M18 6 6 18"[39m
            [36m/>[39m
            [36m<path[39m
              [33md[39m=[32m"m6 6 12 12"[39m
            [36m/>[39m
          [36m</svg>[39m
        [36m</button>[39m
      [36m</div>[39m
      [36m<div[39m
        [33mclass[39m=[32m"flex flex-1 min-h-0"[39m
      [36m>[39m
        [36m<nav[39m
          [33mclass[39m=[32m"w-44 flex-shrink-0 border-r border-[hsl(var(--border))] bg-[hsl(var(--slate-50)/0.5)] overflow-y-auto p-2 space-y-0.5"[39m
        [36m>[39m
          [36m<button[39m
            [33mclass[39m=[32m"w-full flex items-center gap-2.5 px-2.5 py-2 rounded-[8px] text-[12.5px] font-medium transition-[background-color,color,border-color,box-shadow] duration-150 ease-out border !bg-[hsl(var(--brand-600))] !text-white !border-[hsl(var(--brand-700))] shadow-brand-glow"[39m
          [36m>[39m
            [36m<span[39m
              [33mclass[39m=[32m"inline-flex items-center justify-center w-7 h-7 rounded-[6px] bg-white/25 border border-white/40 shrink-0"[39m
            [36m>[39m
              [36m<svg[39m
                [33maria-hidden[39m=[32m"true"[39m
                [33mclass[39m=[32m"lucide lucide-settings w-3.5 h-3.5 !text-white"[39m
                [33mfill[39m=[32m"none"[39m
                [33mheight[39m=[32m"24"[39m
                [33mstroke[39m=[32m"currentColor"[39m
                [33mstroke-linecap[39m=[32m"round"[39m
                [33mstroke-linejoin[39m=[32m"round"[39m
                [33mstroke-width[39m=[32m"2"[39m
                [33mviewBox[39m=[32m"0 0 24 24"[39m
                [33mwidth[39m=[32m"24"[39m
                [33mxmlns[39m=[32m"http://www.w3.org/2000/svg"[39m
              [36m>[39m
                [36m<path[39m
                  [33md[39m=[32m"M9.671 4.136a2.34 2.34 0 0 1 4.659 0 2.34 2.34 0 0 0 3.319 1.915 2.34 2.34 0 0 1 2.33 4.033 2.34 2.34 0 0 0 0 3.831 2.34 2.34 0 0 1-2.33 4.033 2.34 2.34 0 0 0-3.319 1.915 2.34 2.34 0 0 1-4.659 0 2.34 2.34 0 0 0-3.32-1.915 2.34 2.34 0 0 1-2.33-4.033 2.34 2.34 0 0 0 0-3.831A2.34 2.34 0 0 1 6.35 6.051a2.34 2.34 0 0 0 3.319-1.915"[39m
                [36m/>[39m
                [36m<circle[39m
                  [33mcx[39m=[32m"12"[39m
                  [33mcy[39m=[32m"12"[39m
                  [33mr[39m=[32m"3"[39m
                [36m/>[39m
              [36m</svg>[39m
            [36m</span>[39m
            [36m<span[39m
              [33mclass[39m=[32m"flex-1 text-left !text-white font-semibold"[39m
            [36m>[39m
              [0m系统[0m
            [36m</span>[39m
            [36m<span[39m
              [33mclass[39m=[32m"w-1 h-4 rounded-full bg-white/80 shrink-0"[39m
            [36m/>[39m
          [36m</button>[39m
          [36m<button[39m
            [33mclass[39m=[32m"w-full flex items-center gap-2.5 px-2.5 py-2 rounded-[8px] text-[12.5px] font-medium transition-[background-color,color,border-color,box-shadow] duration-150 ease-out border !bg-transparent !text-[hsl(var(--slate-700))] !border-transparent hover:!bg-[hsl(var(--card))] hover:!text-[hsl(var(--brand-700))] hover:!border-[hsl(var(--border))] hover:shadow-xs"[39m
          [36m>[39m
            [36m<span[39m
              [33mclass[39m=[32m"icon-chip icon-chip-violet !w-7 !h-7"[39m
            [36m>[39m
              [36m<svg[39m
                [33maria-hidden[39m=[32m"true"[39m
                [33mclass[39m=[32m"lucide lucide-brain w-3.5 h-3.5"[39m
                [33mfill[3...
 ❯ waitForWrapper ../../node_modules/@testing-library/dom/dist/wait-for.js:163:27
 ❯ ../../node_modules/@testing-library/dom/dist/query-helpers.js:86:33
 ❯ src/renderer/domains/workflows/tests/settings-leave-protection.test.tsx:28:33
     26|     await edit()
     27|     fireEvent.click(screen.getByRole('button', { name: target, exact: …
     28|     const dialog = await screen.findByRole('dialog', { name: '保存凭据编辑？'…
       |                                 ^
     29|     fireEvent.click(within(dialog).getByRole('button', { name: '取消', e…
     30|     expect(close).not.toHaveBeenCalled()

⎯⎯⎯⎯⎯⎯⎯⎯⎯⎯⎯⎯⎯⎯⎯⎯⎯⎯⎯⎯⎯⎯⎯[1/10]⎯

 FAIL  src/renderer/domains/workflows/tests/settings-leave-protection.test.tsx > 系统: save confirms before leaving
TestingLibraryElementError: Unable to find role="dialog" and name "保存凭据编辑？"

Ignored nodes: comments, script, style
[36m<body>[39m
  [36m<div />[39m
  [36m<div[39m
    [33mclass[39m=[32m"fixed inset-0 bg-[hsl(217_45%_15%_/_0.55)] backdrop-blur-[3px] flex items-center justify-center p-4 animate-fade-in"[39m
    [33mstyle[39m=[32m"z-index: 2147483646;"[39m
  [36m>[39m
    [36m<div[39m
      [33mclass[39m=[32m"modern-dialog w-full max-w-4xl flex flex-col animate-scale-in-bounce"[39m
      [33mstyle[39m=[32m"max-height: calc(100vh - 32px);"[39m
    [36m>[39m
      [36m<div[39m
        [33mclass[39m=[32m"modern-dialog-header"[39m
      [36m>[39m
        [36m<div[39m
          [33mclass[39m=[32m"modern-dialog-header-icon"[39m
        [36m>[39m
          [36m<svg[39m
            [33maria-hidden[39m=[32m"true"[39m
            [33mclass[39m=[32m"lucide lucide-settings w-5 h-5"[39m
            [33mfill[39m=[32m"none"[39m
            [33mheight[39m=[32m"24"[39m
            [33mstroke[39m=[32m"currentColor"[39m
            [33mstroke-linecap[39m=[32m"round"[39m
            [33mstroke-linejoin[39m=[32m"round"[39m
            [33mstroke-width[39m=[32m"2.2"[39m
            [33mviewBox[39m=[32m"0 0 24 24"[39m
            [33mwidth[39m=[32m"24"[39m
            [33mxmlns[39m=[32m"http://www.w3.org/2000/svg"[39m
          [36m>[39m
            [36m<path[39m
              [33md[39m=[32m"M9.671 4.136a2.34 2.34 0 0 1 4.659 0 2.34 2.34 0 0 0 3.319 1.915 2.34 2.34 0 0 1 2.33 4.033 2.34 2.34 0 0 0 0 3.831 2.34 2.34 0 0 1-2.33 4.033 2.34 2.34 0 0 0-3.319 1.915 2.34 2.34 0 0 1-4.659 0 2.34 2.34 0 0 0-3.32-1.915 2.34 2.34 0 0 1-2.33-4.033 2.34 2.34 0 0 0 0-3.831A2.34 2.34 0 0 1 6.35 6.051a2.34 2.34 0 0 0 3.319-1.915"[39m
            [36m/>[39m
            [36m<circle[39m
              [33mcx[39m=[32m"12"[39m
              [33mcy[39m=[32m"12"[39m
              [33mr[39m=[32m"3"[39m
            [36m/>[39m
          [36m</svg>[39m
        [36m</div>[39m
        [36m<div[39m
          [33mclass[39m=[32m"flex-1"[39m
        [36m>[39m
          [36m<h3[39m
            [33mclass[39m=[32m"modern-dialog-title"[39m
          [36m>[39m
            [0m全局默认配置[0m
          [36m</h3>[39m
          [36m<div[39m
            [33mclass[39m=[32m"modern-dialog-subtitle"[39m
          [36m>[39m
            [0m在这里调整 WebRPA 的工作行为与默认参数[0m
          [36m</div>[39m
        [36m</div>[39m
        [36m<button[39m
          [33mclass[39m=[32m"p-1.5 rounded-[7px] text-[hsl(var(--slate-500))] hover:bg-[hsl(var(--danger-50))] hover:text-[hsl(var(--danger-600))] hover:border-[hsl(var(--danger-500)/0.3)] border border-transparent transition-all duration-150 active:scale-90"[39m
        [36m>[39m
          [36m<svg[39m
            [33maria-hidden[39m=[32m"true"[39m
            [33mclass[39m=[32m"lucide lucide-x w-4 h-4"[39m
            [33mfill[39m=[32m"none"[39m
            [33mheight[39m=[32m"24"[39m
            [33mstroke[39m=[32m"currentColor"[39m
            [33mstroke-linecap[39m=[32m"round"[39m
            [33mstroke-linejoin[39m=[32m"round"[39m
            [33mstroke-width[39m=[32m"2"[39m
            [33mviewBox[39m=[32m"0 0 24 24"[39m
            [33mwidth[39m=[32m"24"[39m
            [33mxmlns[39m=[32m"http://www.w3.org/2000/svg"[39m
          [36m>[39m
            [36m<path[39m
              [33md[39m=[32m"M18 6 6 18"[39m
            [36m/>[39m
            [36m<path[39m
              [33md[39m=[32m"m6 6 12 12"[39m
            [36m/>[39m
          [36m</svg>[39m
        [36m</button>[39m
      [36m</div>[39m
      [36m<div[39m
        [33mclass[39m=[32m"flex flex-1 min-h-0"[39m
      [36m>[39m
        [36m<nav[39m
          [33mclass[39m=[32m"w-44 flex-shrink-0 border-r border-[hsl(var(--border))] bg-[hsl(var(--slate-50)/0.5)] overflow-y-auto p-2 space-y-0.5"[39m
        [36m>[39m
          [36m<button[39m
            [33mclass[39m=[32m"w-full flex items-center gap-2.5 px-2.5 py-2 rounded-[8px] text-[12.5px] font-medium transition-[background-color,color,border-color,box-shadow] duration-150 ease-out border !bg-[hsl(var(--brand-600))] !text-white !border-[hsl(var(--brand-700))] shadow-brand-glow"[39m
          [36m>[39m
            [36m<span[39m
              [33mclass[39m=[32m"inline-flex items-center justify-center w-7 h-7 rounded-[6px] bg-white/25 border border-white/40 shrink-0"[39m
            [36m>[39m
              [36m<svg[39m
                [33maria-hidden[39m=[32m"true"[39m
                [33mclass[39m=[32m"lucide lucide-settings w-3.5 h-3.5 !text-white"[39m
                [33mfill[39m=[32m"none"[39m
                [33mheight[39m=[32m"24"[39m
                [33mstroke[39m=[32m"currentColor"[39m
                [33mstroke-linecap[39m=[32m"round"[39m
                [33mstroke-linejoin[39m=[32m"round"[39m
                [33mstroke-width[39m=[32m"2"[39m
                [33mviewBox[39m=[32m"0 0 24 24"[39m
                [33mwidth[39m=[32m"24"[39m
                [33mxmlns[39m=[32m"http://www.w3.org/2000/svg"[39m
              [36m>[39m
                [36m<path[39m
                  [33md[39m=[32m"M9.671 4.136a2.34 2.34 0 0 1 4.659 0 2.34 2.34 0 0 0 3.319 1.915 2.34 2.34 0 0 1 2.33 4.033 2.34 2.34 0 0 0 0 3.831 2.34 2.34 0 0 1-2.33 4.033 2.34 2.34 0 0 0-3.319 1.915 2.34 2.34 0 0 1-4.659 0 2.34 2.34 0 0 0-3.32-1.915 2.34 2.34 0 0 1-2.33-4.033 2.34 2.34 0 0 0 0-3.831A2.34 2.34 0 0 1 6.35 6.051a2.34 2.34 0 0 0 3.319-1.915"[39m
                [36m/>[39m
                [36m<circle[39m
                  [33mcx[39m=[32m"12"[39m
                  [33mcy[39m=[32m"12"[39m
                  [33mr[39m=[32m"3"[39m
                [36m/>[39m
              [36m</svg>[39m
            [36m</span>[39m
            [36m<span[39m
              [33mclass[39m=[32m"flex-1 text-left !text-white font-semibold"[39m
            [36m>[39m
              [0m系统[0m
            [36m</span>[39m
            [36m<span[39m
              [33mclass[39m=[32m"w-1 h-4 rounded-full bg-white/80 shrink-0"[39m
            [36m/>[39m
          [36m</button>[39m
          [36m<button[39m
            [33mclass[39m=[32m"w-full flex items-center gap-2.5 px-2.5 py-2 rounded-[8px] text-[12.5px] font-medium transition-[background-color,color,border-color,box-shadow] duration-150 ease-out border !bg-transparent !text-[hsl(var(--slate-700))] !border-transparent hover:!bg-[hsl(var(--card))] hover:!text-[hsl(var(--brand-700))] hover:!border-[hsl(var(--border))] hover:shadow-xs"[39m
          [36m>[39m
            [36m<span[39m
              [33mclass[39m=[32m"icon-chip icon-chip-violet !w-7 !h-7"[39m
            [36m>[39m
              [36m<svg[39m
                [33maria-hidden[39m=[32m"true"[39m
                [33mclass[39m=[32m"lucide lucide-brain w-3.5 h-3.5"[39m
                [33mfill[3...

Ignored nodes: comments, script, style
[36m<body>[39m
  [36m<div />[39m
  [36m<div[39m
    [33mclass[39m=[32m"fixed inset-0 bg-[hsl(217_45%_15%_/_0.55)] backdrop-blur-[3px] flex items-center justify-center p-4 animate-fade-in"[39m
    [33mstyle[39m=[32m"z-index: 2147483646;"[39m
  [36m>[39m
    [36m<div[39m
      [33mclass[39m=[32m"modern-dialog w-full max-w-4xl flex flex-col animate-scale-in-bounce"[39m
      [33mstyle[39m=[32m"max-height: calc(100vh - 32px);"[39m
    [36m>[39m
      [36m<div[39m
        [33mclass[39m=[32m"modern-dialog-header"[39m
      [36m>[39m
        [36m<div[39m
          [33mclass[39m=[32m"modern-dialog-header-icon"[39m
        [36m>[39m
          [36m<svg[39m
            [33maria-hidden[39m=[32m"true"[39m
            [33mclass[39m=[32m"lucide lucide-settings w-5 h-5"[39m
            [33mfill[39m=[32m"none"[39m
            [33mheight[39m=[32m"24"[39m
            [33mstroke[39m=[32m"currentColor"[39m
            [33mstroke-linecap[39m=[32m"round"[39m
            [33mstroke-linejoin[39m=[32m"round"[39m
            [33mstroke-width[39m=[32m"2.2"[39m
            [33mviewBox[39m=[32m"0 0 24 24"[39m
            [33mwidth[39m=[32m"24"[39m
            [33mxmlns[39m=[32m"http://www.w3.org/2000/svg"[39m
          [36m>[39m
            [36m<path[39m
              [33md[39m=[32m"M9.671 4.136a2.34 2.34 0 0 1 4.659 0 2.34 2.34 0 0 0 3.319 1.915 2.34 2.34 0 0 1 2.33 4.033 2.34 2.34 0 0 0 0 3.831 2.34 2.34 0 0 1-2.33 4.033 2.34 2.34 0 0 0-3.319 1.915 2.34 2.34 0 0 1-4.659 0 2.34 2.34 0 0 0-3.32-1.915 2.34 2.34 0 0 1-2.33-4.033 2.34 2.34 0 0 0 0-3.831A2.34 2.34 0 0 1 6.35 6.051a2.34 2.34 0 0 0 3.319-1.915"[39m
            [36m/>[39m
            [36m<circle[39m
              [33mcx[39m=[32m"12"[39m
              [33mcy[39m=[32m"12"[39m
              [33mr[39m=[32m"3"[39m
            [36m/>[39m
          [36m</svg>[39m
        [36m</div>[39m
        [36m<div[39m
          [33mclass[39m=[32m"flex-1"[39m
        [36m>[39m
          [36m<h3[39m
            [33mclass[39m=[32m"modern-dialog-title"[39m
          [36m>[39m
            [0m全局默认配置[0m
          [36m</h3>[39m
          [36m<div[39m
            [33mclass[39m=[32m"modern-dialog-subtitle"[39m
          [36m>[39m
            [0m在这里调整 WebRPA 的工作行为与默认参数[0m
          [36m</div>[39m
        [36m</div>[39m
        [36m<button[39m
          [33mclass[39m=[32m"p-1.5 rounded-[7px] text-[hsl(var(--slate-500))] hover:bg-[hsl(var(--danger-50))] hover:text-[hsl(var(--danger-600))] hover:border-[hsl(var(--danger-500)/0.3)] border border-transparent transition-all duration-150 active:scale-90"[39m
        [36m>[39m
          [36m<svg[39m
            [33maria-hidden[39m=[32m"true"[39m
            [33mclass[39m=[32m"lucide lucide-x w-4 h-4"[39m
            [33mfill[39m=[32m"none"[39m
            [33mheight[39m=[32m"24"[39m
            [33mstroke[39m=[32m"currentColor"[39m
            [33mstroke-linecap[39m=[32m"round"[39m
            [33mstroke-linejoin[39m=[32m"round"[39m
            [33mstroke-width[39m=[32m"2"[39m
            [33mviewBox[39m=[32m"0 0 24 24"[39m
            [33mwidth[39m=[32m"24"[39m
            [33mxmlns[39m=[32m"http://www.w3.org/2000/svg"[39m
          [36m>[39m
            [36m<path[39m
              [33md[39m=[32m"M18 6 6 18"[39m
            [36m/>[39m
            [36m<path[39m
              [33md[39m=[32m"m6 6 12 12"[39m
            [36m/>[39m
          [36m</svg>[39m
        [36m</button>[39m
      [36m</div>[39m
      [36m<div[39m
        [33mclass[39m=[32m"flex flex-1 min-h-0"[39m
      [36m>[39m
        [36m<nav[39m
          [33mclass[39m=[32m"w-44 flex-shrink-0 border-r border-[hsl(var(--border))] bg-[hsl(var(--slate-50)/0.5)] overflow-y-auto p-2 space-y-0.5"[39m
        [36m>[39m
          [36m<button[39m
            [33mclass[39m=[32m"w-full flex items-center gap-2.5 px-2.5 py-2 rounded-[8px] text-[12.5px] font-medium transition-[background-color,color,border-color,box-shadow] duration-150 ease-out border !bg-[hsl(var(--brand-600))] !text-white !border-[hsl(var(--brand-700))] shadow-brand-glow"[39m
          [36m>[39m
            [36m<span[39m
              [33mclass[39m=[32m"inline-flex items-center justify-center w-7 h-7 rounded-[6px] bg-white/25 border border-white/40 shrink-0"[39m
            [36m>[39m
              [36m<svg[39m
                [33maria-hidden[39m=[32m"true"[39m
                [33mclass[39m=[32m"lucide lucide-settings w-3.5 h-3.5 !text-white"[39m
                [33mfill[39m=[32m"none"[39m
                [33mheight[39m=[32m"24"[39m
                [33mstroke[39m=[32m"currentColor"[39m
                [33mstroke-linecap[39m=[32m"round"[39m
                [33mstroke-linejoin[39m=[32m"round"[39m
                [33mstroke-width[39m=[32m"2"[39m
                [33mviewBox[39m=[32m"0 0 24 24"[39m
                [33mwidth[39m=[32m"24"[39m
                [33mxmlns[39m=[32m"http://www.w3.org/2000/svg"[39m
              [36m>[39m
                [36m<path[39m
                  [33md[39m=[32m"M9.671 4.136a2.34 2.34 0 0 1 4.659 0 2.34 2.34 0 0 0 3.319 1.915 2.34 2.34 0 0 1 2.33 4.033 2.34 2.34 0 0 0 0 3.831 2.34 2.34 0 0 1-2.33 4.033 2.34 2.34 0 0 0-3.319 1.915 2.34 2.34 0 0 1-4.659 0 2.34 2.34 0 0 0-3.32-1.915 2.34 2.34 0 0 1-2.33-4.033 2.34 2.34 0 0 0 0-3.831A2.34 2.34 0 0 1 6.35 6.051a2.34 2.34 0 0 0 3.319-1.915"[39m
                [36m/>[39m
                [36m<circle[39m
                  [33mcx[39m=[32m"12"[39m
                  [33mcy[39m=[32m"12"[39m
                  [33mr[39m=[32m"3"[39m
                [36m/>[39m
              [36m</svg>[39m
            [36m</span>[39m
            [36m<span[39m
              [33mclass[39m=[32m"flex-1 text-left !text-white font-semibold"[39m
            [36m>[39m
              [0m系统[0m
            [36m</span>[39m
            [36m<span[39m
              [33mclass[39m=[32m"w-1 h-4 rounded-full bg-white/80 shrink-0"[39m
            [36m/>[39m
          [36m</button>[39m
          [36m<button[39m
            [33mclass[39m=[32m"w-full flex items-center gap-2.5 px-2.5 py-2 rounded-[8px] text-[12.5px] font-medium transition-[background-color,color,border-color,box-shadow] duration-150 ease-out border !bg-transparent !text-[hsl(var(--slate-700))] !border-transparent hover:!bg-[hsl(var(--card))] hover:!text-[hsl(var(--brand-700))] hover:!border-[hsl(var(--border))] hover:shadow-xs"[39m
          [36m>[39m
            [36m<span[39m
              [33mclass[39m=[32m"icon-chip icon-chip-violet !w-7 !h-7"[39m
            [36m>[39m
              [36m<svg[39m
                [33maria-hidden[39m=[32m"true"[39m
                [33mclass[39m=[32m"lucide lucide-brain w-3.5 h-3.5"[39m
                [33mfill[3...
 ❯ waitForWrapper ../../node_modules/@testing-library/dom/dist/wait-for.js:163:27
 ❯ ../../node_modules/@testing-library/dom/dist/query-helpers.js:86:33
 ❯ src/renderer/domains/workflows/tests/settings-leave-protection.test.tsx:37:33
     35|     await edit()
     36|     fireEvent.click(screen.getByRole('button', { name: target, exact: …
     37|     const dialog = await screen.findByRole('dialog', { name: '保存凭据编辑？'…
       |                                 ^
     38|     fireEvent.click(within(dialog).getByRole('button', { name: '保存后继续'…
     39|     await waitFor(() => expect(saves).toBe(1))

⎯⎯⎯⎯⎯⎯⎯⎯⎯⎯⎯⎯⎯⎯⎯⎯⎯⎯⎯⎯⎯⎯⎯[2/10]⎯

 FAIL  src/renderer/domains/workflows/tests/settings-leave-protection.test.tsx > 系统: discard leaves without a write
TestingLibraryElementError: Unable to find role="dialog" and name "保存凭据编辑？"

Ignored nodes: comments, script, style
[36m<body>[39m
  [36m<div />[39m
  [36m<div[39m
    [33mclass[39m=[32m"fixed inset-0 bg-[hsl(217_45%_15%_/_0.55)] backdrop-blur-[3px] flex items-center justify-center p-4 animate-fade-in"[39m
    [33mstyle[39m=[32m"z-index: 2147483646;"[39m
  [36m>[39m
    [36m<div[39m
      [33mclass[39m=[32m"modern-dialog w-full max-w-4xl flex flex-col animate-scale-in-bounce"[39m
      [33mstyle[39m=[32m"max-height: calc(100vh - 32px);"[39m
    [36m>[39m
      [36m<div[39m
        [33mclass[39m=[32m"modern-dialog-header"[39m
      [36m>[39m
        [36m<div[39m
          [33mclass[39m=[32m"modern-dialog-header-icon"[39m
        [36m>[39m
          [36m<svg[39m
            [33maria-hidden[39m=[32m"true"[39m
            [33mclass[39m=[32m"lucide lucide-settings w-5 h-5"[39m
            [33mfill[39m=[32m"none"[39m
            [33mheight[39m=[32m"24"[39m
            [33mstroke[39m=[32m"currentColor"[39m
            [33mstroke-linecap[39m=[32m"round"[39m
            [33mstroke-linejoin[39m=[32m"round"[39m
            [33mstroke-width[39m=[32m"2.2"[39m
            [33mviewBox[39m=[32m"0 0 24 24"[39m
            [33mwidth[39m=[32m"24"[39m
            [33mxmlns[39m=[32m"http://www.w3.org/2000/svg"[39m
          [36m>[39m
            [36m<path[39m
              [33md[39m=[32m"M9.671 4.136a2.34 2.34 0 0 1 4.659 0 2.34 2.34 0 0 0 3.319 1.915 2.34 2.34 0 0 1 2.33 4.033 2.34 2.34 0 0 0 0 3.831 2.34 2.34 0 0 1-2.33 4.033 2.34 2.34 0 0 0-3.319 1.915 2.34 2.34 0 0 1-4.659 0 2.34 2.34 0 0 0-3.32-1.915 2.34 2.34 0 0 1-2.33-4.033 2.34 2.34 0 0 0 0-3.831A2.34 2.34 0 0 1 6.35 6.051a2.34 2.34 0 0 0 3.319-1.915"[39m
            [36m/>[39m
            [36m<circle[39m
              [33mcx[39m=[32m"12"[39m
              [33mcy[39m=[32m"12"[39m
              [33mr[39m=[32m"3"[39m
            [36m/>[39m
          [36m</svg>[39m
        [36m</div>[39m
        [36m<div[39m
          [33mclass[39m=[32m"flex-1"[39m
        [36m>[39m
          [36m<h3[39m
            [33mclass[39m=[32m"modern-dialog-title"[39m
          [36m>[39m
            [0m全局默认配置[0m
          [36m</h3>[39m
          [36m<div[39m
            [33mclass[39m=[32m"modern-dialog-subtitle"[39m
          [36m>[39m
            [0m在这里调整 WebRPA 的工作行为与默认参数[0m
          [36m</div>[39m
        [36m</div>[39m
        [36m<button[39m
          [33mclass[39m=[32m"p-1.5 rounded-[7px] text-[hsl(var(--slate-500))] hover:bg-[hsl(var(--danger-50))] hover:text-[hsl(var(--danger-600))] hover:border-[hsl(var(--danger-500)/0.3)] border border-transparent transition-all duration-150 active:scale-90"[39m
        [36m>[39m
          [36m<svg[39m
            [33maria-hidden[39m=[32m"true"[39m
            [33mclass[39m=[32m"lucide lucide-x w-4 h-4"[39m
            [33mfill[39m=[32m"none"[39m
            [33mheight[39m=[32m"24"[39m
            [33mstroke[39m=[32m"currentColor"[39m
            [33mstroke-linecap[39m=[32m"round"[39m
            [33mstroke-linejoin[39m=[32m"round"[39m
            [33mstroke-width[39m=[32m"2"[39m
            [33mviewBox[39m=[32m"0 0 24 24"[39m
            [33mwidth[39m=[32m"24"[39m
            [33mxmlns[39m=[32m"http://www.w3.org/2000/svg"[39m
          [36m>[39m
            [36m<path[39m
              [33md[39m=[32m"M18 6 6 18"[39m
            [36m/>[39m
            [36m<path[39m
              [33md[39m=[32m"m6 6 12 12"[39m
            [36m/>[39m
          [36m</svg>[39m
        [36m</button>[39m
      [36m</div>[39m
      [36m<div[39m
        [33mclass[39m=[32m"flex flex-1 min-h-0"[39m
      [36m>[39m
        [36m<nav[39m
          [33mclass[39m=[32m"w-44 flex-shrink-0 border-r border-[hsl(var(--border))] bg-[hsl(var(--slate-50)/0.5)] overflow-y-auto p-2 space-y-0.5"[39m
        [36m>[39m
          [36m<button[39m
            [33mclass[39m=[32m"w-full flex items-center gap-2.5 px-2.5 py-2 rounded-[8px] text-[12.5px] font-medium transition-[background-color,color,border-color,box-shadow] duration-150 ease-out border !bg-[hsl(var(--brand-600))] !text-white !border-[hsl(var(--brand-700))] shadow-brand-glow"[39m
          [36m>[39m
            [36m<span[39m
              [33mclass[39m=[32m"inline-flex items-center justify-center w-7 h-7 rounded-[6px] bg-white/25 border border-white/40 shrink-0"[39m
            [36m>[39m
              [36m<svg[39m
                [33maria-hidden[39m=[32m"true"[39m
                [33mclass[39m=[32m"lucide lucide-settings w-3.5 h-3.5 !text-white"[39m
                [33mfill[39m=[32m"none"[39m
                [33mheight[39m=[32m"24"[39m
                [33mstroke[39m=[32m"currentColor"[39m
                [33mstroke-linecap[39m=[32m"round"[39m
                [33mstroke-linejoin[39m=[32m"round"[39m
                [33mstroke-width[39m=[32m"2"[39m
                [33mviewBox[39m=[32m"0 0 24 24"[39m
                [33mwidth[39m=[32m"24"[39m
                [33mxmlns[39m=[32m"http://www.w3.org/2000/svg"[39m
              [36m>[39m
                [36m<path[39m
                  [33md[39m=[32m"M9.671 4.136a2.34 2.34 0 0 1 4.659 0 2.34 2.34 0 0 0 3.319 1.915 2.34 2.34 0 0 1 2.33 4.033 2.34 2.34 0 0 0 0 3.831 2.34 2.34 0 0 1-2.33 4.033 2.34 2.34 0 0 0-3.319 1.915 2.34 2.34 0 0 1-4.659 0 2.34 2.34 0 0 0-3.32-1.915 2.34 2.34 0 0 1-2.33-4.033 2.34 2.34 0 0 0 0-3.831A2.34 2.34 0 0 1 6.35 6.051a2.34 2.34 0 0 0 3.319-1.915"[39m
                [36m/>[39m
                [36m<circle[39m
                  [33mcx[39m=[32m"12"[39m
                  [33mcy[39m=[32m"12"[39m
                  [33mr[39m=[32m"3"[39m
                [36m/>[39m
              [36m</svg>[39m
            [36m</span>[39m
            [36m<span[39m
              [33mclass[39m=[32m"flex-1 text-left !text-white font-semibold"[39m
            [36m>[39m
              [0m系统[0m
            [36m</span>[39m
            [36m<span[39m
              [33mclass[39m=[32m"w-1 h-4 rounded-full bg-white/80 shrink-0"[39m
            [36m/>[39m
          [36m</button>[39m
          [36m<button[39m
            [33mclass[39m=[32m"w-full flex items-center gap-2.5 px-2.5 py-2 rounded-[8px] text-[12.5px] font-medium transition-[background-color,color,border-color,box-shadow] duration-150 ease-out border !bg-transparent !text-[hsl(var(--slate-700))] !border-transparent hover:!bg-[hsl(var(--card))] hover:!text-[hsl(var(--brand-700))] hover:!border-[hsl(var(--border))] hover:shadow-xs"[39m
          [36m>[39m
            [36m<span[39m
              [33mclass[39m=[32m"icon-chip icon-chip-violet !w-7 !h-7"[39m
            [36m>[39m
              [36m<svg[39m
                [33maria-hidden[39m=[32m"true"[39m
                [33mclass[39m=[32m"lucide lucide-brain w-3.5 h-3.5"[39m
                [33mfill[3...

Ignored nodes: comments, script, style
[36m<body>[39m
  [36m<div />[39m
  [36m<div[39m
    [33mclass[39m=[32m"fixed inset-0 bg-[hsl(217_45%_15%_/_0.55)] backdrop-blur-[3px] flex items-center justify-center p-4 animate-fade-in"[39m
    [33mstyle[39m=[32m"z-index: 2147483646;"[39m
  [36m>[39m
    [36m<div[39m
      [33mclass[39m=[32m"modern-dialog w-full max-w-4xl flex flex-col animate-scale-in-bounce"[39m
      [33mstyle[39m=[32m"max-height: calc(100vh - 32px);"[39m
    [36m>[39m
      [36m<div[39m
        [33mclass[39m=[32m"modern-dialog-header"[39m
      [36m>[39m
        [36m<div[39m
          [33mclass[39m=[32m"modern-dialog-header-icon"[39m
        [36m>[39m
          [36m<svg[39m
            [33maria-hidden[39m=[32m"true"[39m
            [33mclass[39m=[32m"lucide lucide-settings w-5 h-5"[39m
            [33mfill[39m=[32m"none"[39m
            [33mheight[39m=[32m"24"[39m
            [33mstroke[39m=[32m"currentColor"[39m
            [33mstroke-linecap[39m=[32m"round"[39m
            [33mstroke-linejoin[39m=[32m"round"[39m
            [33mstroke-width[39m=[32m"2.2"[39m
            [33mviewBox[39m=[32m"0 0 24 24"[39m
            [33mwidth[39m=[32m"24"[39m
            [33mxmlns[39m=[32m"http://www.w3.org/2000/svg"[39m
          [36m>[39m
            [36m<path[39m
              [33md[39m=[32m"M9.671 4.136a2.34 2.34 0 0 1 4.659 0 2.34 2.34 0 0 0 3.319 1.915 2.34 2.34 0 0 1 2.33 4.033 2.34 2.34 0 0 0 0 3.831 2.34 2.34 0 0 1-2.33 4.033 2.34 2.34 0 0 0-3.319 1.915 2.34 2.34 0 0 1-4.659 0 2.34 2.34 0 0 0-3.32-1.915 2.34 2.34 0 0 1-2.33-4.033 2.34 2.34 0 0 0 0-3.831A2.34 2.34 0 0 1 6.35 6.051a2.34 2.34 0 0 0 3.319-1.915"[39m
            [36m/>[39m
            [36m<circle[39m
              [33mcx[39m=[32m"12"[39m
              [33mcy[39m=[32m"12"[39m
              [33mr[39m=[32m"3"[39m
            [36m/>[39m
          [36m</svg>[39m
        [36m</div>[39m
        [36m<div[39m
          [33mclass[39m=[32m"flex-1"[39m
        [36m>[39m
          [36m<h3[39m
            [33mclass[39m=[32m"modern-dialog-title"[39m
          [36m>[39m
            [0m全局默认配置[0m
          [36m</h3>[39m
          [36m<div[39m
            [33mclass[39m=[32m"modern-dialog-subtitle"[39m
          [36m>[39m
            [0m在这里调整 WebRPA 的工作行为与默认参数[0m
          [36m</div>[39m
        [36m</div>[39m
        [36m<button[39m
          [33mclass[39m=[32m"p-1.5 rounded-[7px] text-[hsl(var(--slate-500))] hover:bg-[hsl(var(--danger-50))] hover:text-[hsl(var(--danger-600))] hover:border-[hsl(var(--danger-500)/0.3)] border border-transparent transition-all duration-150 active:scale-90"[39m
        [36m>[39m
          [36m<svg[39m
            [33maria-hidden[39m=[32m"true"[39m
            [33mclass[39m=[32m"lucide lucide-x w-4 h-4"[39m
            [33mfill[39m=[32m"none"[39m
            [33mheight[39m=[32m"24"[39m
            [33mstroke[39m=[32m"currentColor"[39m
            [33mstroke-linecap[39m=[32m"round"[39m
            [33mstroke-linejoin[39m=[32m"round"[39m
            [33mstroke-width[39m=[32m"2"[39m
            [33mviewBox[39m=[32m"0 0 24 24"[39m
            [33mwidth[39m=[32m"24"[39m
            [33mxmlns[39m=[32m"http://www.w3.org/2000/svg"[39m
          [36m>[39m
            [36m<path[39m
              [33md[39m=[32m"M18 6 6 18"[39m
            [36m/>[39m
            [36m<path[39m
              [33md[39m=[32m"m6 6 12 12"[39m
            [36m/>[39m
          [36m</svg>[39m
        [36m</button>[39m
      [36m</div>[39m
      [36m<div[39m
        [33mclass[39m=[32m"flex flex-1 min-h-0"[39m
      [36m>[39m
        [36m<nav[39m
          [33mclass[39m=[32m"w-44 flex-shrink-0 border-r border-[hsl(var(--border))] bg-[hsl(var(--slate-50)/0.5)] overflow-y-auto p-2 space-y-0.5"[39m
        [36m>[39m
          [36m<button[39m
            [33mclass[39m=[32m"w-full flex items-center gap-2.5 px-2.5 py-2 rounded-[8px] text-[12.5px] font-medium transition-[background-color,color,border-color,box-shadow] duration-150 ease-out border !bg-[hsl(var(--brand-600))] !text-white !border-[hsl(var(--brand-700))] shadow-brand-glow"[39m
          [36m>[39m
            [36m<span[39m
              [33mclass[39m=[32m"inline-flex items-center justify-center w-7 h-7 rounded-[6px] bg-white/25 border border-white/40 shrink-0"[39m
            [36m>[39m
              [36m<svg[39m
                [33maria-hidden[39m=[32m"true"[39m
                [33mclass[39m=[32m"lucide lucide-settings w-3.5 h-3.5 !text-white"[39m
                [33mfill[39m=[32m"none"[39m
                [33mheight[39m=[32m"24"[39m
                [33mstroke[39m=[32m"currentColor"[39m
                [33mstroke-linecap[39m=[32m"round"[39m
                [33mstroke-linejoin[39m=[32m"round"[39m
                [33mstroke-width[39m=[32m"2"[39m
                [33mviewBox[39m=[32m"0 0 24 24"[39m
                [33mwidth[39m=[32m"24"[39m
                [33mxmlns[39m=[32m"http://www.w3.org/2000/svg"[39m
              [36m>[39m
                [36m<path[39m
                  [33md[39m=[32m"M9.671 4.136a2.34 2.34 0 0 1 4.659 0 2.34 2.34 0 0 0 3.319 1.915 2.34 2.34 0 0 1 2.33 4.033 2.34 2.34 0 0 0 0 3.831 2.34 2.34 0 0 1-2.33 4.033 2.34 2.34 0 0 0-3.319 1.915 2.34 2.34 0 0 1-4.659 0 2.34 2.34 0 0 0-3.32-1.915 2.34 2.34 0 0 1-2.33-4.033 2.34 2.34 0 0 0 0-3.831A2.34 2.34 0 0 1 6.35 6.051a2.34 2.34 0 0 0 3.319-1.915"[39m
                [36m/>[39m
                [36m<circle[39m
                  [33mcx[39m=[32m"12"[39m
                  [33mcy[39m=[32m"12"[39m
                  [33mr[39m=[32m"3"[39m
                [36m/>[39m
              [36m</svg>[39m
            [36m</span>[39m
            [36m<span[39m
              [33mclass[39m=[32m"flex-1 text-left !text-white font-semibold"[39m
            [36m>[39m
              [0m系统[0m
            [36m</span>[39m
            [36m<span[39m
              [33mclass[39m=[32m"w-1 h-4 rounded-full bg-white/80 shrink-0"[39m
            [36m/>[39m
          [36m</button>[39m
          [36m<button[39m
            [33mclass[39m=[32m"w-full flex items-center gap-2.5 px-2.5 py-2 rounded-[8px] text-[12.5px] font-medium transition-[background-color,color,border-color,box-shadow] duration-150 ease-out border !bg-transparent !text-[hsl(var(--slate-700))] !border-transparent hover:!bg-[hsl(var(--card))] hover:!text-[hsl(var(--brand-700))] hover:!border-[hsl(var(--border))] hover:shadow-xs"[39m
          [36m>[39m
            [36m<span[39m
              [33mclass[39m=[32m"icon-chip icon-chip-violet !w-7 !h-7"[39m
            [36m>[39m
              [36m<svg[39m
                [33maria-hidden[39m=[32m"true"[39m
                [33mclass[39m=[32m"lucide lucide-brain w-3.5 h-3.5"[39m
                [33mfill[3...
 ❯ waitForWrapper ../../node_modules/@testing-library/dom/dist/wait-for.js:163:27
 ❯ ../../node_modules/@testing-library/dom/dist/query-helpers.js:86:33
 ❯ src/renderer/domains/workflows/tests/settings-leave-protection.test.tsx:46:33
     44|     await edit()
     45|     fireEvent.click(screen.getByRole('button', { name: target, exact: …
     46|     const dialog = await screen.findByRole('dialog', { name: '保存凭据编辑？'…
       |                                 ^
     47|     fireEvent.click(within(dialog).getByRole('button', { name: '放弃修改' …
     48|     if (target === '系统') await screen.findByText('配置系统相关的全局设置')

⎯⎯⎯⎯⎯⎯⎯⎯⎯⎯⎯⎯⎯⎯⎯⎯⎯⎯⎯⎯⎯⎯⎯[3/10]⎯

 FAIL  src/renderer/domains/workflows/tests/settings-leave-protection.test.tsx > 完成保存: cancel keeps unsaved credential input
TestingLibraryElementError: Unable to find role="dialog" and name "保存凭据编辑？"

Ignored nodes: comments, script, style
[36m<body>[39m
  [36m<div />[39m
  [36m<div[39m
    [33mclass[39m=[32m"fixed inset-0 bg-[hsl(217_45%_15%_/_0.55)] backdrop-blur-[3px] flex items-center justify-center p-4 animate-fade-in"[39m
    [33mstyle[39m=[32m"z-index: 2147483646;"[39m
  [36m>[39m
    [36m<div[39m
      [33mclass[39m=[32m"modern-dialog w-full max-w-4xl flex flex-col animate-scale-in-bounce"[39m
      [33mstyle[39m=[32m"max-height: calc(100vh - 32px);"[39m
    [36m>[39m
      [36m<div[39m
        [33mclass[39m=[32m"modern-dialog-header"[39m
      [36m>[39m
        [36m<div[39m
          [33mclass[39m=[32m"modern-dialog-header-icon"[39m
        [36m>[39m
          [36m<svg[39m
            [33maria-hidden[39m=[32m"true"[39m
            [33mclass[39m=[32m"lucide lucide-settings w-5 h-5"[39m
            [33mfill[39m=[32m"none"[39m
            [33mheight[39m=[32m"24"[39m
            [33mstroke[39m=[32m"currentColor"[39m
            [33mstroke-linecap[39m=[32m"round"[39m
            [33mstroke-linejoin[39m=[32m"round"[39m
            [33mstroke-width[39m=[32m"2.2"[39m
            [33mviewBox[39m=[32m"0 0 24 24"[39m
            [33mwidth[39m=[32m"24"[39m
            [33mxmlns[39m=[32m"http://www.w3.org/2000/svg"[39m
          [36m>[39m
            [36m<path[39m
              [33md[39m=[32m"M9.671 4.136a2.34 2.34 0 0 1 4.659 0 2.34 2.34 0 0 0 3.319 1.915 2.34 2.34 0 0 1 2.33 4.033 2.34 2.34 0 0 0 0 3.831 2.34 2.34 0 0 1-2.33 4.033 2.34 2.34 0 0 0-3.319 1.915 2.34 2.34 0 0 1-4.659 0 2.34 2.34 0 0 0-3.32-1.915 2.34 2.34 0 0 1-2.33-4.033 2.34 2.34 0 0 0 0-3.831A2.34 2.34 0 0 1 6.35 6.051a2.34 2.34 0 0 0 3.319-1.915"[39m
            [36m/>[39m
            [36m<circle[39m
              [33mcx[39m=[32m"12"[39m
              [33mcy[39m=[32m"12"[39m
              [33mr[39m=[32m"3"[39m
            [36m/>[39m
          [36m</svg>[39m
        [36m</div>[39m
        [36m<div[39m
          [33mclass[39m=[32m"flex-1"[39m
        [36m>[39m
          [36m<h3[39m
            [33mclass[39m=[32m"modern-dialog-title"[39m
          [36m>[39m
            [0m全局默认配置[0m
          [36m</h3>[39m
          [36m<div[39m
            [33mclass[39m=[32m"modern-dialog-subtitle"[39m
          [36m>[39m
            [0m在这里调整 WebRPA 的工作行为与默认参数[0m
          [36m</div>[39m
        [36m</div>[39m
        [36m<button[39m
          [33mclass[39m=[32m"p-1.5 rounded-[7px] text-[hsl(var(--slate-500))] hover:bg-[hsl(var(--danger-50))] hover:text-[hsl(var(--danger-600))] hover:border-[hsl(var(--danger-500)/0.3)] border border-transparent transition-all duration-150 active:scale-90"[39m
        [36m>[39m
          [36m<svg[39m
            [33maria-hidden[39m=[32m"true"[39m
            [33mclass[39m=[32m"lucide lucide-x w-4 h-4"[39m
            [33mfill[39m=[32m"none"[39m
            [33mheight[39m=[32m"24"[39m
            [33mstroke[39m=[32m"currentColor"[39m
            [33mstroke-linecap[39m=[32m"round"[39m
            [33mstroke-linejoin[39m=[32m"round"[39m
            [33mstroke-width[39m=[32m"2"[39m
            [33mviewBox[39m=[32m"0 0 24 24"[39m
            [33mwidth[39m=[32m"24"[39m
            [33mxmlns[39m=[32m"http://www.w3.org/2000/svg"[39m
          [36m>[39m
            [36m<path[39m
              [33md[39m=[32m"M18 6 6 18"[39m
            [36m/>[39m
            [36m<path[39m
              [33md[39m=[32m"m6 6 12 12"[39m
            [36m/>[39m
          [36m</svg>[39m
        [36m</button>[39m
      [36m</div>[39m
      [36m<div[39m
        [33mclass[39m=[32m"flex flex-1 min-h-0"[39m
      [36m>[39m
        [36m<nav[39m
          [33mclass[39m=[32m"w-44 flex-shrink-0 border-r border-[hsl(var(--border))] bg-[hsl(var(--slate-50)/0.5)] overflow-y-auto p-2 space-y-0.5"[39m
        [36m>[39m
          [36m<button[39m
            [33mclass[39m=[32m"w-full flex items-center gap-2.5 px-2.5 py-2 rounded-[8px] text-[12.5px] font-medium transition-[background-color,color,border-color,box-shadow] duration-150 ease-out border !bg-transparent !text-[hsl(var(--slate-700))] !border-transparent hover:!bg-[hsl(var(--card))] hover:!text-[hsl(var(--brand-700))] hover:!border-[hsl(var(--border))] hover:shadow-xs"[39m
          [36m>[39m
            [36m<span[39m
              [33mclass[39m=[32m"icon-chip icon-chip-brand !w-7 !h-7"[39m
            [36m>[39m
              [36m<svg[39m
                [33maria-hidden[39m=[32m"true"[39m
                [33mclass[39m=[32m"lucide lucide-settings w-3.5 h-3.5"[39m
                [33mfill[39m=[32m"none"[39m
                [33mheight[39m=[32m"24"[39m
                [33mstroke[39m=[32m"currentColor"[39m
                [33mstroke-linecap[39m=[32m"round"[39m
                [33mstroke-linejoin[39m=[32m"round"[39m
                [33mstroke-width[39m=[32m"2"[39m
                [33mviewBox[39m=[32m"0 0 24 24"[39m
                [33mwidth[39m=[32m"24"[39m
                [33mxmlns[39m=[32m"http://www.w3.org/2000/svg"[39m
              [36m>[39m
                [36m<path[39m
                  [33md[39m=[32m"M9.671 4.136a2.34 2.34 0 0 1 4.659 0 2.34 2.34 0 0 0 3.319 1.915 2.34 2.34 0 0 1 2.33 4.033 2.34 2.34 0 0 0 0 3.831 2.34 2.34 0 0 1-2.33 4.033 2.34 2.34 0 0 0-3.319 1.915 2.34 2.34 0 0 1-4.659 0 2.34 2.34 0 0 0-3.32-1.915 2.34 2.34 0 0 1-2.33-4.033 2.34 2.34 0 0 0 0-3.831A2.34 2.34 0 0 1 6.35 6.051a2.34 2.34 0 0 0 3.319-1.915"[39m
                [36m/>[39m
                [36m<circle[39m
                  [33mcx[39m=[32m"12"[39m
                  [33mcy[39m=[32m"12"[39m
                  [33mr[39m=[32m"3"[39m
                [36m/>[39m
              [36m</svg>[39m
            [36m</span>[39m
            [36m<span[39m
              [33mclass[39m=[32m"flex-1 text-left "[39m
            [36m>[39m
              [0m系统[0m
            [36m</span>[39m
          [36m</button>[39m
          [36m<button[39m
            [33mclass[39m=[32m"w-full flex items-center gap-2.5 px-2.5 py-2 rounded-[8px] text-[12.5px] font-medium transition-[background-color,color,border-color,box-shadow] duration-150 ease-out border !bg-transparent !text-[hsl(var(--slate-700))] !border-transparent hover:!bg-[hsl(var(--card))] hover:!text-[hsl(var(--brand-700))] hover:!border-[hsl(var(--border))] hover:shadow-xs"[39m
          [36m>[39m
            [36m<span[39m
              [33mclass[39m=[32m"icon-chip icon-chip-violet !w-7 !h-7"[39m
            [36m>[39m
              [36m<svg[39m
                [33maria-hidden[39m=[32m"true"[39m
                [33mclass[39m=[32m"lucide lucide-brain w-3.5 h-3.5"[39m
                [33mfill[39m=[32m"none"[39m
                [33mheight[39m=[32m"24"[39m
                [33mstroke[39m=[32m"currentColor"[39m
                [33mstrok...

Ignored nodes: comments, script, style
[36m<body>[39m
  [36m<div />[39m
  [36m<div[39m
    [33mclass[39m=[32m"fixed inset-0 bg-[hsl(217_45%_15%_/_0.55)] backdrop-blur-[3px] flex items-center justify-center p-4 animate-fade-in"[39m
    [33mstyle[39m=[32m"z-index: 2147483646;"[39m
  [36m>[39m
    [36m<div[39m
      [33mclass[39m=[32m"modern-dialog w-full max-w-4xl flex flex-col animate-scale-in-bounce"[39m
      [33mstyle[39m=[32m"max-height: calc(100vh - 32px);"[39m
    [36m>[39m
      [36m<div[39m
        [33mclass[39m=[32m"modern-dialog-header"[39m
      [36m>[39m
        [36m<div[39m
          [33mclass[39m=[32m"modern-dialog-header-icon"[39m
        [36m>[39m
          [36m<svg[39m
            [33maria-hidden[39m=[32m"true"[39m
            [33mclass[39m=[32m"lucide lucide-settings w-5 h-5"[39m
            [33mfill[39m=[32m"none"[39m
            [33mheight[39m=[32m"24"[39m
            [33mstroke[39m=[32m"currentColor"[39m
            [33mstroke-linecap[39m=[32m"round"[39m
            [33mstroke-linejoin[39m=[32m"round"[39m
            [33mstroke-width[39m=[32m"2.2"[39m
            [33mviewBox[39m=[32m"0 0 24 24"[39m
            [33mwidth[39m=[32m"24"[39m
            [33mxmlns[39m=[32m"http://www.w3.org/2000/svg"[39m
          [36m>[39m
            [36m<path[39m
              [33md[39m=[32m"M9.671 4.136a2.34 2.34 0 0 1 4.659 0 2.34 2.34 0 0 0 3.319 1.915 2.34 2.34 0 0 1 2.33 4.033 2.34 2.34 0 0 0 0 3.831 2.34 2.34 0 0 1-2.33 4.033 2.34 2.34 0 0 0-3.319 1.915 2.34 2.34 0 0 1-4.659 0 2.34 2.34 0 0 0-3.32-1.915 2.34 2.34 0 0 1-2.33-4.033 2.34 2.34 0 0 0 0-3.831A2.34 2.34 0 0 1 6.35 6.051a2.34 2.34 0 0 0 3.319-1.915"[39m
            [36m/>[39m
            [36m<circle[39m
              [33mcx[39m=[32m"12"[39m
              [33mcy[39m=[32m"12"[39m
              [33mr[39m=[32m"3"[39m
            [36m/>[39m
          [36m</svg>[39m
        [36m</div>[39m
        [36m<div[39m
          [33mclass[39m=[32m"flex-1"[39m
        [36m>[39m
          [36m<h3[39m
            [33mclass[39m=[32m"modern-dialog-title"[39m
          [36m>[39m
            [0m全局默认配置[0m
          [36m</h3>[39m
          [36m<div[39m
            [33mclass[39m=[32m"modern-dialog-subtitle"[39m
          [36m>[39m
            [0m在这里调整 WebRPA 的工作行为与默认参数[0m
          [36m</div>[39m
        [36m</div>[39m
        [36m<button[39m
          [33mclass[39m=[32m"p-1.5 rounded-[7px] text-[hsl(var(--slate-500))] hover:bg-[hsl(var(--danger-50))] hover:text-[hsl(var(--danger-600))] hover:border-[hsl(var(--danger-500)/0.3)] border border-transparent transition-all duration-150 active:scale-90"[39m
        [36m>[39m
          [36m<svg[39m
            [33maria-hidden[39m=[32m"true"[39m
            [33mclass[39m=[32m"lucide lucide-x w-4 h-4"[39m
            [33mfill[39m=[32m"none"[39m
            [33mheight[39m=[32m"24"[39m
            [33mstroke[39m=[32m"currentColor"[39m
            [33mstroke-linecap[39m=[32m"round"[39m
            [33mstroke-linejoin[39m=[32m"round"[39m
            [33mstroke-width[39m=[32m"2"[39m
            [33mviewBox[39m=[32m"0 0 24 24"[39m
            [33mwidth[39m=[32m"24"[39m
            [33mxmlns[39m=[32m"http://www.w3.org/2000/svg"[39m
          [36m>[39m
            [36m<path[39m
              [33md[39m=[32m"M18 6 6 18"[39m
            [36m/>[39m
            [36m<path[39m
              [33md[39m=[32m"m6 6 12 12"[39m
            [36m/>[39m
          [36m</svg>[39m
        [36m</button>[39m
      [36m</div>[39m
      [36m<div[39m
        [33mclass[39m=[32m"flex flex-1 min-h-0"[39m
      [36m>[39m
        [36m<nav[39m
          [33mclass[39m=[32m"w-44 flex-shrink-0 border-r border-[hsl(var(--border))] bg-[hsl(var(--slate-50)/0.5)] overflow-y-auto p-2 space-y-0.5"[39m
        [36m>[39m
          [36m<button[39m
            [33mclass[39m=[32m"w-full flex items-center gap-2.5 px-2.5 py-2 rounded-[8px] text-[12.5px] font-medium transition-[background-color,color,border-color,box-shadow] duration-150 ease-out border !bg-transparent !text-[hsl(var(--slate-700))] !border-transparent hover:!bg-[hsl(var(--card))] hover:!text-[hsl(var(--brand-700))] hover:!border-[hsl(var(--border))] hover:shadow-xs"[39m
          [36m>[39m
            [36m<span[39m
              [33mclass[39m=[32m"icon-chip icon-chip-brand !w-7 !h-7"[39m
            [36m>[39m
              [36m<svg[39m
                [33maria-hidden[39m=[32m"true"[39m
                [33mclass[39m=[32m"lucide lucide-settings w-3.5 h-3.5"[39m
                [33mfill[39m=[32m"none"[39m
                [33mheight[39m=[32m"24"[39m
                [33mstroke[39m=[32m"currentColor"[39m
                [33mstroke-linecap[39m=[32m"round"[39m
                [33mstroke-linejoin[39m=[32m"round"[39m
                [33mstroke-width[39m=[32m"2"[39m
                [33mviewBox[39m=[32m"0 0 24 24"[39m
                [33mwidth[39m=[32m"24"[39m
                [33mxmlns[39m=[32m"http://www.w3.org/2000/svg"[39m
              [36m>[39m
                [36m<path[39m
                  [33md[39m=[32m"M9.671 4.136a2.34 2.34 0 0 1 4.659 0 2.34 2.34 0 0 0 3.319 1.915 2.34 2.34 0 0 1 2.33 4.033 2.34 2.34 0 0 0 0 3.831 2.34 2.34 0 0 1-2.33 4.033 2.34 2.34 0 0 0-3.319 1.915 2.34 2.34 0 0 1-4.659 0 2.34 2.34 0 0 0-3.32-1.915 2.34 2.34 0 0 1-2.33-4.033 2.34 2.34 0 0 0 0-3.831A2.34 2.34 0 0 1 6.35 6.051a2.34 2.34 0 0 0 3.319-1.915"[39m
                [36m/>[39m
                [36m<circle[39m
                  [33mcx[39m=[32m"12"[39m
                  [33mcy[39m=[32m"12"[39m
                  [33mr[39m=[32m"3"[39m
                [36m/>[39m
              [36m</svg>[39m
            [36m</span>[39m
            [36m<span[39m
              [33mclass[39m=[32m"flex-1 text-left "[39m
            [36m>[39m
              [0m系统[0m
            [36m</span>[39m
          [36m</button>[39m
          [36m<button[39m
            [33mclass[39m=[32m"w-full flex items-center gap-2.5 px-2.5 py-2 rounded-[8px] text-[12.5px] font-medium transition-[background-color,color,border-color,box-shadow] duration-150 ease-out border !bg-transparent !text-[hsl(var(--slate-700))] !border-transparent hover:!bg-[hsl(var(--card))] hover:!text-[hsl(var(--brand-700))] hover:!border-[hsl(var(--border))] hover:shadow-xs"[39m
          [36m>[39m
            [36m<span[39m
              [33mclass[39m=[32m"icon-chip icon-chip-violet !w-7 !h-7"[39m
            [36m>[39m
              [36m<svg[39m
                [33maria-hidden[39m=[32m"true"[39m
                [33mclass[39m=[32m"lucide lucide-brain w-3.5 h-3.5"[39m
                [33mfill[39m=[32m"none"[39m
                [33mheight[39m=[32m"24"[39m
                [33mstroke[39m=[32m"currentColor"[39m
                [33mstrok...
 ❯ waitForWrapper ../../node_modules/@testing-library/dom/dist/wait-for.js:163:27
 ❯ ../../node_modules/@testing-library/dom/dist/query-helpers.js:86:33
 ❯ src/renderer/domains/workflows/tests/settings-leave-protection.test.tsx:28:33
     26|     await edit()
     27|     fireEvent.click(screen.getByRole('button', { name: target, exact: …
     28|     const dialog = await screen.findByRole('dialog', { name: '保存凭据编辑？'…
       |                                 ^
     29|     fireEvent.click(within(dialog).getByRole('button', { name: '取消', e…
     30|     expect(close).not.toHaveBeenCalled()

⎯⎯⎯⎯⎯⎯⎯⎯⎯⎯⎯⎯⎯⎯⎯⎯⎯⎯⎯⎯⎯⎯⎯[4/10]⎯

 FAIL  src/renderer/domains/workflows/tests/settings-leave-protection.test.tsx > 完成保存: save confirms before leaving
TestingLibraryElementError: Unable to find role="dialog" and name "保存凭据编辑？"

Ignored nodes: comments, script, style
[36m<body>[39m
  [36m<div />[39m
  [36m<div[39m
    [33mclass[39m=[32m"fixed inset-0 bg-[hsl(217_45%_15%_/_0.55)] backdrop-blur-[3px] flex items-center justify-center p-4 animate-fade-in"[39m
    [33mstyle[39m=[32m"z-index: 2147483646;"[39m
  [36m>[39m
    [36m<div[39m
      [33mclass[39m=[32m"modern-dialog w-full max-w-4xl flex flex-col animate-scale-in-bounce"[39m
      [33mstyle[39m=[32m"max-height: calc(100vh - 32px);"[39m
    [36m>[39m
      [36m<div[39m
        [33mclass[39m=[32m"modern-dialog-header"[39m
      [36m>[39m
        [36m<div[39m
          [33mclass[39m=[32m"modern-dialog-header-icon"[39m
        [36m>[39m
          [36m<svg[39m
            [33maria-hidden[39m=[32m"true"[39m
            [33mclass[39m=[32m"lucide lucide-settings w-5 h-5"[39m
            [33mfill[39m=[32m"none"[39m
            [33mheight[39m=[32m"24"[39m
            [33mstroke[39m=[32m"currentColor"[39m
            [33mstroke-linecap[39m=[32m"round"[39m
            [33mstroke-linejoin[39m=[32m"round"[39m
            [33mstroke-width[39m=[32m"2.2"[39m
            [33mviewBox[39m=[32m"0 0 24 24"[39m
            [33mwidth[39m=[32m"24"[39m
            [33mxmlns[39m=[32m"http://www.w3.org/2000/svg"[39m
          [36m>[39m
            [36m<path[39m
              [33md[39m=[32m"M9.671 4.136a2.34 2.34 0 0 1 4.659 0 2.34 2.34 0 0 0 3.319 1.915 2.34 2.34 0 0 1 2.33 4.033 2.34 2.34 0 0 0 0 3.831 2.34 2.34 0 0 1-2.33 4.033 2.34 2.34 0 0 0-3.319 1.915 2.34 2.34 0 0 1-4.659 0 2.34 2.34 0 0 0-3.32-1.915 2.34 2.34 0 0 1-2.33-4.033 2.34 2.34 0 0 0 0-3.831A2.34 2.34 0 0 1 6.35 6.051a2.34 2.34 0 0 0 3.319-1.915"[39m
            [36m/>[39m
            [36m<circle[39m
              [33mcx[39m=[32m"12"[39m
              [33mcy[39m=[32m"12"[39m
              [33mr[39m=[32m"3"[39m
            [36m/>[39m
          [36m</svg>[39m
        [36m</div>[39m
        [36m<div[39m
          [33mclass[39m=[32m"flex-1"[39m
        [36m>[39m
          [36m<h3[39m
            [33mclass[39m=[32m"modern-dialog-title"[39m
          [36m>[39m
            [0m全局默认配置[0m
          [36m</h3>[39m
          [36m<div[39m
            [33mclass[39m=[32m"modern-dialog-subtitle"[39m
          [36m>[39m
            [0m在这里调整 WebRPA 的工作行为与默认参数[0m
          [36m</div>[39m
        [36m</div>[39m
        [36m<button[39m
          [33mclass[39m=[32m"p-1.5 rounded-[7px] text-[hsl(var(--slate-500))] hover:bg-[hsl(var(--danger-50))] hover:text-[hsl(var(--danger-600))] hover:border-[hsl(var(--danger-500)/0.3)] border border-transparent transition-all duration-150 active:scale-90"[39m
        [36m>[39m
          [36m<svg[39m
            [33maria-hidden[39m=[32m"true"[39m
            [33mclass[39m=[32m"lucide lucide-x w-4 h-4"[39m
            [33mfill[39m=[32m"none"[39m
            [33mheight[39m=[32m"24"[39m
            [33mstroke[39m=[32m"currentColor"[39m
            [33mstroke-linecap[39m=[32m"round"[39m
            [33mstroke-linejoin[39m=[32m"round"[39m
            [33mstroke-width[39m=[32m"2"[39m
            [33mviewBox[39m=[32m"0 0 24 24"[39m
            [33mwidth[39m=[32m"24"[39m
            [33mxmlns[39m=[32m"http://www.w3.org/2000/svg"[39m
          [36m>[39m
            [36m<path[39m
              [33md[39m=[32m"M18 6 6 18"[39m
            [36m/>[39m
            [36m<path[39m
              [33md[39m=[32m"m6 6 12 12"[39m
            [36m/>[39m
          [36m</svg>[39m
        [36m</button>[39m
      [36m</div>[39m
      [36m<div[39m
        [33mclass[39m=[32m"flex flex-1 min-h-0"[39m
      [36m>[39m
        [36m<nav[39m
          [33mclass[39m=[32m"w-44 flex-shrink-0 border-r border-[hsl(var(--border))] bg-[hsl(var(--slate-50)/0.5)] overflow-y-auto p-2 space-y-0.5"[39m
        [36m>[39m
          [36m<button[39m
            [33mclass[39m=[32m"w-full flex items-center gap-2.5 px-2.5 py-2 rounded-[8px] text-[12.5px] font-medium transition-[background-color,color,border-color,box-shadow] duration-150 ease-out border !bg-transparent !text-[hsl(var(--slate-700))] !border-transparent hover:!bg-[hsl(var(--card))] hover:!text-[hsl(var(--brand-700))] hover:!border-[hsl(var(--border))] hover:shadow-xs"[39m
          [36m>[39m
            [36m<span[39m
              [33mclass[39m=[32m"icon-chip icon-chip-brand !w-7 !h-7"[39m
            [36m>[39m
              [36m<svg[39m
                [33maria-hidden[39m=[32m"true"[39m
                [33mclass[39m=[32m"lucide lucide-settings w-3.5 h-3.5"[39m
                [33mfill[39m=[32m"none"[39m
                [33mheight[39m=[32m"24"[39m
                [33mstroke[39m=[32m"currentColor"[39m
                [33mstroke-linecap[39m=[32m"round"[39m
                [33mstroke-linejoin[39m=[32m"round"[39m
                [33mstroke-width[39m=[32m"2"[39m
                [33mviewBox[39m=[32m"0 0 24 24"[39m
                [33mwidth[39m=[32m"24"[39m
                [33mxmlns[39m=[32m"http://www.w3.org/2000/svg"[39m
              [36m>[39m
                [36m<path[39m
                  [33md[39m=[32m"M9.671 4.136a2.34 2.34 0 0 1 4.659 0 2.34 2.34 0 0 0 3.319 1.915 2.34 2.34 0 0 1 2.33 4.033 2.34 2.34 0 0 0 0 3.831 2.34 2.34 0 0 1-2.33 4.033 2.34 2.34 0 0 0-3.319 1.915 2.34 2.34 0 0 1-4.659 0 2.34 2.34 0 0 0-3.32-1.915 2.34 2.34 0 0 1-2.33-4.033 2.34 2.34 0 0 0 0-3.831A2.34 2.34 0 0 1 6.35 6.051a2.34 2.34 0 0 0 3.319-1.915"[39m
                [36m/>[39m
                [36m<circle[39m
                  [33mcx[39m=[32m"12"[39m
                  [33mcy[39m=[32m"12"[39m
                  [33mr[39m=[32m"3"[39m
                [36m/>[39m
              [36m</svg>[39m
            [36m</span>[39m
            [36m<span[39m
              [33mclass[39m=[32m"flex-1 text-left "[39m
            [36m>[39m
              [0m系统[0m
            [36m</span>[39m
          [36m</button>[39m
          [36m<button[39m
            [33mclass[39m=[32m"w-full flex items-center gap-2.5 px-2.5 py-2 rounded-[8px] text-[12.5px] font-medium transition-[background-color,color,border-color,box-shadow] duration-150 ease-out border !bg-transparent !text-[hsl(var(--slate-700))] !border-transparent hover:!bg-[hsl(var(--card))] hover:!text-[hsl(var(--brand-700))] hover:!border-[hsl(var(--border))] hover:shadow-xs"[39m
          [36m>[39m
            [36m<span[39m
              [33mclass[39m=[32m"icon-chip icon-chip-violet !w-7 !h-7"[39m
            [36m>[39m
              [36m<svg[39m
                [33maria-hidden[39m=[32m"true"[39m
                [33mclass[39m=[32m"lucide lucide-brain w-3.5 h-3.5"[39m
                [33mfill[39m=[32m"none"[39m
                [33mheight[39m=[32m"24"[39m
                [33mstroke[39m=[32m"currentColor"[39m
                [33mstrok...

Ignored nodes: comments, script, style
[36m<body>[39m
  [36m<div />[39m
  [36m<div[39m
    [33mclass[39m=[32m"fixed inset-0 bg-[hsl(217_45%_15%_/_0.55)] backdrop-blur-[3px] flex items-center justify-center p-4 animate-fade-in"[39m
    [33mstyle[39m=[32m"z-index: 2147483646;"[39m
  [36m>[39m
    [36m<div[39m
      [33mclass[39m=[32m"modern-dialog w-full max-w-4xl flex flex-col animate-scale-in-bounce"[39m
      [33mstyle[39m=[32m"max-height: calc(100vh - 32px);"[39m
    [36m>[39m
      [36m<div[39m
        [33mclass[39m=[32m"modern-dialog-header"[39m
      [36m>[39m
        [36m<div[39m
          [33mclass[39m=[32m"modern-dialog-header-icon"[39m
        [36m>[39m
          [36m<svg[39m
            [33maria-hidden[39m=[32m"true"[39m
            [33mclass[39m=[32m"lucide lucide-settings w-5 h-5"[39m
            [33mfill[39m=[32m"none"[39m
            [33mheight[39m=[32m"24"[39m
            [33mstroke[39m=[32m"currentColor"[39m
            [33mstroke-linecap[39m=[32m"round"[39m
            [33mstroke-linejoin[39m=[32m"round"[39m
            [33mstroke-width[39m=[32m"2.2"[39m
            [33mviewBox[39m=[32m"0 0 24 24"[39m
            [33mwidth[39m=[32m"24"[39m
            [33mxmlns[39m=[32m"http://www.w3.org/2000/svg"[39m
          [36m>[39m
            [36m<path[39m
              [33md[39m=[32m"M9.671 4.136a2.34 2.34 0 0 1 4.659 0 2.34 2.34 0 0 0 3.319 1.915 2.34 2.34 0 0 1 2.33 4.033 2.34 2.34 0 0 0 0 3.831 2.34 2.34 0 0 1-2.33 4.033 2.34 2.34 0 0 0-3.319 1.915 2.34 2.34 0 0 1-4.659 0 2.34 2.34 0 0 0-3.32-1.915 2.34 2.34 0 0 1-2.33-4.033 2.34 2.34 0 0 0 0-3.831A2.34 2.34 0 0 1 6.35 6.051a2.34 2.34 0 0 0 3.319-1.915"[39m
            [36m/>[39m
            [36m<circle[39m
              [33mcx[39m=[32m"12"[39m
              [33mcy[39m=[32m"12"[39m
              [33mr[39m=[32m"3"[39m
            [36m/>[39m
          [36m</svg>[39m
        [36m</div>[39m
        [36m<div[39m
          [33mclass[39m=[32m"flex-1"[39m
        [36m>[39m
          [36m<h3[39m
            [33mclass[39m=[32m"modern-dialog-title"[39m
          [36m>[39m
            [0m全局默认配置[0m
          [36m</h3>[39m
          [36m<div[39m
            [33mclass[39m=[32m"modern-dialog-subtitle"[39m
          [36m>[39m
            [0m在这里调整 WebRPA 的工作行为与默认参数[0m
          [36m</div>[39m
        [36m</div>[39m
        [36m<button[39m
          [33mclass[39m=[32m"p-1.5 rounded-[7px] text-[hsl(var(--slate-500))] hover:bg-[hsl(var(--danger-50))] hover:text-[hsl(var(--danger-600))] hover:border-[hsl(var(--danger-500)/0.3)] border border-transparent transition-all duration-150 active:scale-90"[39m
        [36m>[39m
          [36m<svg[39m
            [33maria-hidden[39m=[32m"true"[39m
            [33mclass[39m=[32m"lucide lucide-x w-4 h-4"[39m
            [33mfill[39m=[32m"none"[39m
            [33mheight[39m=[32m"24"[39m
            [33mstroke[39m=[32m"currentColor"[39m
            [33mstroke-linecap[39m=[32m"round"[39m
            [33mstroke-linejoin[39m=[32m"round"[39m
            [33mstroke-width[39m=[32m"2"[39m
            [33mviewBox[39m=[32m"0 0 24 24"[39m
            [33mwidth[39m=[32m"24"[39m
            [33mxmlns[39m=[32m"http://www.w3.org/2000/svg"[39m
          [36m>[39m
            [36m<path[39m
              [33md[39m=[32m"M18 6 6 18"[39m
            [36m/>[39m
            [36m<path[39m
              [33md[39m=[32m"m6 6 12 12"[39m
            [36m/>[39m
          [36m</svg>[39m
        [36m</button>[39m
      [36m</div>[39m
      [36m<div[39m
        [33mclass[39m=[32m"flex flex-1 min-h-0"[39m
      [36m>[39m
        [36m<nav[39m
          [33mclass[39m=[32m"w-44 flex-shrink-0 border-r border-[hsl(var(--border))] bg-[hsl(var(--slate-50)/0.5)] overflow-y-auto p-2 space-y-0.5"[39m
        [36m>[39m
          [36m<button[39m
            [33mclass[39m=[32m"w-full flex items-center gap-2.5 px-2.5 py-2 rounded-[8px] text-[12.5px] font-medium transition-[background-color,color,border-color,box-shadow] duration-150 ease-out border !bg-transparent !text-[hsl(var(--slate-700))] !border-transparent hover:!bg-[hsl(var(--card))] hover:!text-[hsl(var(--brand-700))] hover:!border-[hsl(var(--border))] hover:shadow-xs"[39m
          [36m>[39m
            [36m<span[39m
              [33mclass[39m=[32m"icon-chip icon-chip-brand !w-7 !h-7"[39m
            [36m>[39m
              [36m<svg[39m
                [33maria-hidden[39m=[32m"true"[39m
                [33mclass[39m=[32m"lucide lucide-settings w-3.5 h-3.5"[39m
                [33mfill[39m=[32m"none"[39m
                [33mheight[39m=[32m"24"[39m
                [33mstroke[39m=[32m"currentColor"[39m
                [33mstroke-linecap[39m=[32m"round"[39m
                [33mstroke-linejoin[39m=[32m"round"[39m
                [33mstroke-width[39m=[32m"2"[39m
                [33mviewBox[39m=[32m"0 0 24 24"[39m
                [33mwidth[39m=[32m"24"[39m
                [33mxmlns[39m=[32m"http://www.w3.org/2000/svg"[39m
              [36m>[39m
                [36m<path[39m
                  [33md[39m=[32m"M9.671 4.136a2.34 2.34 0 0 1 4.659 0 2.34 2.34 0 0 0 3.319 1.915 2.34 2.34 0 0 1 2.33 4.033 2.34 2.34 0 0 0 0 3.831 2.34 2.34 0 0 1-2.33 4.033 2.34 2.34 0 0 0-3.319 1.915 2.34 2.34 0 0 1-4.659 0 2.34 2.34 0 0 0-3.32-1.915 2.34 2.34 0 0 1-2.33-4.033 2.34 2.34 0 0 0 0-3.831A2.34 2.34 0 0 1 6.35 6.051a2.34 2.34 0 0 0 3.319-1.915"[39m
                [36m/>[39m
                [36m<circle[39m
                  [33mcx[39m=[32m"12"[39m
                  [33mcy[39m=[32m"12"[39m
                  [33mr[39m=[32m"3"[39m
                [36m/>[39m
              [36m</svg>[39m
            [36m</span>[39m
            [36m<span[39m
              [33mclass[39m=[32m"flex-1 text-left "[39m
            [36m>[39m
              [0m系统[0m
            [36m</span>[39m
          [36m</button>[39m
          [36m<button[39m
            [33mclass[39m=[32m"w-full flex items-center gap-2.5 px-2.5 py-2 rounded-[8px] text-[12.5px] font-medium transition-[background-color,color,border-color,box-shadow] duration-150 ease-out border !bg-transparent !text-[hsl(var(--slate-700))] !border-transparent hover:!bg-[hsl(var(--card))] hover:!text-[hsl(var(--brand-700))] hover:!border-[hsl(var(--border))] hover:shadow-xs"[39m
          [36m>[39m
            [36m<span[39m
              [33mclass[39m=[32m"icon-chip icon-chip-violet !w-7 !h-7"[39m
            [36m>[39m
              [36m<svg[39m
                [33maria-hidden[39m=[32m"true"[39m
                [33mclass[39m=[32m"lucide lucide-brain w-3.5 h-3.5"[39m
                [33mfill[39m=[32m"none"[39m
                [33mheight[39m=[32m"24"[39m
                [33mstroke[39m=[32m"currentColor"[39m
                [33mstrok...
 ❯ waitForWrapper ../../node_modules/@testing-library/dom/dist/wait-for.js:163:27
 ❯ ../../node_modules/@testing-library/dom/dist/query-helpers.js:86:33
 ❯ src/renderer/domains/workflows/tests/settings-leave-protection.test.tsx:37:33
     35|     await edit()
     36|     fireEvent.click(screen.getByRole('button', { name: target, exact: …
     37|     const dialog = await screen.findByRole('dialog', { name: '保存凭据编辑？'…
       |                                 ^
     38|     fireEvent.click(within(dialog).getByRole('button', { name: '保存后继续'…
     39|     await waitFor(() => expect(saves).toBe(1))

⎯⎯⎯⎯⎯⎯⎯⎯⎯⎯⎯⎯⎯⎯⎯⎯⎯⎯⎯⎯⎯⎯⎯[5/10]⎯

 FAIL  src/renderer/domains/workflows/tests/settings-leave-protection.test.tsx > 完成保存: discard leaves without a write
TestingLibraryElementError: Unable to find role="dialog" and name "保存凭据编辑？"

Ignored nodes: comments, script, style
[36m<body>[39m
  [36m<div />[39m
  [36m<div[39m
    [33mclass[39m=[32m"fixed inset-0 bg-[hsl(217_45%_15%_/_0.55)] backdrop-blur-[3px] flex items-center justify-center p-4 animate-fade-in"[39m
    [33mstyle[39m=[32m"z-index: 2147483646;"[39m
  [36m>[39m
    [36m<div[39m
      [33mclass[39m=[32m"modern-dialog w-full max-w-4xl flex flex-col animate-scale-in-bounce"[39m
      [33mstyle[39m=[32m"max-height: calc(100vh - 32px);"[39m
    [36m>[39m
      [36m<div[39m
        [33mclass[39m=[32m"modern-dialog-header"[39m
      [36m>[39m
        [36m<div[39m
          [33mclass[39m=[32m"modern-dialog-header-icon"[39m
        [36m>[39m
          [36m<svg[39m
            [33maria-hidden[39m=[32m"true"[39m
            [33mclass[39m=[32m"lucide lucide-settings w-5 h-5"[39m
            [33mfill[39m=[32m"none"[39m
            [33mheight[39m=[32m"24"[39m
            [33mstroke[39m=[32m"currentColor"[39m
            [33mstroke-linecap[39m=[32m"round"[39m
            [33mstroke-linejoin[39m=[32m"round"[39m
            [33mstroke-width[39m=[32m"2.2"[39m
            [33mviewBox[39m=[32m"0 0 24 24"[39m
            [33mwidth[39m=[32m"24"[39m
            [33mxmlns[39m=[32m"http://www.w3.org/2000/svg"[39m
          [36m>[39m
            [36m<path[39m
              [33md[39m=[32m"M9.671 4.136a2.34 2.34 0 0 1 4.659 0 2.34 2.34 0 0 0 3.319 1.915 2.34 2.34 0 0 1 2.33 4.033 2.34 2.34 0 0 0 0 3.831 2.34 2.34 0 0 1-2.33 4.033 2.34 2.34 0 0 0-3.319 1.915 2.34 2.34 0 0 1-4.659 0 2.34 2.34 0 0 0-3.32-1.915 2.34 2.34 0 0 1-2.33-4.033 2.34 2.34 0 0 0 0-3.831A2.34 2.34 0 0 1 6.35 6.051a2.34 2.34 0 0 0 3.319-1.915"[39m
            [36m/>[39m
            [36m<circle[39m
              [33mcx[39m=[32m"12"[39m
              [33mcy[39m=[32m"12"[39m
              [33mr[39m=[32m"3"[39m
            [36m/>[39m
          [36m</svg>[39m
        [36m</div>[39m
        [36m<div[39m
          [33mclass[39m=[32m"flex-1"[39m
        [36m>[39m
          [36m<h3[39m
            [33mclass[39m=[32m"modern-dialog-title"[39m
          [36m>[39m
            [0m全局默认配置[0m
          [36m</h3>[39m
          [36m<div[39m
            [33mclass[39m=[32m"modern-dialog-subtitle"[39m
          [36m>[39m
            [0m在这里调整 WebRPA 的工作行为与默认参数[0m
          [36m</div>[39m
        [36m</div>[39m
        [36m<button[39m
          [33mclass[39m=[32m"p-1.5 rounded-[7px] text-[hsl(var(--slate-500))] hover:bg-[hsl(var(--danger-50))] hover:text-[hsl(var(--danger-600))] hover:border-[hsl(var(--danger-500)/0.3)] border border-transparent transition-all duration-150 active:scale-90"[39m
        [36m>[39m
          [36m<svg[39m
            [33maria-hidden[39m=[32m"true"[39m
            [33mclass[39m=[32m"lucide lucide-x w-4 h-4"[39m
            [33mfill[39m=[32m"none"[39m
            [33mheight[39m=[32m"24"[39m
            [33mstroke[39m=[32m"currentColor"[39m
            [33mstroke-linecap[39m=[32m"round"[39m
            [33mstroke-linejoin[39m=[32m"round"[39m
            [33mstroke-width[39m=[32m"2"[39m
            [33mviewBox[39m=[32m"0 0 24 24"[39m
            [33mwidth[39m=[32m"24"[39m
            [33mxmlns[39m=[32m"http://www.w3.org/2000/svg"[39m
          [36m>[39m
            [36m<path[39m
              [33md[39m=[32m"M18 6 6 18"[39m
            [36m/>[39m
            [36m<path[39m
              [33md[39m=[32m"m6 6 12 12"[39m
            [36m/>[39m
          [36m</svg>[39m
        [36m</button>[39m
      [36m</div>[39m
      [36m<div[39m
        [33mclass[39m=[32m"flex flex-1 min-h-0"[39m
      [36m>[39m
        [36m<nav[39m
          [33mclass[39m=[32m"w-44 flex-shrink-0 border-r border-[hsl(var(--border))] bg-[hsl(var(--slate-50)/0.5)] overflow-y-auto p-2 space-y-0.5"[39m
        [36m>[39m
          [36m<button[39m
            [33mclass[39m=[32m"w-full flex items-center gap-2.5 px-2.5 py-2 rounded-[8px] text-[12.5px] font-medium transition-[background-color,color,border-color,box-shadow] duration-150 ease-out border !bg-transparent !text-[hsl(var(--slate-700))] !border-transparent hover:!bg-[hsl(var(--card))] hover:!text-[hsl(var(--brand-700))] hover:!border-[hsl(var(--border))] hover:shadow-xs"[39m
          [36m>[39m
            [36m<span[39m
              [33mclass[39m=[32m"icon-chip icon-chip-brand !w-7 !h-7"[39m
            [36m>[39m
              [36m<svg[39m
                [33maria-hidden[39m=[32m"true"[39m
                [33mclass[39m=[32m"lucide lucide-settings w-3.5 h-3.5"[39m
                [33mfill[39m=[32m"none"[39m
                [33mheight[39m=[32m"24"[39m
                [33mstroke[39m=[32m"currentColor"[39m
                [33mstroke-linecap[39m=[32m"round"[39m
                [33mstroke-linejoin[39m=[32m"round"[39m
                [33mstroke-width[39m=[32m"2"[39m
                [33mviewBox[39m=[32m"0 0 24 24"[39m
                [33mwidth[39m=[32m"24"[39m
                [33mxmlns[39m=[32m"http://www.w3.org/2000/svg"[39m
              [36m>[39m
                [36m<path[39m
                  [33md[39m=[32m"M9.671 4.136a2.34 2.34 0 0 1 4.659 0 2.34 2.34 0 0 0 3.319 1.915 2.34 2.34 0 0 1 2.33 4.033 2.34 2.34 0 0 0 0 3.831 2.34 2.34 0 0 1-2.33 4.033 2.34 2.34 0 0 0-3.319 1.915 2.34 2.34 0 0 1-4.659 0 2.34 2.34 0 0 0-3.32-1.915 2.34 2.34 0 0 1-2.33-4.033 2.34 2.34 0 0 0 0-3.831A2.34 2.34 0 0 1 6.35 6.051a2.34 2.34 0 0 0 3.319-1.915"[39m
                [36m/>[39m
                [36m<circle[39m
                  [33mcx[39m=[32m"12"[39m
                  [33mcy[39m=[32m"12"[39m
                  [33mr[39m=[32m"3"[39m
                [36m/>[39m
              [36m</svg>[39m
            [36m</span>[39m
            [36m<span[39m
              [33mclass[39m=[32m"flex-1 text-left "[39m
            [36m>[39m
              [0m系统[0m
            [36m</span>[39m
          [36m</button>[39m
          [36m<button[39m
            [33mclass[39m=[32m"w-full flex items-center gap-2.5 px-2.5 py-2 rounded-[8px] text-[12.5px] font-medium transition-[background-color,color,border-color,box-shadow] duration-150 ease-out border !bg-transparent !text-[hsl(var(--slate-700))] !border-transparent hover:!bg-[hsl(var(--card))] hover:!text-[hsl(var(--brand-700))] hover:!border-[hsl(var(--border))] hover:shadow-xs"[39m
          [36m>[39m
            [36m<span[39m
              [33mclass[39m=[32m"icon-chip icon-chip-violet !w-7 !h-7"[39m
            [36m>[39m
              [36m<svg[39m
                [33maria-hidden[39m=[32m"true"[39m
                [33mclass[39m=[32m"lucide lucide-brain w-3.5 h-3.5"[39m
                [33mfill[39m=[32m"none"[39m
                [33mheight[39m=[32m"24"[39m
                [33mstroke[39m=[32m"currentColor"[39m
                [33mstrok...

Ignored nodes: comments, script, style
[36m<body>[39m
  [36m<div />[39m
  [36m<div[39m
    [33mclass[39m=[32m"fixed inset-0 bg-[hsl(217_45%_15%_/_0.55)] backdrop-blur-[3px] flex items-center justify-center p-4 animate-fade-in"[39m
    [33mstyle[39m=[32m"z-index: 2147483646;"[39m
  [36m>[39m
    [36m<div[39m
      [33mclass[39m=[32m"modern-dialog w-full max-w-4xl flex flex-col animate-scale-in-bounce"[39m
      [33mstyle[39m=[32m"max-height: calc(100vh - 32px);"[39m
    [36m>[39m
      [36m<div[39m
        [33mclass[39m=[32m"modern-dialog-header"[39m
      [36m>[39m
        [36m<div[39m
          [33mclass[39m=[32m"modern-dialog-header-icon"[39m
        [36m>[39m
          [36m<svg[39m
            [33maria-hidden[39m=[32m"true"[39m
            [33mclass[39m=[32m"lucide lucide-settings w-5 h-5"[39m
            [33mfill[39m=[32m"none"[39m
            [33mheight[39m=[32m"24"[39m
            [33mstroke[39m=[32m"currentColor"[39m
            [33mstroke-linecap[39m=[32m"round"[39m
            [33mstroke-linejoin[39m=[32m"round"[39m
            [33mstroke-width[39m=[32m"2.2"[39m
            [33mviewBox[39m=[32m"0 0 24 24"[39m
            [33mwidth[39m=[32m"24"[39m
            [33mxmlns[39m=[32m"http://www.w3.org/2000/svg"[39m
          [36m>[39m
            [36m<path[39m
              [33md[39m=[32m"M9.671 4.136a2.34 2.34 0 0 1 4.659 0 2.34 2.34 0 0 0 3.319 1.915 2.34 2.34 0 0 1 2.33 4.033 2.34 2.34 0 0 0 0 3.831 2.34 2.34 0 0 1-2.33 4.033 2.34 2.34 0 0 0-3.319 1.915 2.34 2.34 0 0 1-4.659 0 2.34 2.34 0 0 0-3.32-1.915 2.34 2.34 0 0 1-2.33-4.033 2.34 2.34 0 0 0 0-3.831A2.34 2.34 0 0 1 6.35 6.051a2.34 2.34 0 0 0 3.319-1.915"[39m
            [36m/>[39m
            [36m<circle[39m
              [33mcx[39m=[32m"12"[39m
              [33mcy[39m=[32m"12"[39m
              [33mr[39m=[32m"3"[39m
            [36m/>[39m
          [36m</svg>[39m
        [36m</div>[39m
        [36m<div[39m
          [33mclass[39m=[32m"flex-1"[39m
        [36m>[39m
          [36m<h3[39m
            [33mclass[39m=[32m"modern-dialog-title"[39m
          [36m>[39m
            [0m全局默认配置[0m
          [36m</h3>[39m
          [36m<div[39m
            [33mclass[39m=[32m"modern-dialog-subtitle"[39m
          [36m>[39m
            [0m在这里调整 WebRPA 的工作行为与默认参数[0m
          [36m</div>[39m
        [36m</div>[39m
        [36m<button[39m
          [33mclass[39m=[32m"p-1.5 rounded-[7px] text-[hsl(var(--slate-500))] hover:bg-[hsl(var(--danger-50))] hover:text-[hsl(var(--danger-600))] hover:border-[hsl(var(--danger-500)/0.3)] border border-transparent transition-all duration-150 active:scale-90"[39m
        [36m>[39m
          [36m<svg[39m
            [33maria-hidden[39m=[32m"true"[39m
            [33mclass[39m=[32m"lucide lucide-x w-4 h-4"[39m
            [33mfill[39m=[32m"none"[39m
            [33mheight[39m=[32m"24"[39m
            [33mstroke[39m=[32m"currentColor"[39m
            [33mstroke-linecap[39m=[32m"round"[39m
            [33mstroke-linejoin[39m=[32m"round"[39m
            [33mstroke-width[39m=[32m"2"[39m
            [33mviewBox[39m=[32m"0 0 24 24"[39m
            [33mwidth[39m=[32m"24"[39m
            [33mxmlns[39m=[32m"http://www.w3.org/2000/svg"[39m
          [36m>[39m
            [36m<path[39m
              [33md[39m=[32m"M18 6 6 18"[39m
            [36m/>[39m
            [36m<path[39m
              [33md[39m=[32m"m6 6 12 12"[39m
            [36m/>[39m
          [36m</svg>[39m
        [36m</button>[39m
      [36m</div>[39m
      [36m<div[39m
        [33mclass[39m=[32m"flex flex-1 min-h-0"[39m
      [36m>[39m
        [36m<nav[39m
          [33mclass[39m=[32m"w-44 flex-shrink-0 border-r border-[hsl(var(--border))] bg-[hsl(var(--slate-50)/0.5)] overflow-y-auto p-2 space-y-0.5"[39m
        [36m>[39m
          [36m<button[39m
            [33mclass[39m=[32m"w-full flex items-center gap-2.5 px-2.5 py-2 rounded-[8px] text-[12.5px] font-medium transition-[background-color,color,border-color,box-shadow] duration-150 ease-out border !bg-transparent !text-[hsl(var(--slate-700))] !border-transparent hover:!bg-[hsl(var(--card))] hover:!text-[hsl(var(--brand-700))] hover:!border-[hsl(var(--border))] hover:shadow-xs"[39m
          [36m>[39m
            [36m<span[39m
              [33mclass[39m=[32m"icon-chip icon-chip-brand !w-7 !h-7"[39m
            [36m>[39m
              [36m<svg[39m
                [33maria-hidden[39m=[32m"true"[39m
                [33mclass[39m=[32m"lucide lucide-settings w-3.5 h-3.5"[39m
                [33mfill[39m=[32m"none"[39m
                [33mheight[39m=[32m"24"[39m
                [33mstroke[39m=[32m"currentColor"[39m
                [33mstroke-linecap[39m=[32m"round"[39m
                [33mstroke-linejoin[39m=[32m"round"[39m
                [33mstroke-width[39m=[32m"2"[39m
                [33mviewBox[39m=[32m"0 0 24 24"[39m
                [33mwidth[39m=[32m"24"[39m
                [33mxmlns[39m=[32m"http://www.w3.org/2000/svg"[39m
              [36m>[39m
                [36m<path[39m
                  [33md[39m=[32m"M9.671 4.136a2.34 2.34 0 0 1 4.659 0 2.34 2.34 0 0 0 3.319 1.915 2.34 2.34 0 0 1 2.33 4.033 2.34 2.34 0 0 0 0 3.831 2.34 2.34 0 0 1-2.33 4.033 2.34 2.34 0 0 0-3.319 1.915 2.34 2.34 0 0 1-4.659 0 2.34 2.34 0 0 0-3.32-1.915 2.34 2.34 0 0 1-2.33-4.033 2.34 2.34 0 0 0 0-3.831A2.34 2.34 0 0 1 6.35 6.051a2.34 2.34 0 0 0 3.319-1.915"[39m
                [36m/>[39m
                [36m<circle[39m
                  [33mcx[39m=[32m"12"[39m
                  [33mcy[39m=[32m"12"[39m
                  [33mr[39m=[32m"3"[39m
                [36m/>[39m
              [36m</svg>[39m
            [36m</span>[39m
            [36m<span[39m
              [33mclass[39m=[32m"flex-1 text-left "[39m
            [36m>[39m
              [0m系统[0m
            [36m</span>[39m
          [36m</button>[39m
          [36m<button[39m
            [33mclass[39m=[32m"w-full flex items-center gap-2.5 px-2.5 py-2 rounded-[8px] text-[12.5px] font-medium transition-[background-color,color,border-color,box-shadow] duration-150 ease-out border !bg-transparent !text-[hsl(var(--slate-700))] !border-transparent hover:!bg-[hsl(var(--card))] hover:!text-[hsl(var(--brand-700))] hover:!border-[hsl(var(--border))] hover:shadow-xs"[39m
          [36m>[39m
            [36m<span[39m
              [33mclass[39m=[32m"icon-chip icon-chip-violet !w-7 !h-7"[39m
            [36m>[39m
              [36m<svg[39m
                [33maria-hidden[39m=[32m"true"[39m
                [33mclass[39m=[32m"lucide lucide-brain w-3.5 h-3.5"[39m
                [33mfill[39m=[32m"none"[39m
                [33mheight[39m=[32m"24"[39m
                [33mstroke[39m=[32m"currentColor"[39m
                [33mstrok...
 ❯ waitForWrapper ../../node_modules/@testing-library/dom/dist/wait-for.js:163:27
 ❯ ../../node_modules/@testing-library/dom/dist/query-helpers.js:86:33
 ❯ src/renderer/domains/workflows/tests/settings-leave-protection.test.tsx:46:33
     44|     await edit()
     45|     fireEvent.click(screen.getByRole('button', { name: target, exact: …
     46|     const dialog = await screen.findByRole('dialog', { name: '保存凭据编辑？'…
       |                                 ^
     47|     fireEvent.click(within(dialog).getByRole('button', { name: '放弃修改' …
     48|     if (target === '系统') await screen.findByText('配置系统相关的全局设置')

⎯⎯⎯⎯⎯⎯⎯⎯⎯⎯⎯⎯⎯⎯⎯⎯⎯⎯⎯⎯⎯⎯⎯[6/10]⎯

 FAIL  src/renderer/domains/workflows/tests/settings-leave-protection.test.tsx > 关闭全局配置: cancel keeps unsaved credential input
TestingLibraryElementError: Unable to find an accessible element with the role "button" and name "关闭全局配置"

Here are the accessible roles:

  heading:

  Name "全局默认配置":
  [36m<h3[39m
    [33mclass[39m=[32m"modern-dialog-title"[39m
  [36m/>[39m

  --------------------------------------------------
  button:

  Name "":
  [36m<button[39m
    [33mclass[39m=[32m"p-1.5 rounded-[7px] text-[hsl(var(--slate-500))] hover:bg-[hsl(var(--danger-50))] hover:text-[hsl(var(--danger-600))] hover:border-[hsl(var(--danger-500)/0.3)] border border-transparent transition-all duration-150 active:scale-90"[39m
  [36m/>[39m

  Name "系统":
  [36m<button[39m
    [33mclass[39m=[32m"w-full flex items-center gap-2.5 px-2.5 py-2 rounded-[8px] text-[12.5px] font-medium transition-[background-color,color,border-color,box-shadow] duration-150 ease-out border !bg-transparent !text-[hsl(var(--slate-700))] !border-transparent hover:!bg-[hsl(var(--card))] hover:!text-[hsl(var(--brand-700))] hover:!border-[hsl(var(--border))] hover:shadow-xs"[39m
  [36m/>[39m

  Name "AI对话":
  [36m<button[39m
    [33mclass[39m=[32m"w-full flex items-center gap-2.5 px-2.5 py-2 rounded-[8px] text-[12.5px] font-medium transition-[background-color,color,border-color,box-shadow] duration-150 ease-out border !bg-transparent !text-[hsl(var(--slate-700))] !border-transparent hover:!bg-[hsl(var(--card))] hover:!text-[hsl(var(--brand-700))] hover:!border-[hsl(var(--border))] hover:shadow-xs"[39m
  [36m/>[39m

  Name "小助手":
  [36m<button[39m
    [33mclass[39m=[32m"w-full flex items-center gap-2.5 px-2.5 py-2 rounded-[8px] text-[12.5px] font-medium transition-[background-color,color,border-color,box-shadow] duration-150 ease-out border !bg-transparent !text-[hsl(var(--slate-700))] !border-transparent hover:!bg-[hsl(var(--card))] hover:!text-[hsl(var(--brand-700))] hover:!border-[hsl(var(--border))] hover:shadow-xs"[39m
  [36m/>[39m

  Name "MCP":
  [36m<button[39m
    [33mclass[39m=[32m"w-full flex items-center gap-2.5 px-2.5 py-2 rounded-[8px] text-[12.5px] font-medium transition-[background-color,color,border-color,box-shadow] duration-150 ease-out border !bg-transparent !text-[hsl(var(--slate-700))] !border-transparent hover:!bg-[hsl(var(--card))] hover:!text-[hsl(var(--brand-700))] hover:!border-[hsl(var(--border))] hover:shadow-xs"[39m
  [36m/>[39m

  Name "AI智能":
  [36m<button[39m
    [33mclass[39m=[32m"w-full flex items-center gap-2.5 px-2.5 py-2 rounded-[8px] text-[12.5px] font-medium transition-[background-color,color,border-color,box-shadow] duration-150 ease-out border !bg-transparent !text-[hsl(var(--slate-700))] !border-transparent hover:!bg-[hsl(var(--card))] hover:!text-[hsl(var(--brand-700))] hover:!border-[hsl(var(--border))] hover:shadow-xs"[39m
  [36m/>[39m

  Name "邮件":
  [36m<button[39m
    [33mclass[39m=[32m"w-full flex items-center gap-2.5 px-2.5 py-2 rounded-[8px] text-[12.5px] font-medium transition-[background-color,color,border-color,box-shadow] duration-150 ease-out border !bg-transparent !text-[hsl(var(--slate-700))] !border-transparent hover:!bg-[hsl(var(--card))] hover:!text-[hsl(var(--brand-700))] hover:!border-[hsl(var(--border))] hover:shadow-xs"[39m
  [36m/>[39m

  Name "存储":
  [36m<button[39m
    [33mclass[39m=[32m"w-full flex items-center gap-2.5 px-2.5 py-2 rounded-[8px] text-[12.5px] font-medium transition-[background-color,color,border-color,box-shadow] duration-150 ease-out border !bg-transparent !text-[hsl(var(--slate-700))] !border-transparent hover:!bg-[hsl(var(--card))] hover:!text-[hsl(var(--brand-700))] hover:!border-[hsl(var(--border))] hover:shadow-xs"[39m
  [36m/>[39m

  Name "数据库":
  [36m<button[39m
    [33mclass[39m=[32m"w-full flex items-center gap-2.5 px-2.5 py-2 rounded-[8px] text-[12.5px] font-medium transition-[background-color,color,border-color,box-shadow] duration-150 ease-out border !bg-transparent !text-[hsl(var(--slate-700))] !border-transparent hover:!bg-[hsl(var(--card))] hover:!text-[hsl(var(--brand-700))] hover:!border-[hsl(var(--border))] hover:shadow-xs"[39m
  [36m/>[39m

  Name "显示":
  [36m<button[39m
    [33mclass[39m=[32m"w-full flex items-center gap-2.5 px-2.5 py-2 rounded-[8px] text-[12.5px] font-medium transition-[background-color,color,border-color,box-shadow] duration-150 ease-out border !bg-transparent !text-[hsl(var(--slate-700))] !border-transparent hover:!bg-[hsl(var(--card))] hover:!text-[hsl(var(--brand-700))] hover:!border-[hsl(var(--border))] hover:shadow-xs"[39m
  [36m/>[39m

  Name "浏览器":
  [36m<button[39m
    [33mclass[39m=[32m"w-full flex items-center gap-2.5 px-2.5 py-2 rounded-[8px] text-[12.5px] font-medium transition-[background-color,color,border-color,box-shadow] duration-150 ease-out border !bg-transparent !text-[hsl(var(--slate-700))] !border-transparent hover:!bg-[hsl(var(--card))] hover:!text-[hsl(var(--brand-700))] hover:!border-[hsl(var(--border))] hover:shadow-xs"[39m
  [36m/>[39m

  Name "触发器":
  [36m<button[39m
    [33mclass[39m=[32m"w-full flex items-center gap-2.5 px-2.5 py-2 rounded-[8px] text-[12.5px] font-medium transition-[background-color,color,border-color,box-shadow] duration-150 ease-out border !bg-transparent !text-[hsl(var(--slate-700))] !border-transparent hover:!bg-[hsl(var(--card))] hover:!text-[hsl(var(--brand-700))] hover:!border-[hsl(var(--border))] hover:shadow-xs"[39m
  [36m/>[39m

  Name "安全":
  [36m<button[39m
    [33mclass[39m=[32m"w-full flex items-center gap-2.5 px-2.5 py-2 rounded-[8px] text-[12.5px] font-medium transition-[background-color,color,border-color,box-shadow] duration-150 ease-out border !bg-transparent !text-[hsl(var(--slate-700))] !border-transparent hover:!bg-[hsl(var(--card))] hover:!text-[hsl(var(--brand-700))] hover:!border-[hsl(var(--border))] hover:shadow-xs"[39m
  [36m/>[39m

  Name "凭据库":
  [36m<button[39m
    [33mclass[39m=[32m"w-full flex items-center gap-2.5 px-2.5 py-2 rounded-[8px] text-[12.5px] font-medium transition-[background-color,color,border-color,box-shadow] duration-150 ease-out border !bg-[hsl(var(--brand-600))] !text-white !border-[hsl(var(--brand-700))] shadow-brand-glow"[39m
  [36m/>[39m

  Name "留存清理":
  [36m<button[39m
    [33mclass[39m=[32m"w-full flex items-center gap-2.5 px-2.5 py-2 rounded-[8px] text-[12.5px] font-medium transition-[background-color,color,border-color,box-shadow] duration-150 ease-out border !bg-transparent !text-[hsl(var(--slate-700))] !border-transparent hover:!bg-[hsl(var(--card))] hover:!text-[hsl(var(--brand-700))] hover:!border-[hsl(var(--border))] hover:shadow-xs"[39m
  [36m/>[39m

  Name "显示密码":
  [36m<button[39m
    [33maria-label[39m=[32m"显示密码"[39m
    [33mclass[39m=[32m"absolute right-1 top-1/2 -translate-y-1/2 flex items-center justify-center h-6 w-6 rounded-[5px] text-[hsl(var(--muted-foreground))] hover:text-[hsl(var(--brand-600))] hover:bg-[hsl(var(--brand-50))] transition-colors duration-120 cursor-pointer"[39m
    [33mtabindex[39m=[32m"-1"[39m
    [33mtype[39m=[32m"button"[39m
  [36m/>[39m

  Name "":
  [36m<button[39m
    [33mclass[39m=[32m"p-1 text-gray-400 hover:text-red-600"[39m
  [36m/>[39m

  Name "添加字段":
  [36m<button[39m
    [33mclass[39m=[32m"group relative inline-flex items-center justify-center gap-1.5 whitespace-nowrap font-medium select-none transition-[background-color,border-color,color,box-shadow,transform,filter] duration-150 ease-[cubic-bezier(0.25,1,0.5,1)] focus-visible:outline-none focus-visible:ring-2 focus-visible:ring-[hsl(var(--ring))] focus-visible:ring-offset-1 focus-visible:ring-offset-[hsl(var(--background))] disabled:pointer-events-none disabled:opacity-50 active:translate-y-[1px] active:scale-[0.99] bg-[hsl(var(--brand-50))] border shadow-xs hover:border-[hsl(var(--brand-500)/0.6)] hover:text-[hsl(var(--brand-800))] hover:shadow-soft active:bg-[hsl(var(--brand-200))] h-7 px-2.5 text-[12px] rounded-[6px] border-gray-300 text-gray-700 hover:bg-gray-100"[39m
    [33mtype[39m=[32m"button"[39m
  [36m/>[39m

  Name "取消":
  [36m<button[39m
    [33mclass[39m=[32m"group relative inline-flex items-center justify-center gap-1.5 whitespace-nowrap font-medium select-none transition-[background-color,border-color,color,box-shadow,transform,filter] duration-150 ease-[cubic-bezier(0.25,1,0.5,1)] focus-visible:outline-none focus-visible:ring-2 focus-visible:ring-[hsl(var(--ring))] focus-visible:ring-offset-1 focus-visible:ring-offset-[hsl(var(--background))] disabled:pointer-events-none disabled:opacity-50 active:translate-y-[1px] active:scale-[0.99] bg-[hsl(var(--brand-50))] border shadow-xs hover:bg-[hsl(var(--brand-100))] hover:border-[hsl(var(--brand-500)/0.6)] hover:text-[hsl(var(--brand-800))] hover:shadow-soft active:bg-[hsl(var(--brand-200))] h-7 px-2.5 text-[12px] rounded-[6px] border-gray-300 text-gray-700"[39m
    [33mtype[39m=[32m"button"[39m
  [36m/>[39m

  Name "保存":
  [36m<button[39m
    [33mclass[39m=[32m"group relative inline-flex items-center justify-center gap-1.5 whitespace-nowrap font-medium select-none transition-[background-color,border-color,color,box-shadow,transform,filter] duration-150 ease-[cubic-bezier(0.25,1,0.5,1)] focus-visible:outline-none focus-visible:ring-2 focus-visible:ring-[hsl(var(--ring))] focus-visible:ring-offset-1 focus-visible:ring-offset-[hsl(var(--background))] disabled:pointer-events-none disabled:opacity-50 active:translate-y-[1px] active:scale-[0.99] !bg-[hsl(var(--brand-600))] !text-white !border-transparent shadow-soft hover:!bg-[hsl(var(--brand-700))] hover:shadow-brand-glow hover:-translate-y-[1px] active:!bg-[hsl(var(--brand-800))] h-7 px-2.5 text-[12px] rounded-[6px]"[39m
    [33mtype[39m=[32m"button"[39m
  [36m/>[39m

  Name "重置全部":
  [36m<button[39m
    [33mclass[39m=[32m"group relative inline-flex items-center justify-center gap-1.5 whitespace-nowrap font-medium select-none transition-[background-color,border-color,color,box-shadow,transform,filter] duration-150 ease-[cubic-bezier(0.25,1,0.5,1)] focus-visible:outline-none focus-visible:ring-2 focus-visible:ring-[hsl(var(--ring))] focus-visible:ring-offset-1 focus-visible:ring-offset-[hsl(var(--background))] disabled:pointer-events-none disabled:opacity-50 active:translate-y-[1px] active:scale-[0.99] bg-[hsl(var(--warning-50))] text-[hsl(var(--warning-700))] border border-[hsl(var(--warning-500)/0.3)] hover:bg-[hsl(var(--warning-100))] hover:border-[hsl(var(--warning-500)/0.5)] h-7 px-2.5 text-[12px] rounded-[6px]"[39m
  [36m/>[39m

  Name "导入配置":
  [36m<button[39m
    [33mclass[39m=[32m"group relative inline-flex items-center justify-center gap-1.5 whitespace-nowrap font-medium select-none transition-[background-color,border-color,color,box-shadow,transform,filter] duration-150 ease-[cubic-bezier(0.25,1,0.5,1)] focus-visible:outline-none focus-visible:ring-2 focus-visible:ring-[hsl(var(--ring))] focus-visible:ring-offset-1 focus-visible:ring-offset-[hsl(var(--background))] disabled:pointer-events-none disabled:opacity-50 active:translate-y-[1px] active:scale-[0.99] bg-[hsl(var(--brand-50))] border shadow-xs hover:bg-[hsl(var(--brand-100))] hover:border-[hsl(var(--brand-500)/0.6)] hover:text-[hsl(var(--brand-800))] hover:shadow-soft active:bg-[hsl(var(--brand-200))] h-7 px-2.5 text-[12px] rounded-[6px] border-gray-300 text-gray-700"[39m
    [33mtitle[39m=[32m"从 JSON 文件导入全部全局配置（换机器/换浏览器迁移用）"[39m
  [36m/>[39m

  Name "导出配置":
  [36m<button[39m
    [33mclass[39m=[32m"group relative inline-flex items-center justify-center gap-1.5 whitespace-nowrap font-medium select-none transition-[background-color,border-color,color,box-shadow,transform,filter] duration-150 ease-[cubic-bezier(0.25,1,0.5,1)] focus-visible:outline-none focus-visible:ring-2 focus-visible:ring-[hsl(var(--ring))] focus-visible:ring-offset-1 focus-visible:ring-offset-[hsl(var(--background))] disabled:pointer-events-none disabled:opacity-50 active:translate-y-[1px] active:scale-[0.99] bg-[hsl(var(--brand-50))] border shadow-xs hover:bg-[hsl(var(--brand-100))] hover:border-[hsl(var(--brand-500)/0.6)] hover:text-[hsl(var(--brand-800))] hover:shadow-soft active:bg-[hsl(var(--brand-200))] h-7 px-2.5 text-[12px] rounded-[6px] border-gray-300 text-gray-700"[39m
    [33mtitle[39m=[32m"导出全部全局配置为 JSON 文件"[39m
  [36m/>[39m

  Name "完成保存":
  [36m<button[39m
    [33mclass[39m=[32m"group relative inline-flex items-center justify-center gap-1.5 whitespace-nowrap font-medium select-none transition-[background-color,border-color,color,box-shadow,transform,filter] duration-150 ease-[cubic-bezier(0.25,1,0.5,1)] focus-visible:outline-none focus-visible:ring-2 focus-visible:ring-[hsl(var(--ring))] focus-visible:ring-offset-1 focus-visible:ring-offset-[hsl(var(--background))] disabled:pointer-events-none disabled:opacity-50 active:translate-y-[1px] active:scale-[0.99] !bg-[hsl(var(--success-600))] !text-white !border-transparent shadow-soft hover:!bg-[hsl(var(--success-700))] hover:shadow-success-glow hover:-translate-y-[1px] active:brightness-95 h-7 px-2.5 text-[12px] rounded-[6px]"[39m
  [36m/>[39m

  --------------------------------------------------
  navigation:

  Name "":
  [36m<nav[39m
    [33mclass[39m=[32m"w-44 flex-shrink-0 border-r border-[hsl(var(--border))] bg-[hsl(var(--slate-50)/0.5)] overflow-y-auto p-2 space-y-0.5"[39m
  [36m/>[39m

  --------------------------------------------------
  paragraph:

  Name "":
  [36m<p />[39m

  Name "":
  [36m<p[39m
    [33mclass[39m=[32m"text-xs text-gray-500 mb-4"[39m
  [36m/>[39m

  --------------------------------------------------
  code:

  Name "":
  [36m<code[39m
    [33mclass[39m=[32m"bg-gray-100 px-1 rounded mx-1"[39m
  [36m/>[39m

  Name "":
  [36m<code[39m
    [33mclass[39m=[32m"bg-gray-100 px-1 rounded mx-1"[39m
  [36m/>[39m

  --------------------------------------------------
  group:

  Name "":
  [36m<fieldset[39m
    [33mclass[39m=[32m"space-y-3 p-3 bg-gray-50 rounded-lg border border-gray-200"[39m
  [36m/>[39m

  --------------------------------------------------
  textbox:

  Name "":
  [36m<input[39m
    [33mclass[39m=[32m"flex w-full rounded-[7px] px-2.5 py-1 border placeholder:text-[hsl(var(--muted-foreground))] shadow-[inset_0_1px_2px_rgb(15_23_42_/_0.04)] transition-[border-color,box-shadow,background-color] duration-150 ease-[cubic-bezier(0.25,1,0.5,1)] hover:border-[hsl(var(--slate-300))] hover:bg-[hsl(var(--card))] focus-visible:outline-none focus-visible:border-[hsl(var(--brand-500))] focus-visible:bg-[hsl(var(--card))] focus-visible:ring-2 focus-visible:ring-[hsl(var(--brand-500)/0.18)] disabled:cursor-not-allowed disabled:opacity-50 disabled:bg-[hsl(var(--muted))] aria-[invalid=true]:border-[hsl(var(--danger-500))] aria-[invalid=true]:ring-[hsl(var(--danger-500)/0.18)] file:border-0 file:bg-transparent file:text-[12px] file:font-medium file:text-[hsl(var(--foreground))] bg-white text-black border-gray-300 h-8 text-sm mt-1"[39m
    [33mplaceholder[39m=[32m"如：我的邮箱"[39m
    [33mvalue[39m=[32m"leave-fixture"[39m
  [36m/>[39m

  Name "":
  [36m<input[39m
    [33mclass[39m=[32m"flex w-full rounded-[7px] px-2.5 py-1 border placeholder:text-[hsl(var(--muted-foreground))] shadow-[inset_0_1px_2px_rgb(15_23_42_/_0.04)] transition-[border-color,box-shadow,background-color] duration-150 ease-[cubic-bezier(0.25,1,0.5,1)] hover:border-[hsl(var(--slate-300))] hover:bg-[hsl(var(--card))] focus-visible:outline-none focus-visible:border-[hsl(var(--brand-500))] focus-visible:bg-[hsl(var(--card))] focus-visible:ring-2 focus-visible:ring-[hsl(var(--brand-500)/0.18)] disabled:cursor-not-allowed disabled:opacity-50 disabled:bg-[hsl(var(--muted))] aria-[invalid=true]:border-[hsl(var(--danger-500))] aria-[invalid=true]:ring-[hsl(var(--danger-500)/0.18)] file:border-0 file:bg-transparent file:text-[12px] file:font-medium file:text-[hsl(var(--foreground))] bg-white text-black border-gray-300 h-8 text-sm mt-1"[39m
    [33mplaceholder[39m=[32m"用途备注"[39m
    [33mvalue[39m=[32m""[39m
  [36m/>[39m

  Name "":
  [36m<input[39m
    [33mclass[39m=[32m"flex rounded-[7px] px-2.5 py-1 border placeholder:text-[hsl(var(--muted-foreground))] shadow-[inset_0_1px_2px_rgb(15_23_42_/_0.04)] transition-[border-color,box-shadow,background-color] duration-150 ease-[cubic-bezier(0.25,1,0.5,1)] hover:border-[hsl(var(--slate-300))] hover:bg-[hsl(var(--card))] focus-visible:outline-none focus-visible:border-[hsl(var(--brand-500))] focus-visible:bg-[hsl(var(--card))] focus-visible:ring-2 focus-visible:ring-[hsl(var(--brand-500)/0.18)] disabled:cursor-not-allowed disabled:opacity-50 disabled:bg-[hsl(var(--muted))] aria-[invalid=true]:border-[hsl(var(--danger-500))] aria-[invalid=true]:ring-[hsl(var(--danger-500)/0.18)] file:border-0 file:bg-transparent file:text-[12px] file:font-medium file:text-[hsl(var(--foreground))] bg-white text-black border-gray-300 h-8 text-sm w-1/3"[39m
    [33mplaceholder[39m=[32m"字段名 如 value/password/api_key"[39m
    [33mvalue[39m=[32m"value"[39m
  [36m/>[39m

  --------------------------------------------------

Ignored nodes: comments, script, style
[36m<body>[39m
  [36m<div />[39m
  [36m<div[39m
    [33mclass[39m=[32m"fixed inset-0 bg-[hsl(217_45%_15%_/_0.55)] backdrop-blur-[3px] flex items-center justify-center p-4 animate-fade-in"[39m
    [33mstyle[39m=[32m"z-index: 2147483646;"[39m
  [36m>[39m
    [36m<div[39m
      [33mclass[39m=[32m"modern-dialog w-full max-w-4xl flex flex-col animate-scale-in-bounce"[39m
      [33mstyle[39m=[32m"max-height: calc(100vh - 32px);"[39m
    [36m>[39m
      [36m<div[39m
        [33mclass[39m=[32m"modern-dialog-header"[39m
      [36m>[39m
        [36m<div[39m
          [33mclass[39m=[32m"modern-dialog-header-icon"[39m
        [36m>[39m
          [36m<svg[39m
            [33maria-hidden[39m=[32m"true"[39m
            [33mclass[39m=[32m"lucide lucide-settings w-5 h-5"[39m
            [33mfill[39m=[32m"none"[39m
            [33mheight[39m=[32m"24"[39m
            [33mstroke[39m=[32m"currentColor"[39m
            [33mstroke-linecap[39m=[32m"round"[39m
            [33mstroke-linejoin[39m=[32m"round"[39m
            [33mstroke-width[39m=[32m"2.2"[39m
            [33mviewBox[39m=[32m"0 0 24 24"[39m
            [33mwidth[39m=[32m"24"[39m
            [33mxmlns[39m=[32m"http://www.w3.org/2000/svg"[39m
          [36m>[39m
            [36m<path[39m
              [33md[39m=[32m"M9.671 4.136a2.34 2.34 0 0 1 4.659 0 2.34 2.34 0 0 0 3.319 1.915 2.34 2.34 0 0 1 2.33 4.033 2.34 2.34 0 0 0 0 3.831 2.34 2.34 0 0 1-2.33 4.033 2.34 2.34 0 0 0-3.319 1.915 2.34 2.34 0 0 1-4.659 0 2.34 2.34 0 0 0-3.32-1.915 2.34 2.34 0 0 1-2.33-4.033 2.34 2.34 0 0 0 0-3.831A2.34 2.34 0 0 1 6.35 6.051a2.34 2.34 0 0 0 3.319-1.915"[39m
            [36m/>[39m
            [36m<circle[39m
              [33mcx[39m=[32m"12"[39m
              [33mcy[39m=[32m"12"[39m
              [33mr[39m=[32m"3"[39m
            [36m/>[39m
          [36m</svg>[39m
        [36m</div>[39m
        [36m<div[39m
          [33mclass[39m=[32m"flex-1"[39m
        [36m>[39m
          [36m<h3[39m
            [33mclass[39m=[32m"modern-dialog-title"[39m
          [36m>[39m
            [0m全局默认配置[0m
          [36m</h3>[39m
          [36m<div[39m
            [33mclass[39m=[32m"modern-dialog-subtitle"[39m
          [36m>[39m
            [0m在这里调整 WebRPA 的工作行为与默认参数[0m
          [36m</div>[39m
        [36m</div>[39m
        [36m<button[39m
          [33mclass[39m=[32m"p-1.5 rounded-[7px] text-[hsl(var(--slate-500))] hover:bg-[hsl(var(--danger-50))] hover:text-[hsl(var(--danger-600))] hover:border-[hsl(var(--danger-500)/0.3)] border border-transparent transition-all duration-150 active:scale-90"[39m
        [36m>[39m
          [36m<svg[39m
            [33maria-hidden[39m=[32m"true"[39m
            [33mclass[39m=[32m"lucide lucide-x w-4 h-4"[39m
            [33mfill[39m=[32m"none"[39m
            [33mheight[39m=[32m"24"[39m
            [33mstroke[39m=[32m"currentColor"[39m
            [33mstroke-linecap[39m=[32m"round"[39m
            [33mstroke-linejoin[39m=[32m"round"[39m
            [33mstroke-width[39m=[32m"2"[39m
            [33mviewBox[39m=[32m"0 0 24 24"[39m
            [33mwidth[39m=[32m"24"[39m
            [33mxmlns[39m=[32m"http://www.w3.org/2000/svg"[39m
          [36m>[39m
            [36m<path[39m
              [33md[39m=[32m"M18 6 6 18"[39m
            [36m/>[39m
            [36m<path[39m
              [33md[39m=[32m"m6 6 12 12"[39m
            [36m/>[39m
          [36m</svg>[39m
        [36m</button>[39m
      [36m</div>[39m
      [36m<div[39m
        [33mclass[39m=[32m"flex flex-1 min-h-0"[39m
      [36m>[39m
        [36m<nav[39m
          [33mclass[39m=[32m"w-44 flex-shrink-0 border-r border-[hsl(var(--border))] bg-[hsl(var(--slate-50)/0.5)] overflow-y-auto p-2 space-y-0.5"[39m
        [36m>[39m
          [36m<button[39m
            [33mclass[39m=[32m"w-full flex items-center gap-2.5 px-2.5 py-2 rounded-[8px] text-[12.5px] font-medium transition-[background-color,color,border-color,box-shadow] duration-150 ease-out border !bg-transparent !text-[hsl(var(--slate-700))] !border-transparent hover:!bg-[hsl(var(--card))] hover:!text-[hsl(var(--brand-700))] hover:!border-[hsl(var(--border))] hover:shadow-xs"[39m
          [36m>[39m
            [36m<span[39m
              [33mclass[39m=[32m"icon-chip icon-chip-brand !w-7 !h-7"[39m
            [36m>[39m
              [36m<svg[39m
                [33maria-hidden[39m=[32m"true"[39m
                [33mclass[39m=[32m"lucide lucide-settings w-3.5 h-3.5"[39m
                [33mfill[39m=[32m"none"[39m
                [33mheight[39m=[32m"24"[39m
                [33mstroke[39m=[32m"currentColor"[39m
                [33mstroke-linecap[39m=[32m"round"[39m
                [33mstroke-linejoin[39m=[32m"round"[39m
                [33mstroke-width[39m=[32m"2"[39m
                [33mviewBox[39m=[32m"0 0 24 24"[39m
                [33mwidth[39m=[32m"24"[39m
                [33mxmlns[39m=[32m"http://www.w3.org/2000/svg"[39m
              [36m>[39m
                [36m<path[39m
                  [33md[39m=[32m"M9.671 4.136a2.34 2.34 0 0 1 4.659 0 2.34 2.34 0 0 0 3.319 1.915 2.34 2.34 0 0 1 2.33 4.033 2.34 2.34 0 0 0 0 3.831 2.34 2.34 0 0 1-2.33 4.033 2.34 2.34 0 0 0-3.319 1.915 2.34 2.34 0 0 1-4.659 0 2.34 2.34 0 0 0-3.32-1.915 2.34 2.34 0 0 1-2.33-4.033 2.34 2.34 0 0 0 0-3.831A2.34 2.34 0 0 1 6.35 6.051a2.34 2.34 0 0 0 3.319-1.915"[39m
                [36m/>[39m
                [36m<circle[39m
                  [33mcx[39m=[32m"12"[39m
                  [33mcy[39m=[32m"12"[39m
                  [33mr[39m=[32m"3"[39m
                [36m/>[39m
              [36m</svg>[39m
            [36m</span>[39m
            [36m<span[39m
              [33mclass[39m=[32m"flex-1 text-left "[39m
            [36m>[39m
              [0m系统[0m
            [36m</span>[39m
          [36m</button>[39m
          [36m<button[39m
            [33mclass[39m=[32m"w-full flex items-center gap-2.5 px-2.5 py-2 rounded-[8px] text-[12.5px] font-medium transition-[background-color,color,border-color,box-shadow] duration-150 ease-out border !bg-transparent !text-[hsl(var(--slate-700))] !border-transparent hover:!bg-[hsl(var(--card))] hover:!text-[hsl(var(--brand-700))] hover:!border-[hsl(var(--border))] hover:shadow-xs"[39m
          [36m>[39m
            [36m<span[39m
              [33mclass[39m=[32m"icon-chip icon-chip-violet !w-7 !h-7"[39m
            [36m>[39m
              [36m<svg[39m
                [33maria-hidden[39m=[32m"true"[39m
                [33mclass[39m=[32m"lucide lucide-brain w-3.5 h-3.5"[39m
                [33mfill[39m=[32m"none"[39m
                [33mheight[39m=[32m"24"[39m
                [33mstroke[39m=[32m"currentColor"[39m
                [33mstrok...
 ❯ Object.getElementError ../../node_modules/@testing-library/dom/dist/config.js:37:19
 ❯ ../../node_modules/@testing-library/dom/dist/query-helpers.js:76:38
 ❯ ../../node_modules/@testing-library/dom/dist/query-helpers.js:52:17
 ❯ ../../node_modules/@testing-library/dom/dist/query-helpers.js:95:19
 ❯ src/renderer/domains/workflows/tests/settings-leave-protection.test.tsx:27:28
     25|   it(`${target}: cancel keeps unsaved credential input`, async () => {
     26|     await edit()
     27|     fireEvent.click(screen.getByRole('button', { name: target, exact: …
       |                            ^
     28|     const dialog = await screen.findByRole('dialog', { name: '保存凭据编辑？'…
     29|     fireEvent.click(within(dialog).getByRole('button', { name: '取消', e…

⎯⎯⎯⎯⎯⎯⎯⎯⎯⎯⎯⎯⎯⎯⎯⎯⎯⎯⎯⎯⎯⎯⎯[7/10]⎯

 FAIL  src/renderer/domains/workflows/tests/settings-leave-protection.test.tsx > 关闭全局配置: save confirms before leaving
TestingLibraryElementError: Unable to find an accessible element with the role "button" and name "关闭全局配置"

Here are the accessible roles:

  heading:

  Name "全局默认配置":
  [36m<h3[39m
    [33mclass[39m=[32m"modern-dialog-title"[39m
  [36m/>[39m

  --------------------------------------------------
  button:

  Name "":
  [36m<button[39m
    [33mclass[39m=[32m"p-1.5 rounded-[7px] text-[hsl(var(--slate-500))] hover:bg-[hsl(var(--danger-50))] hover:text-[hsl(var(--danger-600))] hover:border-[hsl(var(--danger-500)/0.3)] border border-transparent transition-all duration-150 active:scale-90"[39m
  [36m/>[39m

  Name "系统":
  [36m<button[39m
    [33mclass[39m=[32m"w-full flex items-center gap-2.5 px-2.5 py-2 rounded-[8px] text-[12.5px] font-medium transition-[background-color,color,border-color,box-shadow] duration-150 ease-out border !bg-transparent !text-[hsl(var(--slate-700))] !border-transparent hover:!bg-[hsl(var(--card))] hover:!text-[hsl(var(--brand-700))] hover:!border-[hsl(var(--border))] hover:shadow-xs"[39m
  [36m/>[39m

  Name "AI对话":
  [36m<button[39m
    [33mclass[39m=[32m"w-full flex items-center gap-2.5 px-2.5 py-2 rounded-[8px] text-[12.5px] font-medium transition-[background-color,color,border-color,box-shadow] duration-150 ease-out border !bg-transparent !text-[hsl(var(--slate-700))] !border-transparent hover:!bg-[hsl(var(--card))] hover:!text-[hsl(var(--brand-700))] hover:!border-[hsl(var(--border))] hover:shadow-xs"[39m
  [36m/>[39m

  Name "小助手":
  [36m<button[39m
    [33mclass[39m=[32m"w-full flex items-center gap-2.5 px-2.5 py-2 rounded-[8px] text-[12.5px] font-medium transition-[background-color,color,border-color,box-shadow] duration-150 ease-out border !bg-transparent !text-[hsl(var(--slate-700))] !border-transparent hover:!bg-[hsl(var(--card))] hover:!text-[hsl(var(--brand-700))] hover:!border-[hsl(var(--border))] hover:shadow-xs"[39m
  [36m/>[39m

  Name "MCP":
  [36m<button[39m
    [33mclass[39m=[32m"w-full flex items-center gap-2.5 px-2.5 py-2 rounded-[8px] text-[12.5px] font-medium transition-[background-color,color,border-color,box-shadow] duration-150 ease-out border !bg-transparent !text-[hsl(var(--slate-700))] !border-transparent hover:!bg-[hsl(var(--card))] hover:!text-[hsl(var(--brand-700))] hover:!border-[hsl(var(--border))] hover:shadow-xs"[39m
  [36m/>[39m

  Name "AI智能":
  [36m<button[39m
    [33mclass[39m=[32m"w-full flex items-center gap-2.5 px-2.5 py-2 rounded-[8px] text-[12.5px] font-medium transition-[background-color,color,border-color,box-shadow] duration-150 ease-out border !bg-transparent !text-[hsl(var(--slate-700))] !border-transparent hover:!bg-[hsl(var(--card))] hover:!text-[hsl(var(--brand-700))] hover:!border-[hsl(var(--border))] hover:shadow-xs"[39m
  [36m/>[39m

  Name "邮件":
  [36m<button[39m
    [33mclass[39m=[32m"w-full flex items-center gap-2.5 px-2.5 py-2 rounded-[8px] text-[12.5px] font-medium transition-[background-color,color,border-color,box-shadow] duration-150 ease-out border !bg-transparent !text-[hsl(var(--slate-700))] !border-transparent hover:!bg-[hsl(var(--card))] hover:!text-[hsl(var(--brand-700))] hover:!border-[hsl(var(--border))] hover:shadow-xs"[39m
  [36m/>[39m

  Name "存储":
  [36m<button[39m
    [33mclass[39m=[32m"w-full flex items-center gap-2.5 px-2.5 py-2 rounded-[8px] text-[12.5px] font-medium transition-[background-color,color,border-color,box-shadow] duration-150 ease-out border !bg-transparent !text-[hsl(var(--slate-700))] !border-transparent hover:!bg-[hsl(var(--card))] hover:!text-[hsl(var(--brand-700))] hover:!border-[hsl(var(--border))] hover:shadow-xs"[39m
  [36m/>[39m

  Name "数据库":
  [36m<button[39m
    [33mclass[39m=[32m"w-full flex items-center gap-2.5 px-2.5 py-2 rounded-[8px] text-[12.5px] font-medium transition-[background-color,color,border-color,box-shadow] duration-150 ease-out border !bg-transparent !text-[hsl(var(--slate-700))] !border-transparent hover:!bg-[hsl(var(--card))] hover:!text-[hsl(var(--brand-700))] hover:!border-[hsl(var(--border))] hover:shadow-xs"[39m
  [36m/>[39m

  Name "显示":
  [36m<button[39m
    [33mclass[39m=[32m"w-full flex items-center gap-2.5 px-2.5 py-2 rounded-[8px] text-[12.5px] font-medium transition-[background-color,color,border-color,box-shadow] duration-150 ease-out border !bg-transparent !text-[hsl(var(--slate-700))] !border-transparent hover:!bg-[hsl(var(--card))] hover:!text-[hsl(var(--brand-700))] hover:!border-[hsl(var(--border))] hover:shadow-xs"[39m
  [36m/>[39m

  Name "浏览器":
  [36m<button[39m
    [33mclass[39m=[32m"w-full flex items-center gap-2.5 px-2.5 py-2 rounded-[8px] text-[12.5px] font-medium transition-[background-color,color,border-color,box-shadow] duration-150 ease-out border !bg-transparent !text-[hsl(var(--slate-700))] !border-transparent hover:!bg-[hsl(var(--card))] hover:!text-[hsl(var(--brand-700))] hover:!border-[hsl(var(--border))] hover:shadow-xs"[39m
  [36m/>[39m

  Name "触发器":
  [36m<button[39m
    [33mclass[39m=[32m"w-full flex items-center gap-2.5 px-2.5 py-2 rounded-[8px] text-[12.5px] font-medium transition-[background-color,color,border-color,box-shadow] duration-150 ease-out border !bg-transparent !text-[hsl(var(--slate-700))] !border-transparent hover:!bg-[hsl(var(--card))] hover:!text-[hsl(var(--brand-700))] hover:!border-[hsl(var(--border))] hover:shadow-xs"[39m
  [36m/>[39m

  Name "安全":
  [36m<button[39m
    [33mclass[39m=[32m"w-full flex items-center gap-2.5 px-2.5 py-2 rounded-[8px] text-[12.5px] font-medium transition-[background-color,color,border-color,box-shadow] duration-150 ease-out border !bg-transparent !text-[hsl(var(--slate-700))] !border-transparent hover:!bg-[hsl(var(--card))] hover:!text-[hsl(var(--brand-700))] hover:!border-[hsl(var(--border))] hover:shadow-xs"[39m
  [36m/>[39m

  Name "凭据库":
  [36m<button[39m
    [33mclass[39m=[32m"w-full flex items-center gap-2.5 px-2.5 py-2 rounded-[8px] text-[12.5px] font-medium transition-[background-color,color,border-color,box-shadow] duration-150 ease-out border !bg-[hsl(var(--brand-600))] !text-white !border-[hsl(var(--brand-700))] shadow-brand-glow"[39m
  [36m/>[39m

  Name "留存清理":
  [36m<button[39m
    [33mclass[39m=[32m"w-full flex items-center gap-2.5 px-2.5 py-2 rounded-[8px] text-[12.5px] font-medium transition-[background-color,color,border-color,box-shadow] duration-150 ease-out border !bg-transparent !text-[hsl(var(--slate-700))] !border-transparent hover:!bg-[hsl(var(--card))] hover:!text-[hsl(var(--brand-700))] hover:!border-[hsl(var(--border))] hover:shadow-xs"[39m
  [36m/>[39m

  Name "显示密码":
  [36m<button[39m
    [33maria-label[39m=[32m"显示密码"[39m
    [33mclass[39m=[32m"absolute right-1 top-1/2 -translate-y-1/2 flex items-center justify-center h-6 w-6 rounded-[5px] text-[hsl(var(--muted-foreground))] hover:text-[hsl(var(--brand-600))] hover:bg-[hsl(var(--brand-50))] transition-colors duration-120 cursor-pointer"[39m
    [33mtabindex[39m=[32m"-1"[39m
    [33mtype[39m=[32m"button"[39m
  [36m/>[39m

  Name "":
  [36m<button[39m
    [33mclass[39m=[32m"p-1 text-gray-400 hover:text-red-600"[39m
  [36m/>[39m

  Name "添加字段":
  [36m<button[39m
    [33mclass[39m=[32m"group relative inline-flex items-center justify-center gap-1.5 whitespace-nowrap font-medium select-none transition-[background-color,border-color,color,box-shadow,transform,filter] duration-150 ease-[cubic-bezier(0.25,1,0.5,1)] focus-visible:outline-none focus-visible:ring-2 focus-visible:ring-[hsl(var(--ring))] focus-visible:ring-offset-1 focus-visible:ring-offset-[hsl(var(--background))] disabled:pointer-events-none disabled:opacity-50 active:translate-y-[1px] active:scale-[0.99] bg-[hsl(var(--brand-50))] border shadow-xs hover:border-[hsl(var(--brand-500)/0.6)] hover:text-[hsl(var(--brand-800))] hover:shadow-soft active:bg-[hsl(var(--brand-200))] h-7 px-2.5 text-[12px] rounded-[6px] border-gray-300 text-gray-700 hover:bg-gray-100"[39m
    [33mtype[39m=[32m"button"[39m
  [36m/>[39m

  Name "取消":
  [36m<button[39m
    [33mclass[39m=[32m"group relative inline-flex items-center justify-center gap-1.5 whitespace-nowrap font-medium select-none transition-[background-color,border-color,color,box-shadow,transform,filter] duration-150 ease-[cubic-bezier(0.25,1,0.5,1)] focus-visible:outline-none focus-visible:ring-2 focus-visible:ring-[hsl(var(--ring))] focus-visible:ring-offset-1 focus-visible:ring-offset-[hsl(var(--background))] disabled:pointer-events-none disabled:opacity-50 active:translate-y-[1px] active:scale-[0.99] bg-[hsl(var(--brand-50))] border shadow-xs hover:bg-[hsl(var(--brand-100))] hover:border-[hsl(var(--brand-500)/0.6)] hover:text-[hsl(var(--brand-800))] hover:shadow-soft active:bg-[hsl(var(--brand-200))] h-7 px-2.5 text-[12px] rounded-[6px] border-gray-300 text-gray-700"[39m
    [33mtype[39m=[32m"button"[39m
  [36m/>[39m

  Name "保存":
  [36m<button[39m
    [33mclass[39m=[32m"group relative inline-flex items-center justify-center gap-1.5 whitespace-nowrap font-medium select-none transition-[background-color,border-color,color,box-shadow,transform,filter] duration-150 ease-[cubic-bezier(0.25,1,0.5,1)] focus-visible:outline-none focus-visible:ring-2 focus-visible:ring-[hsl(var(--ring))] focus-visible:ring-offset-1 focus-visible:ring-offset-[hsl(var(--background))] disabled:pointer-events-none disabled:opacity-50 active:translate-y-[1px] active:scale-[0.99] !bg-[hsl(var(--brand-600))] !text-white !border-transparent shadow-soft hover:!bg-[hsl(var(--brand-700))] hover:shadow-brand-glow hover:-translate-y-[1px] active:!bg-[hsl(var(--brand-800))] h-7 px-2.5 text-[12px] rounded-[6px]"[39m
    [33mtype[39m=[32m"button"[39m
  [36m/>[39m

  Name "重置全部":
  [36m<button[39m
    [33mclass[39m=[32m"group relative inline-flex items-center justify-center gap-1.5 whitespace-nowrap font-medium select-none transition-[background-color,border-color,color,box-shadow,transform,filter] duration-150 ease-[cubic-bezier(0.25,1,0.5,1)] focus-visible:outline-none focus-visible:ring-2 focus-visible:ring-[hsl(var(--ring))] focus-visible:ring-offset-1 focus-visible:ring-offset-[hsl(var(--background))] disabled:pointer-events-none disabled:opacity-50 active:translate-y-[1px] active:scale-[0.99] bg-[hsl(var(--warning-50))] text-[hsl(var(--warning-700))] border border-[hsl(var(--warning-500)/0.3)] hover:bg-[hsl(var(--warning-100))] hover:border-[hsl(var(--warning-500)/0.5)] h-7 px-2.5 text-[12px] rounded-[6px]"[39m
  [36m/>[39m

  Name "导入配置":
  [36m<button[39m
    [33mclass[39m=[32m"group relative inline-flex items-center justify-center gap-1.5 whitespace-nowrap font-medium select-none transition-[background-color,border-color,color,box-shadow,transform,filter] duration-150 ease-[cubic-bezier(0.25,1,0.5,1)] focus-visible:outline-none focus-visible:ring-2 focus-visible:ring-[hsl(var(--ring))] focus-visible:ring-offset-1 focus-visible:ring-offset-[hsl(var(--background))] disabled:pointer-events-none disabled:opacity-50 active:translate-y-[1px] active:scale-[0.99] bg-[hsl(var(--brand-50))] border shadow-xs hover:bg-[hsl(var(--brand-100))] hover:border-[hsl(var(--brand-500)/0.6)] hover:text-[hsl(var(--brand-800))] hover:shadow-soft active:bg-[hsl(var(--brand-200))] h-7 px-2.5 text-[12px] rounded-[6px] border-gray-300 text-gray-700"[39m
    [33mtitle[39m=[32m"从 JSON 文件导入全部全局配置（换机器/换浏览器迁移用）"[39m
  [36m/>[39m

  Name "导出配置":
  [36m<button[39m
    [33mclass[39m=[32m"group relative inline-flex items-center justify-center gap-1.5 whitespace-nowrap font-medium select-none transition-[background-color,border-color,color,box-shadow,transform,filter] duration-150 ease-[cubic-bezier(0.25,1,0.5,1)] focus-visible:outline-none focus-visible:ring-2 focus-visible:ring-[hsl(var(--ring))] focus-visible:ring-offset-1 focus-visible:ring-offset-[hsl(var(--background))] disabled:pointer-events-none disabled:opacity-50 active:translate-y-[1px] active:scale-[0.99] bg-[hsl(var(--brand-50))] border shadow-xs hover:bg-[hsl(var(--brand-100))] hover:border-[hsl(var(--brand-500)/0.6)] hover:text-[hsl(var(--brand-800))] hover:shadow-soft active:bg-[hsl(var(--brand-200))] h-7 px-2.5 text-[12px] rounded-[6px] border-gray-300 text-gray-700"[39m
    [33mtitle[39m=[32m"导出全部全局配置为 JSON 文件"[39m
  [36m/>[39m

  Name "完成保存":
  [36m<button[39m
    [33mclass[39m=[32m"group relative inline-flex items-center justify-center gap-1.5 whitespace-nowrap font-medium select-none transition-[background-color,border-color,color,box-shadow,transform,filter] duration-150 ease-[cubic-bezier(0.25,1,0.5,1)] focus-visible:outline-none focus-visible:ring-2 focus-visible:ring-[hsl(var(--ring))] focus-visible:ring-offset-1 focus-visible:ring-offset-[hsl(var(--background))] disabled:pointer-events-none disabled:opacity-50 active:translate-y-[1px] active:scale-[0.99] !bg-[hsl(var(--success-600))] !text-white !border-transparent shadow-soft hover:!bg-[hsl(var(--success-700))] hover:shadow-success-glow hover:-translate-y-[1px] active:brightness-95 h-7 px-2.5 text-[12px] rounded-[6px]"[39m
  [36m/>[39m

  --------------------------------------------------
  navigation:

  Name "":
  [36m<nav[39m
    [33mclass[39m=[32m"w-44 flex-shrink-0 border-r border-[hsl(var(--border))] bg-[hsl(var(--slate-50)/0.5)] overflow-y-auto p-2 space-y-0.5"[39m
  [36m/>[39m

  --------------------------------------------------
  paragraph:

  Name "":
  [36m<p />[39m

  Name "":
  [36m<p[39m
    [33mclass[39m=[32m"text-xs text-gray-500 mb-4"[39m
  [36m/>[39m

  --------------------------------------------------
  code:

  Name "":
  [36m<code[39m
    [33mclass[39m=[32m"bg-gray-100 px-1 rounded mx-1"[39m
  [36m/>[39m

  Name "":
  [36m<code[39m
    [33mclass[39m=[32m"bg-gray-100 px-1 rounded mx-1"[39m
  [36m/>[39m

  --------------------------------------------------
  group:

  Name "":
  [36m<fieldset[39m
    [33mclass[39m=[32m"space-y-3 p-3 bg-gray-50 rounded-lg border border-gray-200"[39m
  [36m/>[39m

  --------------------------------------------------
  textbox:

  Name "":
  [36m<input[39m
    [33mclass[39m=[32m"flex w-full rounded-[7px] px-2.5 py-1 border placeholder:text-[hsl(var(--muted-foreground))] shadow-[inset_0_1px_2px_rgb(15_23_42_/_0.04)] transition-[border-color,box-shadow,background-color] duration-150 ease-[cubic-bezier(0.25,1,0.5,1)] hover:border-[hsl(var(--slate-300))] hover:bg-[hsl(var(--card))] focus-visible:outline-none focus-visible:border-[hsl(var(--brand-500))] focus-visible:bg-[hsl(var(--card))] focus-visible:ring-2 focus-visible:ring-[hsl(var(--brand-500)/0.18)] disabled:cursor-not-allowed disabled:opacity-50 disabled:bg-[hsl(var(--muted))] aria-[invalid=true]:border-[hsl(var(--danger-500))] aria-[invalid=true]:ring-[hsl(var(--danger-500)/0.18)] file:border-0 file:bg-transparent file:text-[12px] file:font-medium file:text-[hsl(var(--foreground))] bg-white text-black border-gray-300 h-8 text-sm mt-1"[39m
    [33mplaceholder[39m=[32m"如：我的邮箱"[39m
    [33mvalue[39m=[32m"leave-fixture"[39m
  [36m/>[39m

  Name "":
  [36m<input[39m
    [33mclass[39m=[32m"flex w-full rounded-[7px] px-2.5 py-1 border placeholder:text-[hsl(var(--muted-foreground))] shadow-[inset_0_1px_2px_rgb(15_23_42_/_0.04)] transition-[border-color,box-shadow,background-color] duration-150 ease-[cubic-bezier(0.25,1,0.5,1)] hover:border-[hsl(var(--slate-300))] hover:bg-[hsl(var(--card))] focus-visible:outline-none focus-visible:border-[hsl(var(--brand-500))] focus-visible:bg-[hsl(var(--card))] focus-visible:ring-2 focus-visible:ring-[hsl(var(--brand-500)/0.18)] disabled:cursor-not-allowed disabled:opacity-50 disabled:bg-[hsl(var(--muted))] aria-[invalid=true]:border-[hsl(var(--danger-500))] aria-[invalid=true]:ring-[hsl(var(--danger-500)/0.18)] file:border-0 file:bg-transparent file:text-[12px] file:font-medium file:text-[hsl(var(--foreground))] bg-white text-black border-gray-300 h-8 text-sm mt-1"[39m
    [33mplaceholder[39m=[32m"用途备注"[39m
    [33mvalue[39m=[32m""[39m
  [36m/>[39m

  Name "":
  [36m<input[39m
    [33mclass[39m=[32m"flex rounded-[7px] px-2.5 py-1 border placeholder:text-[hsl(var(--muted-foreground))] shadow-[inset_0_1px_2px_rgb(15_23_42_/_0.04)] transition-[border-color,box-shadow,background-color] duration-150 ease-[cubic-bezier(0.25,1,0.5,1)] hover:border-[hsl(var(--slate-300))] hover:bg-[hsl(var(--card))] focus-visible:outline-none focus-visible:border-[hsl(var(--brand-500))] focus-visible:bg-[hsl(var(--card))] focus-visible:ring-2 focus-visible:ring-[hsl(var(--brand-500)/0.18)] disabled:cursor-not-allowed disabled:opacity-50 disabled:bg-[hsl(var(--muted))] aria-[invalid=true]:border-[hsl(var(--danger-500))] aria-[invalid=true]:ring-[hsl(var(--danger-500)/0.18)] file:border-0 file:bg-transparent file:text-[12px] file:font-medium file:text-[hsl(var(--foreground))] bg-white text-black border-gray-300 h-8 text-sm w-1/3"[39m
    [33mplaceholder[39m=[32m"字段名 如 value/password/api_key"[39m
    [33mvalue[39m=[32m"value"[39m
  [36m/>[39m

  --------------------------------------------------

Ignored nodes: comments, script, style
[36m<body>[39m
  [36m<div />[39m
  [36m<div[39m
    [33mclass[39m=[32m"fixed inset-0 bg-[hsl(217_45%_15%_/_0.55)] backdrop-blur-[3px] flex items-center justify-center p-4 animate-fade-in"[39m
    [33mstyle[39m=[32m"z-index: 2147483646;"[39m
  [36m>[39m
    [36m<div[39m
      [33mclass[39m=[32m"modern-dialog w-full max-w-4xl flex flex-col animate-scale-in-bounce"[39m
      [33mstyle[39m=[32m"max-height: calc(100vh - 32px);"[39m
    [36m>[39m
      [36m<div[39m
        [33mclass[39m=[32m"modern-dialog-header"[39m
      [36m>[39m
        [36m<div[39m
          [33mclass[39m=[32m"modern-dialog-header-icon"[39m
        [36m>[39m
          [36m<svg[39m
            [33maria-hidden[39m=[32m"true"[39m
            [33mclass[39m=[32m"lucide lucide-settings w-5 h-5"[39m
            [33mfill[39m=[32m"none"[39m
            [33mheight[39m=[32m"24"[39m
            [33mstroke[39m=[32m"currentColor"[39m
            [33mstroke-linecap[39m=[32m"round"[39m
            [33mstroke-linejoin[39m=[32m"round"[39m
            [33mstroke-width[39m=[32m"2.2"[39m
            [33mviewBox[39m=[32m"0 0 24 24"[39m
            [33mwidth[39m=[32m"24"[39m
            [33mxmlns[39m=[32m"http://www.w3.org/2000/svg"[39m
          [36m>[39m
            [36m<path[39m
              [33md[39m=[32m"M9.671 4.136a2.34 2.34 0 0 1 4.659 0 2.34 2.34 0 0 0 3.319 1.915 2.34 2.34 0 0 1 2.33 4.033 2.34 2.34 0 0 0 0 3.831 2.34 2.34 0 0 1-2.33 4.033 2.34 2.34 0 0 0-3.319 1.915 2.34 2.34 0 0 1-4.659 0 2.34 2.34 0 0 0-3.32-1.915 2.34 2.34 0 0 1-2.33-4.033 2.34 2.34 0 0 0 0-3.831A2.34 2.34 0 0 1 6.35 6.051a2.34 2.34 0 0 0 3.319-1.915"[39m
            [36m/>[39m
            [36m<circle[39m
              [33mcx[39m=[32m"12"[39m
              [33mcy[39m=[32m"12"[39m
              [33mr[39m=[32m"3"[39m
            [36m/>[39m
          [36m</svg>[39m
        [36m</div>[39m
        [36m<div[39m
          [33mclass[39m=[32m"flex-1"[39m
        [36m>[39m
          [36m<h3[39m
            [33mclass[39m=[32m"modern-dialog-title"[39m
          [36m>[39m
            [0m全局默认配置[0m
          [36m</h3>[39m
          [36m<div[39m
            [33mclass[39m=[32m"modern-dialog-subtitle"[39m
          [36m>[39m
            [0m在这里调整 WebRPA 的工作行为与默认参数[0m
          [36m</div>[39m
        [36m</div>[39m
        [36m<button[39m
          [33mclass[39m=[32m"p-1.5 rounded-[7px] text-[hsl(var(--slate-500))] hover:bg-[hsl(var(--danger-50))] hover:text-[hsl(var(--danger-600))] hover:border-[hsl(var(--danger-500)/0.3)] border border-transparent transition-all duration-150 active:scale-90"[39m
        [36m>[39m
          [36m<svg[39m
            [33maria-hidden[39m=[32m"true"[39m
            [33mclass[39m=[32m"lucide lucide-x w-4 h-4"[39m
            [33mfill[39m=[32m"none"[39m
            [33mheight[39m=[32m"24"[39m
            [33mstroke[39m=[32m"currentColor"[39m
            [33mstroke-linecap[39m=[32m"round"[39m
            [33mstroke-linejoin[39m=[32m"round"[39m
            [33mstroke-width[39m=[32m"2"[39m
            [33mviewBox[39m=[32m"0 0 24 24"[39m
            [33mwidth[39m=[32m"24"[39m
            [33mxmlns[39m=[32m"http://www.w3.org/2000/svg"[39m
          [36m>[39m
            [36m<path[39m
              [33md[39m=[32m"M18 6 6 18"[39m
            [36m/>[39m
            [36m<path[39m
              [33md[39m=[32m"m6 6 12 12"[39m
            [36m/>[39m
          [36m</svg>[39m
        [36m</button>[39m
      [36m</div>[39m
      [36m<div[39m
        [33mclass[39m=[32m"flex flex-1 min-h-0"[39m
      [36m>[39m
        [36m<nav[39m
          [33mclass[39m=[32m"w-44 flex-shrink-0 border-r border-[hsl(var(--border))] bg-[hsl(var(--slate-50)/0.5)] overflow-y-auto p-2 space-y-0.5"[39m
        [36m>[39m
          [36m<button[39m
            [33mclass[39m=[32m"w-full flex items-center gap-2.5 px-2.5 py-2 rounded-[8px] text-[12.5px] font-medium transition-[background-color,color,border-color,box-shadow] duration-150 ease-out border !bg-transparent !text-[hsl(var(--slate-700))] !border-transparent hover:!bg-[hsl(var(--card))] hover:!text-[hsl(var(--brand-700))] hover:!border-[hsl(var(--border))] hover:shadow-xs"[39m
          [36m>[39m
            [36m<span[39m
              [33mclass[39m=[32m"icon-chip icon-chip-brand !w-7 !h-7"[39m
            [36m>[39m
              [36m<svg[39m
                [33maria-hidden[39m=[32m"true"[39m
                [33mclass[39m=[32m"lucide lucide-settings w-3.5 h-3.5"[39m
                [33mfill[39m=[32m"none"[39m
                [33mheight[39m=[32m"24"[39m
                [33mstroke[39m=[32m"currentColor"[39m
                [33mstroke-linecap[39m=[32m"round"[39m
                [33mstroke-linejoin[39m=[32m"round"[39m
                [33mstroke-width[39m=[32m"2"[39m
                [33mviewBox[39m=[32m"0 0 24 24"[39m
                [33mwidth[39m=[32m"24"[39m
                [33mxmlns[39m=[32m"http://www.w3.org/2000/svg"[39m
              [36m>[39m
                [36m<path[39m
                  [33md[39m=[32m"M9.671 4.136a2.34 2.34 0 0 1 4.659 0 2.34 2.34 0 0 0 3.319 1.915 2.34 2.34 0 0 1 2.33 4.033 2.34 2.34 0 0 0 0 3.831 2.34 2.34 0 0 1-2.33 4.033 2.34 2.34 0 0 0-3.319 1.915 2.34 2.34 0 0 1-4.659 0 2.34 2.34 0 0 0-3.32-1.915 2.34 2.34 0 0 1-2.33-4.033 2.34 2.34 0 0 0 0-3.831A2.34 2.34 0 0 1 6.35 6.051a2.34 2.34 0 0 0 3.319-1.915"[39m
                [36m/>[39m
                [36m<circle[39m
                  [33mcx[39m=[32m"12"[39m
                  [33mcy[39m=[32m"12"[39m
                  [33mr[39m=[32m"3"[39m
                [36m/>[39m
              [36m</svg>[39m
            [36m</span>[39m
            [36m<span[39m
              [33mclass[39m=[32m"flex-1 text-left "[39m
            [36m>[39m
              [0m系统[0m
            [36m</span>[39m
          [36m</button>[39m
          [36m<button[39m
            [33mclass[39m=[32m"w-full flex items-center gap-2.5 px-2.5 py-2 rounded-[8px] text-[12.5px] font-medium transition-[background-color,color,border-color,box-shadow] duration-150 ease-out border !bg-transparent !text-[hsl(var(--slate-700))] !border-transparent hover:!bg-[hsl(var(--card))] hover:!text-[hsl(var(--brand-700))] hover:!border-[hsl(var(--border))] hover:shadow-xs"[39m
          [36m>[39m
            [36m<span[39m
              [33mclass[39m=[32m"icon-chip icon-chip-violet !w-7 !h-7"[39m
            [36m>[39m
              [36m<svg[39m
                [33maria-hidden[39m=[32m"true"[39m
                [33mclass[39m=[32m"lucide lucide-brain w-3.5 h-3.5"[39m
                [33mfill[39m=[32m"none"[39m
                [33mheight[39m=[32m"24"[39m
                [33mstroke[39m=[32m"currentColor"[39m
                [33mstrok...
 ❯ Object.getElementError ../../node_modules/@testing-library/dom/dist/config.js:37:19
 ❯ ../../node_modules/@testing-library/dom/dist/query-helpers.js:76:38
 ❯ ../../node_modules/@testing-library/dom/dist/query-helpers.js:52:17
 ❯ ../../node_modules/@testing-library/dom/dist/query-helpers.js:95:19
 ❯ src/renderer/domains/workflows/tests/settings-leave-protection.test.tsx:36:28
     34|   it(`${target}: save confirms before leaving`, async () => {
     35|     await edit()
     36|     fireEvent.click(screen.getByRole('button', { name: target, exact: …
       |                            ^
     37|     const dialog = await screen.findByRole('dialog', { name: '保存凭据编辑？'…
     38|     fireEvent.click(within(dialog).getByRole('button', { name: '保存后继续'…

⎯⎯⎯⎯⎯⎯⎯⎯⎯⎯⎯⎯⎯⎯⎯⎯⎯⎯⎯⎯⎯⎯⎯[8/10]⎯

 FAIL  src/renderer/domains/workflows/tests/settings-leave-protection.test.tsx > 关闭全局配置: discard leaves without a write
TestingLibraryElementError: Unable to find an accessible element with the role "button" and name "关闭全局配置"

Here are the accessible roles:

  heading:

  Name "全局默认配置":
  [36m<h3[39m
    [33mclass[39m=[32m"modern-dialog-title"[39m
  [36m/>[39m

  --------------------------------------------------
  button:

  Name "":
  [36m<button[39m
    [33mclass[39m=[32m"p-1.5 rounded-[7px] text-[hsl(var(--slate-500))] hover:bg-[hsl(var(--danger-50))] hover:text-[hsl(var(--danger-600))] hover:border-[hsl(var(--danger-500)/0.3)] border border-transparent transition-all duration-150 active:scale-90"[39m
  [36m/>[39m

  Name "系统":
  [36m<button[39m
    [33mclass[39m=[32m"w-full flex items-center gap-2.5 px-2.5 py-2 rounded-[8px] text-[12.5px] font-medium transition-[background-color,color,border-color,box-shadow] duration-150 ease-out border !bg-transparent !text-[hsl(var(--slate-700))] !border-transparent hover:!bg-[hsl(var(--card))] hover:!text-[hsl(var(--brand-700))] hover:!border-[hsl(var(--border))] hover:shadow-xs"[39m
  [36m/>[39m

  Name "AI对话":
  [36m<button[39m
    [33mclass[39m=[32m"w-full flex items-center gap-2.5 px-2.5 py-2 rounded-[8px] text-[12.5px] font-medium transition-[background-color,color,border-color,box-shadow] duration-150 ease-out border !bg-transparent !text-[hsl(var(--slate-700))] !border-transparent hover:!bg-[hsl(var(--card))] hover:!text-[hsl(var(--brand-700))] hover:!border-[hsl(var(--border))] hover:shadow-xs"[39m
  [36m/>[39m

  Name "小助手":
  [36m<button[39m
    [33mclass[39m=[32m"w-full flex items-center gap-2.5 px-2.5 py-2 rounded-[8px] text-[12.5px] font-medium transition-[background-color,color,border-color,box-shadow] duration-150 ease-out border !bg-transparent !text-[hsl(var(--slate-700))] !border-transparent hover:!bg-[hsl(var(--card))] hover:!text-[hsl(var(--brand-700))] hover:!border-[hsl(var(--border))] hover:shadow-xs"[39m
  [36m/>[39m

  Name "MCP":
  [36m<button[39m
    [33mclass[39m=[32m"w-full flex items-center gap-2.5 px-2.5 py-2 rounded-[8px] text-[12.5px] font-medium transition-[background-color,color,border-color,box-shadow] duration-150 ease-out border !bg-transparent !text-[hsl(var(--slate-700))] !border-transparent hover:!bg-[hsl(var(--card))] hover:!text-[hsl(var(--brand-700))] hover:!border-[hsl(var(--border))] hover:shadow-xs"[39m
  [36m/>[39m

  Name "AI智能":
  [36m<button[39m
    [33mclass[39m=[32m"w-full flex items-center gap-2.5 px-2.5 py-2 rounded-[8px] text-[12.5px] font-medium transition-[background-color,color,border-color,box-shadow] duration-150 ease-out border !bg-transparent !text-[hsl(var(--slate-700))] !border-transparent hover:!bg-[hsl(var(--card))] hover:!text-[hsl(var(--brand-700))] hover:!border-[hsl(var(--border))] hover:shadow-xs"[39m
  [36m/>[39m

  Name "邮件":
  [36m<button[39m
    [33mclass[39m=[32m"w-full flex items-center gap-2.5 px-2.5 py-2 rounded-[8px] text-[12.5px] font-medium transition-[background-color,color,border-color,box-shadow] duration-150 ease-out border !bg-transparent !text-[hsl(var(--slate-700))] !border-transparent hover:!bg-[hsl(var(--card))] hover:!text-[hsl(var(--brand-700))] hover:!border-[hsl(var(--border))] hover:shadow-xs"[39m
  [36m/>[39m

  Name "存储":
  [36m<button[39m
    [33mclass[39m=[32m"w-full flex items-center gap-2.5 px-2.5 py-2 rounded-[8px] text-[12.5px] font-medium transition-[background-color,color,border-color,box-shadow] duration-150 ease-out border !bg-transparent !text-[hsl(var(--slate-700))] !border-transparent hover:!bg-[hsl(var(--card))] hover:!text-[hsl(var(--brand-700))] hover:!border-[hsl(var(--border))] hover:shadow-xs"[39m
  [36m/>[39m

  Name "数据库":
  [36m<button[39m
    [33mclass[39m=[32m"w-full flex items-center gap-2.5 px-2.5 py-2 rounded-[8px] text-[12.5px] font-medium transition-[background-color,color,border-color,box-shadow] duration-150 ease-out border !bg-transparent !text-[hsl(var(--slate-700))] !border-transparent hover:!bg-[hsl(var(--card))] hover:!text-[hsl(var(--brand-700))] hover:!border-[hsl(var(--border))] hover:shadow-xs"[39m
  [36m/>[39m

  Name "显示":
  [36m<button[39m
    [33mclass[39m=[32m"w-full flex items-center gap-2.5 px-2.5 py-2 rounded-[8px] text-[12.5px] font-medium transition-[background-color,color,border-color,box-shadow] duration-150 ease-out border !bg-transparent !text-[hsl(var(--slate-700))] !border-transparent hover:!bg-[hsl(var(--card))] hover:!text-[hsl(var(--brand-700))] hover:!border-[hsl(var(--border))] hover:shadow-xs"[39m
  [36m/>[39m

  Name "浏览器":
  [36m<button[39m
    [33mclass[39m=[32m"w-full flex items-center gap-2.5 px-2.5 py-2 rounded-[8px] text-[12.5px] font-medium transition-[background-color,color,border-color,box-shadow] duration-150 ease-out border !bg-transparent !text-[hsl(var(--slate-700))] !border-transparent hover:!bg-[hsl(var(--card))] hover:!text-[hsl(var(--brand-700))] hover:!border-[hsl(var(--border))] hover:shadow-xs"[39m
  [36m/>[39m

  Name "触发器":
  [36m<button[39m
    [33mclass[39m=[32m"w-full flex items-center gap-2.5 px-2.5 py-2 rounded-[8px] text-[12.5px] font-medium transition-[background-color,color,border-color,box-shadow] duration-150 ease-out border !bg-transparent !text-[hsl(var(--slate-700))] !border-transparent hover:!bg-[hsl(var(--card))] hover:!text-[hsl(var(--brand-700))] hover:!border-[hsl(var(--border))] hover:shadow-xs"[39m
  [36m/>[39m

  Name "安全":
  [36m<button[39m
    [33mclass[39m=[32m"w-full flex items-center gap-2.5 px-2.5 py-2 rounded-[8px] text-[12.5px] font-medium transition-[background-color,color,border-color,box-shadow] duration-150 ease-out border !bg-transparent !text-[hsl(var(--slate-700))] !border-transparent hover:!bg-[hsl(var(--card))] hover:!text-[hsl(var(--brand-700))] hover:!border-[hsl(var(--border))] hover:shadow-xs"[39m
  [36m/>[39m

  Name "凭据库":
  [36m<button[39m
    [33mclass[39m=[32m"w-full flex items-center gap-2.5 px-2.5 py-2 rounded-[8px] text-[12.5px] font-medium transition-[background-color,color,border-color,box-shadow] duration-150 ease-out border !bg-[hsl(var(--brand-600))] !text-white !border-[hsl(var(--brand-700))] shadow-brand-glow"[39m
  [36m/>[39m

  Name "留存清理":
  [36m<button[39m
    [33mclass[39m=[32m"w-full flex items-center gap-2.5 px-2.5 py-2 rounded-[8px] text-[12.5px] font-medium transition-[background-color,color,border-color,box-shadow] duration-150 ease-out border !bg-transparent !text-[hsl(var(--slate-700))] !border-transparent hover:!bg-[hsl(var(--card))] hover:!text-[hsl(var(--brand-700))] hover:!border-[hsl(var(--border))] hover:shadow-xs"[39m
  [36m/>[39m

  Name "显示密码":
  [36m<button[39m
    [33maria-label[39m=[32m"显示密码"[39m
    [33mclass[39m=[32m"absolute right-1 top-1/2 -translate-y-1/2 flex items-center justify-center h-6 w-6 rounded-[5px] text-[hsl(var(--muted-foreground))] hover:text-[hsl(var(--brand-600))] hover:bg-[hsl(var(--brand-50))] transition-colors duration-120 cursor-pointer"[39m
    [33mtabindex[39m=[32m"-1"[39m
    [33mtype[39m=[32m"button"[39m
  [36m/>[39m

  Name "":
  [36m<button[39m
    [33mclass[39m=[32m"p-1 text-gray-400 hover:text-red-600"[39m
  [36m/>[39m

  Name "添加字段":
  [36m<button[39m
    [33mclass[39m=[32m"group relative inline-flex items-center justify-center gap-1.5 whitespace-nowrap font-medium select-none transition-[background-color,border-color,color,box-shadow,transform,filter] duration-150 ease-[cubic-bezier(0.25,1,0.5,1)] focus-visible:outline-none focus-visible:ring-2 focus-visible:ring-[hsl(var(--ring))] focus-visible:ring-offset-1 focus-visible:ring-offset-[hsl(var(--background))] disabled:pointer-events-none disabled:opacity-50 active:translate-y-[1px] active:scale-[0.99] bg-[hsl(var(--brand-50))] border shadow-xs hover:border-[hsl(var(--brand-500)/0.6)] hover:text-[hsl(var(--brand-800))] hover:shadow-soft active:bg-[hsl(var(--brand-200))] h-7 px-2.5 text-[12px] rounded-[6px] border-gray-300 text-gray-700 hover:bg-gray-100"[39m
    [33mtype[39m=[32m"button"[39m
  [36m/>[39m

  Name "取消":
  [36m<button[39m
    [33mclass[39m=[32m"group relative inline-flex items-center justify-center gap-1.5 whitespace-nowrap font-medium select-none transition-[background-color,border-color,color,box-shadow,transform,filter] duration-150 ease-[cubic-bezier(0.25,1,0.5,1)] focus-visible:outline-none focus-visible:ring-2 focus-visible:ring-[hsl(var(--ring))] focus-visible:ring-offset-1 focus-visible:ring-offset-[hsl(var(--background))] disabled:pointer-events-none disabled:opacity-50 active:translate-y-[1px] active:scale-[0.99] bg-[hsl(var(--brand-50))] border shadow-xs hover:bg-[hsl(var(--brand-100))] hover:border-[hsl(var(--brand-500)/0.6)] hover:text-[hsl(var(--brand-800))] hover:shadow-soft active:bg-[hsl(var(--brand-200))] h-7 px-2.5 text-[12px] rounded-[6px] border-gray-300 text-gray-700"[39m
    [33mtype[39m=[32m"button"[39m
  [36m/>[39m

  Name "保存":
  [36m<button[39m
    [33mclass[39m=[32m"group relative inline-flex items-center justify-center gap-1.5 whitespace-nowrap font-medium select-none transition-[background-color,border-color,color,box-shadow,transform,filter] duration-150 ease-[cubic-bezier(0.25,1,0.5,1)] focus-visible:outline-none focus-visible:ring-2 focus-visible:ring-[hsl(var(--ring))] focus-visible:ring-offset-1 focus-visible:ring-offset-[hsl(var(--background))] disabled:pointer-events-none disabled:opacity-50 active:translate-y-[1px] active:scale-[0.99] !bg-[hsl(var(--brand-600))] !text-white !border-transparent shadow-soft hover:!bg-[hsl(var(--brand-700))] hover:shadow-brand-glow hover:-translate-y-[1px] active:!bg-[hsl(var(--brand-800))] h-7 px-2.5 text-[12px] rounded-[6px]"[39m
    [33mtype[39m=[32m"button"[39m
  [36m/>[39m

  Name "重置全部":
  [36m<button[39m
    [33mclass[39m=[32m"group relative inline-flex items-center justify-center gap-1.5 whitespace-nowrap font-medium select-none transition-[background-color,border-color,color,box-shadow,transform,filter] duration-150 ease-[cubic-bezier(0.25,1,0.5,1)] focus-visible:outline-none focus-visible:ring-2 focus-visible:ring-[hsl(var(--ring))] focus-visible:ring-offset-1 focus-visible:ring-offset-[hsl(var(--background))] disabled:pointer-events-none disabled:opacity-50 active:translate-y-[1px] active:scale-[0.99] bg-[hsl(var(--warning-50))] text-[hsl(var(--warning-700))] border border-[hsl(var(--warning-500)/0.3)] hover:bg-[hsl(var(--warning-100))] hover:border-[hsl(var(--warning-500)/0.5)] h-7 px-2.5 text-[12px] rounded-[6px]"[39m
  [36m/>[39m

  Name "导入配置":
  [36m<button[39m
    [33mclass[39m=[32m"group relative inline-flex items-center justify-center gap-1.5 whitespace-nowrap font-medium select-none transition-[background-color,border-color,color,box-shadow,transform,filter] duration-150 ease-[cubic-bezier(0.25,1,0.5,1)] focus-visible:outline-none focus-visible:ring-2 focus-visible:ring-[hsl(var(--ring))] focus-visible:ring-offset-1 focus-visible:ring-offset-[hsl(var(--background))] disabled:pointer-events-none disabled:opacity-50 active:translate-y-[1px] active:scale-[0.99] bg-[hsl(var(--brand-50))] border shadow-xs hover:bg-[hsl(var(--brand-100))] hover:border-[hsl(var(--brand-500)/0.6)] hover:text-[hsl(var(--brand-800))] hover:shadow-soft active:bg-[hsl(var(--brand-200))] h-7 px-2.5 text-[12px] rounded-[6px] border-gray-300 text-gray-700"[39m
    [33mtitle[39m=[32m"从 JSON 文件导入全部全局配置（换机器/换浏览器迁移用）"[39m
  [36m/>[39m

  Name "导出配置":
  [36m<button[39m
    [33mclass[39m=[32m"group relative inline-flex items-center justify-center gap-1.5 whitespace-nowrap font-medium select-none transition-[background-color,border-color,color,box-shadow,transform,filter] duration-150 ease-[cubic-bezier(0.25,1,0.5,1)] focus-visible:outline-none focus-visible:ring-2 focus-visible:ring-[hsl(var(--ring))] focus-visible:ring-offset-1 focus-visible:ring-offset-[hsl(var(--background))] disabled:pointer-events-none disabled:opacity-50 active:translate-y-[1px] active:scale-[0.99] bg-[hsl(var(--brand-50))] border shadow-xs hover:bg-[hsl(var(--brand-100))] hover:border-[hsl(var(--brand-500)/0.6)] hover:text-[hsl(var(--brand-800))] hover:shadow-soft active:bg-[hsl(var(--brand-200))] h-7 px-2.5 text-[12px] rounded-[6px] border-gray-300 text-gray-700"[39m
    [33mtitle[39m=[32m"导出全部全局配置为 JSON 文件"[39m
  [36m/>[39m

  Name "完成保存":
  [36m<button[39m
    [33mclass[39m=[32m"group relative inline-flex items-center justify-center gap-1.5 whitespace-nowrap font-medium select-none transition-[background-color,border-color,color,box-shadow,transform,filter] duration-150 ease-[cubic-bezier(0.25,1,0.5,1)] focus-visible:outline-none focus-visible:ring-2 focus-visible:ring-[hsl(var(--ring))] focus-visible:ring-offset-1 focus-visible:ring-offset-[hsl(var(--background))] disabled:pointer-events-none disabled:opacity-50 active:translate-y-[1px] active:scale-[0.99] !bg-[hsl(var(--success-600))] !text-white !border-transparent shadow-soft hover:!bg-[hsl(var(--success-700))] hover:shadow-success-glow hover:-translate-y-[1px] active:brightness-95 h-7 px-2.5 text-[12px] rounded-[6px]"[39m
  [36m/>[39m

  --------------------------------------------------
  navigation:

  Name "":
  [36m<nav[39m
    [33mclass[39m=[32m"w-44 flex-shrink-0 border-r border-[hsl(var(--border))] bg-[hsl(var(--slate-50)/0.5)] overflow-y-auto p-2 space-y-0.5"[39m
  [36m/>[39m

  --------------------------------------------------
  paragraph:

  Name "":
  [36m<p />[39m

  Name "":
  [36m<p[39m
    [33mclass[39m=[32m"text-xs text-gray-500 mb-4"[39m
  [36m/>[39m

  --------------------------------------------------
  code:

  Name "":
  [36m<code[39m
    [33mclass[39m=[32m"bg-gray-100 px-1 rounded mx-1"[39m
  [36m/>[39m

  Name "":
  [36m<code[39m
    [33mclass[39m=[32m"bg-gray-100 px-1 rounded mx-1"[39m
  [36m/>[39m

  --------------------------------------------------
  group:

  Name "":
  [36m<fieldset[39m
    [33mclass[39m=[32m"space-y-3 p-3 bg-gray-50 rounded-lg border border-gray-200"[39m
  [36m/>[39m

  --------------------------------------------------
  textbox:

  Name "":
  [36m<input[39m
    [33mclass[39m=[32m"flex w-full rounded-[7px] px-2.5 py-1 border placeholder:text-[hsl(var(--muted-foreground))] shadow-[inset_0_1px_2px_rgb(15_23_42_/_0.04)] transition-[border-color,box-shadow,background-color] duration-150 ease-[cubic-bezier(0.25,1,0.5,1)] hover:border-[hsl(var(--slate-300))] hover:bg-[hsl(var(--card))] focus-visible:outline-none focus-visible:border-[hsl(var(--brand-500))] focus-visible:bg-[hsl(var(--card))] focus-visible:ring-2 focus-visible:ring-[hsl(var(--brand-500)/0.18)] disabled:cursor-not-allowed disabled:opacity-50 disabled:bg-[hsl(var(--muted))] aria-[invalid=true]:border-[hsl(var(--danger-500))] aria-[invalid=true]:ring-[hsl(var(--danger-500)/0.18)] file:border-0 file:bg-transparent file:text-[12px] file:font-medium file:text-[hsl(var(--foreground))] bg-white text-black border-gray-300 h-8 text-sm mt-1"[39m
    [33mplaceholder[39m=[32m"如：我的邮箱"[39m
    [33mvalue[39m=[32m"leave-fixture"[39m
  [36m/>[39m

  Name "":
  [36m<input[39m
    [33mclass[39m=[32m"flex w-full rounded-[7px] px-2.5 py-1 border placeholder:text-[hsl(var(--muted-foreground))] shadow-[inset_0_1px_2px_rgb(15_23_42_/_0.04)] transition-[border-color,box-shadow,background-color] duration-150 ease-[cubic-bezier(0.25,1,0.5,1)] hover:border-[hsl(var(--slate-300))] hover:bg-[hsl(var(--card))] focus-visible:outline-none focus-visible:border-[hsl(var(--brand-500))] focus-visible:bg-[hsl(var(--card))] focus-visible:ring-2 focus-visible:ring-[hsl(var(--brand-500)/0.18)] disabled:cursor-not-allowed disabled:opacity-50 disabled:bg-[hsl(var(--muted))] aria-[invalid=true]:border-[hsl(var(--danger-500))] aria-[invalid=true]:ring-[hsl(var(--danger-500)/0.18)] file:border-0 file:bg-transparent file:text-[12px] file:font-medium file:text-[hsl(var(--foreground))] bg-white text-black border-gray-300 h-8 text-sm mt-1"[39m
    [33mplaceholder[39m=[32m"用途备注"[39m
    [33mvalue[39m=[32m""[39m
  [36m/>[39m

  Name "":
  [36m<input[39m
    [33mclass[39m=[32m"flex rounded-[7px] px-2.5 py-1 border placeholder:text-[hsl(var(--muted-foreground))] shadow-[inset_0_1px_2px_rgb(15_23_42_/_0.04)] transition-[border-color,box-shadow,background-color] duration-150 ease-[cubic-bezier(0.25,1,0.5,1)] hover:border-[hsl(var(--slate-300))] hover:bg-[hsl(var(--card))] focus-visible:outline-none focus-visible:border-[hsl(var(--brand-500))] focus-visible:bg-[hsl(var(--card))] focus-visible:ring-2 focus-visible:ring-[hsl(var(--brand-500)/0.18)] disabled:cursor-not-allowed disabled:opacity-50 disabled:bg-[hsl(var(--muted))] aria-[invalid=true]:border-[hsl(var(--danger-500))] aria-[invalid=true]:ring-[hsl(var(--danger-500)/0.18)] file:border-0 file:bg-transparent file:text-[12px] file:font-medium file:text-[hsl(var(--foreground))] bg-white text-black border-gray-300 h-8 text-sm w-1/3"[39m
    [33mplaceholder[39m=[32m"字段名 如 value/password/api_key"[39m
    [33mvalue[39m=[32m"value"[39m
  [36m/>[39m

  --------------------------------------------------

Ignored nodes: comments, script, style
[36m<body>[39m
  [36m<div />[39m
  [36m<div[39m
    [33mclass[39m=[32m"fixed inset-0 bg-[hsl(217_45%_15%_/_0.55)] backdrop-blur-[3px] flex items-center justify-center p-4 animate-fade-in"[39m
    [33mstyle[39m=[32m"z-index: 2147483646;"[39m
  [36m>[39m
    [36m<div[39m
      [33mclass[39m=[32m"modern-dialog w-full max-w-4xl flex flex-col animate-scale-in-bounce"[39m
      [33mstyle[39m=[32m"max-height: calc(100vh - 32px);"[39m
    [36m>[39m
      [36m<div[39m
        [33mclass[39m=[32m"modern-dialog-header"[39m
      [36m>[39m
        [36m<div[39m
          [33mclass[39m=[32m"modern-dialog-header-icon"[39m
        [36m>[39m
          [36m<svg[39m
            [33maria-hidden[39m=[32m"true"[39m
            [33mclass[39m=[32m"lucide lucide-settings w-5 h-5"[39m
            [33mfill[39m=[32m"none"[39m
            [33mheight[39m=[32m"24"[39m
            [33mstroke[39m=[32m"currentColor"[39m
            [33mstroke-linecap[39m=[32m"round"[39m
            [33mstroke-linejoin[39m=[32m"round"[39m
            [33mstroke-width[39m=[32m"2.2"[39m
            [33mviewBox[39m=[32m"0 0 24 24"[39m
            [33mwidth[39m=[32m"24"[39m
            [33mxmlns[39m=[32m"http://www.w3.org/2000/svg"[39m
          [36m>[39m
            [36m<path[39m
              [33md[39m=[32m"M9.671 4.136a2.34 2.34 0 0 1 4.659 0 2.34 2.34 0 0 0 3.319 1.915 2.34 2.34 0 0 1 2.33 4.033 2.34 2.34 0 0 0 0 3.831 2.34 2.34 0 0 1-2.33 4.033 2.34 2.34 0 0 0-3.319 1.915 2.34 2.34 0 0 1-4.659 0 2.34 2.34 0 0 0-3.32-1.915 2.34 2.34 0 0 1-2.33-4.033 2.34 2.34 0 0 0 0-3.831A2.34 2.34 0 0 1 6.35 6.051a2.34 2.34 0 0 0 3.319-1.915"[39m
            [36m/>[39m
            [36m<circle[39m
              [33mcx[39m=[32m"12"[39m
              [33mcy[39m=[32m"12"[39m
              [33mr[39m=[32m"3"[39m
            [36m/>[39m
          [36m</svg>[39m
        [36m</div>[39m
        [36m<div[39m
          [33mclass[39m=[32m"flex-1"[39m
        [36m>[39m
          [36m<h3[39m
            [33mclass[39m=[32m"modern-dialog-title"[39m
          [36m>[39m
            [0m全局默认配置[0m
          [36m</h3>[39m
          [36m<div[39m
            [33mclass[39m=[32m"modern-dialog-subtitle"[39m
          [36m>[39m
            [0m在这里调整 WebRPA 的工作行为与默认参数[0m
          [36m</div>[39m
        [36m</div>[39m
        [36m<button[39m
          [33mclass[39m=[32m"p-1.5 rounded-[7px] text-[hsl(var(--slate-500))] hover:bg-[hsl(var(--danger-50))] hover:text-[hsl(var(--danger-600))] hover:border-[hsl(var(--danger-500)/0.3)] border border-transparent transition-all duration-150 active:scale-90"[39m
        [36m>[39m
          [36m<svg[39m
            [33maria-hidden[39m=[32m"true"[39m
            [33mclass[39m=[32m"lucide lucide-x w-4 h-4"[39m
            [33mfill[39m=[32m"none"[39m
            [33mheight[39m=[32m"24"[39m
            [33mstroke[39m=[32m"currentColor"[39m
            [33mstroke-linecap[39m=[32m"round"[39m
            [33mstroke-linejoin[39m=[32m"round"[39m
            [33mstroke-width[39m=[32m"2"[39m
            [33mviewBox[39m=[32m"0 0 24 24"[39m
            [33mwidth[39m=[32m"24"[39m
            [33mxmlns[39m=[32m"http://www.w3.org/2000/svg"[39m
          [36m>[39m
            [36m<path[39m
              [33md[39m=[32m"M18 6 6 18"[39m
            [36m/>[39m
            [36m<path[39m
              [33md[39m=[32m"m6 6 12 12"[39m
            [36m/>[39m
          [36m</svg>[39m
        [36m</button>[39m
      [36m</div>[39m
      [36m<div[39m
        [33mclass[39m=[32m"flex flex-1 min-h-0"[39m
      [36m>[39m
        [36m<nav[39m
          [33mclass[39m=[32m"w-44 flex-shrink-0 border-r border-[hsl(var(--border))] bg-[hsl(var(--slate-50)/0.5)] overflow-y-auto p-2 space-y-0.5"[39m
        [36m>[39m
          [36m<button[39m
            [33mclass[39m=[32m"w-full flex items-center gap-2.5 px-2.5 py-2 rounded-[8px] text-[12.5px] font-medium transition-[background-color,color,border-color,box-shadow] duration-150 ease-out border !bg-transparent !text-[hsl(var(--slate-700))] !border-transparent hover:!bg-[hsl(var(--card))] hover:!text-[hsl(var(--brand-700))] hover:!border-[hsl(var(--border))] hover:shadow-xs"[39m
          [36m>[39m
            [36m<span[39m
              [33mclass[39m=[32m"icon-chip icon-chip-brand !w-7 !h-7"[39m
            [36m>[39m
              [36m<svg[39m
                [33maria-hidden[39m=[32m"true"[39m
                [33mclass[39m=[32m"lucide lucide-settings w-3.5 h-3.5"[39m
                [33mfill[39m=[32m"none"[39m
                [33mheight[39m=[32m"24"[39m
                [33mstroke[39m=[32m"currentColor"[39m
                [33mstroke-linecap[39m=[32m"round"[39m
                [33mstroke-linejoin[39m=[32m"round"[39m
                [33mstroke-width[39m=[32m"2"[39m
                [33mviewBox[39m=[32m"0 0 24 24"[39m
                [33mwidth[39m=[32m"24"[39m
                [33mxmlns[39m=[32m"http://www.w3.org/2000/svg"[39m
              [36m>[39m
                [36m<path[39m
                  [33md[39m=[32m"M9.671 4.136a2.34 2.34 0 0 1 4.659 0 2.34 2.34 0 0 0 3.319 1.915 2.34 2.34 0 0 1 2.33 4.033 2.34 2.34 0 0 0 0 3.831 2.34 2.34 0 0 1-2.33 4.033 2.34 2.34 0 0 0-3.319 1.915 2.34 2.34 0 0 1-4.659 0 2.34 2.34 0 0 0-3.32-1.915 2.34 2.34 0 0 1-2.33-4.033 2.34 2.34 0 0 0 0-3.831A2.34 2.34 0 0 1 6.35 6.051a2.34 2.34 0 0 0 3.319-1.915"[39m
                [36m/>[39m
                [36m<circle[39m
                  [33mcx[39m=[32m"12"[39m
                  [33mcy[39m=[32m"12"[39m
                  [33mr[39m=[32m"3"[39m
                [36m/>[39m
              [36m</svg>[39m
            [36m</span>[39m
            [36m<span[39m
              [33mclass[39m=[32m"flex-1 text-left "[39m
            [36m>[39m
              [0m系统[0m
            [36m</span>[39m
          [36m</button>[39m
          [36m<button[39m
            [33mclass[39m=[32m"w-full flex items-center gap-2.5 px-2.5 py-2 rounded-[8px] text-[12.5px] font-medium transition-[background-color,color,border-color,box-shadow] duration-150 ease-out border !bg-transparent !text-[hsl(var(--slate-700))] !border-transparent hover:!bg-[hsl(var(--card))] hover:!text-[hsl(var(--brand-700))] hover:!border-[hsl(var(--border))] hover:shadow-xs"[39m
          [36m>[39m
            [36m<span[39m
              [33mclass[39m=[32m"icon-chip icon-chip-violet !w-7 !h-7"[39m
            [36m>[39m
              [36m<svg[39m
                [33maria-hidden[39m=[32m"true"[39m
                [33mclass[39m=[32m"lucide lucide-brain w-3.5 h-3.5"[39m
                [33mfill[39m=[32m"none"[39m
                [33mheight[39m=[32m"24"[39m
                [33mstroke[39m=[32m"currentColor"[39m
                [33mstrok...
 ❯ Object.getElementError ../../node_modules/@testing-library/dom/dist/config.js:37:19
 ❯ ../../node_modules/@testing-library/dom/dist/query-helpers.js:76:38
 ❯ ../../node_modules/@testing-library/dom/dist/query-helpers.js:52:17
 ❯ ../../node_modules/@testing-library/dom/dist/query-helpers.js:95:19
 ❯ src/renderer/domains/workflows/tests/settings-leave-protection.test.tsx:45:28
     43|   it(`${target}: discard leaves without a write`, async () => {
     44|     await edit()
     45|     fireEvent.click(screen.getByRole('button', { name: target, exact: …
       |                            ^
     46|     const dialog = await screen.findByRole('dialog', { name: '保存凭据编辑？'…
     47|     fireEvent.click(within(dialog).getByRole('button', { name: '放弃修改' …

⎯⎯⎯⎯⎯⎯⎯⎯⎯⎯⎯⎯⎯⎯⎯⎯⎯⎯⎯⎯⎯⎯⎯[9/10]⎯

 FAIL  src/renderer/domains/workflows/tests/settings-leave-protection.test.tsx > failed save prevents leaving and retains the entered value
TestingLibraryElementError: Unable to find role="dialog" and name "保存凭据编辑？"

Ignored nodes: comments, script, style
[36m<body>[39m
  [36m<div />[39m
  [36m<div[39m
    [33mclass[39m=[32m"fixed inset-0 bg-[hsl(217_45%_15%_/_0.55)] backdrop-blur-[3px] flex items-center justify-center p-4 animate-fade-in"[39m
    [33mstyle[39m=[32m"z-index: 2147483646;"[39m
  [36m>[39m
    [36m<div[39m
      [33mclass[39m=[32m"modern-dialog w-full max-w-4xl flex flex-col animate-scale-in-bounce"[39m
      [33mstyle[39m=[32m"max-height: calc(100vh - 32px);"[39m
    [36m>[39m
      [36m<div[39m
        [33mclass[39m=[32m"modern-dialog-header"[39m
      [36m>[39m
        [36m<div[39m
          [33mclass[39m=[32m"modern-dialog-header-icon"[39m
        [36m>[39m
          [36m<svg[39m
            [33maria-hidden[39m=[32m"true"[39m
            [33mclass[39m=[32m"lucide lucide-settings w-5 h-5"[39m
            [33mfill[39m=[32m"none"[39m
            [33mheight[39m=[32m"24"[39m
            [33mstroke[39m=[32m"currentColor"[39m
            [33mstroke-linecap[39m=[32m"round"[39m
            [33mstroke-linejoin[39m=[32m"round"[39m
            [33mstroke-width[39m=[32m"2.2"[39m
            [33mviewBox[39m=[32m"0 0 24 24"[39m
            [33mwidth[39m=[32m"24"[39m
            [33mxmlns[39m=[32m"http://www.w3.org/2000/svg"[39m
          [36m>[39m
            [36m<path[39m
              [33md[39m=[32m"M9.671 4.136a2.34 2.34 0 0 1 4.659 0 2.34 2.34 0 0 0 3.319 1.915 2.34 2.34 0 0 1 2.33 4.033 2.34 2.34 0 0 0 0 3.831 2.34 2.34 0 0 1-2.33 4.033 2.34 2.34 0 0 0-3.319 1.915 2.34 2.34 0 0 1-4.659 0 2.34 2.34 0 0 0-3.32-1.915 2.34 2.34 0 0 1-2.33-4.033 2.34 2.34 0 0 0 0-3.831A2.34 2.34 0 0 1 6.35 6.051a2.34 2.34 0 0 0 3.319-1.915"[39m
            [36m/>[39m
            [36m<circle[39m
              [33mcx[39m=[32m"12"[39m
              [33mcy[39m=[32m"12"[39m
              [33mr[39m=[32m"3"[39m
            [36m/>[39m
          [36m</svg>[39m
        [36m</div>[39m
        [36m<div[39m
          [33mclass[39m=[32m"flex-1"[39m
        [36m>[39m
          [36m<h3[39m
            [33mclass[39m=[32m"modern-dialog-title"[39m
          [36m>[39m
            [0m全局默认配置[0m
          [36m</h3>[39m
          [36m<div[39m
            [33mclass[39m=[32m"modern-dialog-subtitle"[39m
          [36m>[39m
            [0m在这里调整 WebRPA 的工作行为与默认参数[0m
          [36m</div>[39m
        [36m</div>[39m
        [36m<button[39m
          [33mclass[39m=[32m"p-1.5 rounded-[7px] text-[hsl(var(--slate-500))] hover:bg-[hsl(var(--danger-50))] hover:text-[hsl(var(--danger-600))] hover:border-[hsl(var(--danger-500)/0.3)] border border-transparent transition-all duration-150 active:scale-90"[39m
        [36m>[39m
          [36m<svg[39m
            [33maria-hidden[39m=[32m"true"[39m
            [33mclass[39m=[32m"lucide lucide-x w-4 h-4"[39m
            [33mfill[39m=[32m"none"[39m
            [33mheight[39m=[32m"24"[39m
            [33mstroke[39m=[32m"currentColor"[39m
            [33mstroke-linecap[39m=[32m"round"[39m
            [33mstroke-linejoin[39m=[32m"round"[39m
            [33mstroke-width[39m=[32m"2"[39m
            [33mviewBox[39m=[32m"0 0 24 24"[39m
            [33mwidth[39m=[32m"24"[39m
            [33mxmlns[39m=[32m"http://www.w3.org/2000/svg"[39m
          [36m>[39m
            [36m<path[39m
              [33md[39m=[32m"M18 6 6 18"[39m
            [36m/>[39m
            [36m<path[39m
              [33md[39m=[32m"m6 6 12 12"[39m
            [36m/>[39m
          [36m</svg>[39m
        [36m</button>[39m
      [36m</div>[39m
      [36m<div[39m
        [33mclass[39m=[32m"flex flex-1 min-h-0"[39m
      [36m>[39m
        [36m<nav[39m
          [33mclass[39m=[32m"w-44 flex-shrink-0 border-r border-[hsl(var(--border))] bg-[hsl(var(--slate-50)/0.5)] overflow-y-auto p-2 space-y-0.5"[39m
        [36m>[39m
          [36m<button[39m
            [33mclass[39m=[32m"w-full flex items-center gap-2.5 px-2.5 py-2 rounded-[8px] text-[12.5px] font-medium transition-[background-color,color,border-color,box-shadow] duration-150 ease-out border !bg-transparent !text-[hsl(var(--slate-700))] !border-transparent hover:!bg-[hsl(var(--card))] hover:!text-[hsl(var(--brand-700))] hover:!border-[hsl(var(--border))] hover:shadow-xs"[39m
          [36m>[39m
            [36m<span[39m
              [33mclass[39m=[32m"icon-chip icon-chip-brand !w-7 !h-7"[39m
            [36m>[39m
              [36m<svg[39m
                [33maria-hidden[39m=[32m"true"[39m
                [33mclass[39m=[32m"lucide lucide-settings w-3.5 h-3.5"[39m
                [33mfill[39m=[32m"none"[39m
                [33mheight[39m=[32m"24"[39m
                [33mstroke[39m=[32m"currentColor"[39m
                [33mstroke-linecap[39m=[32m"round"[39m
                [33mstroke-linejoin[39m=[32m"round"[39m
                [33mstroke-width[39m=[32m"2"[39m
                [33mviewBox[39m=[32m"0 0 24 24"[39m
                [33mwidth[39m=[32m"24"[39m
                [33mxmlns[39m=[32m"http://www.w3.org/2000/svg"[39m
              [36m>[39m
                [36m<path[39m
                  [33md[39m=[32m"M9.671 4.136a2.34 2.34 0 0 1 4.659 0 2.34 2.34 0 0 0 3.319 1.915 2.34 2.34 0 0 1 2.33 4.033 2.34 2.34 0 0 0 0 3.831 2.34 2.34 0 0 1-2.33 4.033 2.34 2.34 0 0 0-3.319 1.915 2.34 2.34 0 0 1-4.659 0 2.34 2.34 0 0 0-3.32-1.915 2.34 2.34 0 0 1-2.33-4.033 2.34 2.34 0 0 0 0-3.831A2.34 2.34 0 0 1 6.35 6.051a2.34 2.34 0 0 0 3.319-1.915"[39m
                [36m/>[39m
                [36m<circle[39m
                  [33mcx[39m=[32m"12"[39m
                  [33mcy[39m=[32m"12"[39m
                  [33mr[39m=[32m"3"[39m
                [36m/>[39m
              [36m</svg>[39m
            [36m</span>[39m
            [36m<span[39m
              [33mclass[39m=[32m"flex-1 text-left "[39m
            [36m>[39m
              [0m系统[0m
            [36m</span>[39m
          [36m</button>[39m
          [36m<button[39m
            [33mclass[39m=[32m"w-full flex items-center gap-2.5 px-2.5 py-2 rounded-[8px] text-[12.5px] font-medium transition-[background-color,color,border-color,box-shadow] duration-150 ease-out border !bg-transparent !text-[hsl(var(--slate-700))] !border-transparent hover:!bg-[hsl(var(--card))] hover:!text-[hsl(var(--brand-700))] hover:!border-[hsl(var(--border))] hover:shadow-xs"[39m
          [36m>[39m
            [36m<span[39m
              [33mclass[39m=[32m"icon-chip icon-chip-violet !w-7 !h-7"[39m
            [36m>[39m
              [36m<svg[39m
                [33maria-hidden[39m=[32m"true"[39m
                [33mclass[39m=[32m"lucide lucide-brain w-3.5 h-3.5"[39m
                [33mfill[39m=[32m"none"[39m
                [33mheight[39m=[32m"24"[39m
                [33mstroke[39m=[32m"currentColor"[39m
                [33mstrok...

Ignored nodes: comments, script, style
[36m<body>[39m
  [36m<div />[39m
  [36m<div[39m
    [33mclass[39m=[32m"fixed inset-0 bg-[hsl(217_45%_15%_/_0.55)] backdrop-blur-[3px] flex items-center justify-center p-4 animate-fade-in"[39m
    [33mstyle[39m=[32m"z-index: 2147483646;"[39m
  [36m>[39m
    [36m<div[39m
      [33mclass[39m=[32m"modern-dialog w-full max-w-4xl flex flex-col animate-scale-in-bounce"[39m
      [33mstyle[39m=[32m"max-height: calc(100vh - 32px);"[39m
    [36m>[39m
      [36m<div[39m
        [33mclass[39m=[32m"modern-dialog-header"[39m
      [36m>[39m
        [36m<div[39m
          [33mclass[39m=[32m"modern-dialog-header-icon"[39m
        [36m>[39m
          [36m<svg[39m
            [33maria-hidden[39m=[32m"true"[39m
            [33mclass[39m=[32m"lucide lucide-settings w-5 h-5"[39m
            [33mfill[39m=[32m"none"[39m
            [33mheight[39m=[32m"24"[39m
            [33mstroke[39m=[32m"currentColor"[39m
            [33mstroke-linecap[39m=[32m"round"[39m
            [33mstroke-linejoin[39m=[32m"round"[39m
            [33mstroke-width[39m=[32m"2.2"[39m
            [33mviewBox[39m=[32m"0 0 24 24"[39m
            [33mwidth[39m=[32m"24"[39m
            [33mxmlns[39m=[32m"http://www.w3.org/2000/svg"[39m
          [36m>[39m
            [36m<path[39m
              [33md[39m=[32m"M9.671 4.136a2.34 2.34 0 0 1 4.659 0 2.34 2.34 0 0 0 3.319 1.915 2.34 2.34 0 0 1 2.33 4.033 2.34 2.34 0 0 0 0 3.831 2.34 2.34 0 0 1-2.33 4.033 2.34 2.34 0 0 0-3.319 1.915 2.34 2.34 0 0 1-4.659 0 2.34 2.34 0 0 0-3.32-1.915 2.34 2.34 0 0 1-2.33-4.033 2.34 2.34 0 0 0 0-3.831A2.34 2.34 0 0 1 6.35 6.051a2.34 2.34 0 0 0 3.319-1.915"[39m
            [36m/>[39m
            [36m<circle[39m
              [33mcx[39m=[32m"12"[39m
              [33mcy[39m=[32m"12"[39m
              [33mr[39m=[32m"3"[39m
            [36m/>[39m
          [36m</svg>[39m
        [36m</div>[39m
        [36m<div[39m
          [33mclass[39m=[32m"flex-1"[39m
        [36m>[39m
          [36m<h3[39m
            [33mclass[39m=[32m"modern-dialog-title"[39m
          [36m>[39m
            [0m全局默认配置[0m
          [36m</h3>[39m
          [36m<div[39m
            [33mclass[39m=[32m"modern-dialog-subtitle"[39m
          [36m>[39m
            [0m在这里调整 WebRPA 的工作行为与默认参数[0m
          [36m</div>[39m
        [36m</div>[39m
        [36m<button[39m
          [33mclass[39m=[32m"p-1.5 rounded-[7px] text-[hsl(var(--slate-500))] hover:bg-[hsl(var(--danger-50))] hover:text-[hsl(var(--danger-600))] hover:border-[hsl(var(--danger-500)/0.3)] border border-transparent transition-all duration-150 active:scale-90"[39m
        [36m>[39m
          [36m<svg[39m
            [33maria-hidden[39m=[32m"true"[39m
            [33mclass[39m=[32m"lucide lucide-x w-4 h-4"[39m
            [33mfill[39m=[32m"none"[39m
            [33mheight[39m=[32m"24"[39m
            [33mstroke[39m=[32m"currentColor"[39m
            [33mstroke-linecap[39m=[32m"round"[39m
            [33mstroke-linejoin[39m=[32m"round"[39m
            [33mstroke-width[39m=[32m"2"[39m
            [33mviewBox[39m=[32m"0 0 24 24"[39m
            [33mwidth[39m=[32m"24"[39m
            [33mxmlns[39m=[32m"http://www.w3.org/2000/svg"[39m
          [36m>[39m
            [36m<path[39m
              [33md[39m=[32m"M18 6 6 18"[39m
            [36m/>[39m
            [36m<path[39m
              [33md[39m=[32m"m6 6 12 12"[39m
            [36m/>[39m
          [36m</svg>[39m
        [36m</button>[39m
      [36m</div>[39m
      [36m<div[39m
        [33mclass[39m=[32m"flex flex-1 min-h-0"[39m
      [36m>[39m
        [36m<nav[39m
          [33mclass[39m=[32m"w-44 flex-shrink-0 border-r border-[hsl(var(--border))] bg-[hsl(var(--slate-50)/0.5)] overflow-y-auto p-2 space-y-0.5"[39m
        [36m>[39m
          [36m<button[39m
            [33mclass[39m=[32m"w-full flex items-center gap-2.5 px-2.5 py-2 rounded-[8px] text-[12.5px] font-medium transition-[background-color,color,border-color,box-shadow] duration-150 ease-out border !bg-transparent !text-[hsl(var(--slate-700))] !border-transparent hover:!bg-[hsl(var(--card))] hover:!text-[hsl(var(--brand-700))] hover:!border-[hsl(var(--border))] hover:shadow-xs"[39m
          [36m>[39m
            [36m<span[39m
              [33mclass[39m=[32m"icon-chip icon-chip-brand !w-7 !h-7"[39m
            [36m>[39m
              [36m<svg[39m
                [33maria-hidden[39m=[32m"true"[39m
                [33mclass[39m=[32m"lucide lucide-settings w-3.5 h-3.5"[39m
                [33mfill[39m=[32m"none"[39m
                [33mheight[39m=[32m"24"[39m
                [33mstroke[39m=[32m"currentColor"[39m
                [33mstroke-linecap[39m=[32m"round"[39m
                [33mstroke-linejoin[39m=[32m"round"[39m
                [33mstroke-width[39m=[32m"2"[39m
                [33mviewBox[39m=[32m"0 0 24 24"[39m
                [33mwidth[39m=[32m"24"[39m
                [33mxmlns[39m=[32m"http://www.w3.org/2000/svg"[39m
              [36m>[39m
                [36m<path[39m
                  [33md[39m=[32m"M9.671 4.136a2.34 2.34 0 0 1 4.659 0 2.34 2.34 0 0 0 3.319 1.915 2.34 2.34 0 0 1 2.33 4.033 2.34 2.34 0 0 0 0 3.831 2.34 2.34 0 0 1-2.33 4.033 2.34 2.34 0 0 0-3.319 1.915 2.34 2.34 0 0 1-4.659 0 2.34 2.34 0 0 0-3.32-1.915 2.34 2.34 0 0 1-2.33-4.033 2.34 2.34 0 0 0 0-3.831A2.34 2.34 0 0 1 6.35 6.051a2.34 2.34 0 0 0 3.319-1.915"[39m
                [36m/>[39m
                [36m<circle[39m
                  [33mcx[39m=[32m"12"[39m
                  [33mcy[39m=[32m"12"[39m
                  [33mr[39m=[32m"3"[39m
                [36m/>[39m
              [36m</svg>[39m
            [36m</span>[39m
            [36m<span[39m
              [33mclass[39m=[32m"flex-1 text-left "[39m
            [36m>[39m
              [0m系统[0m
            [36m</span>[39m
          [36m</button>[39m
          [36m<button[39m
            [33mclass[39m=[32m"w-full flex items-center gap-2.5 px-2.5 py-2 rounded-[8px] text-[12.5px] font-medium transition-[background-color,color,border-color,box-shadow] duration-150 ease-out border !bg-transparent !text-[hsl(var(--slate-700))] !border-transparent hover:!bg-[hsl(var(--card))] hover:!text-[hsl(var(--brand-700))] hover:!border-[hsl(var(--border))] hover:shadow-xs"[39m
          [36m>[39m
            [36m<span[39m
              [33mclass[39m=[32m"icon-chip icon-chip-violet !w-7 !h-7"[39m
            [36m>[39m
              [36m<svg[39m
                [33maria-hidden[39m=[32m"true"[39m
                [33mclass[39m=[32m"lucide lucide-brain w-3.5 h-3.5"[39m
                [33mfill[39m=[32m"none"[39m
                [33mheight[39m=[32m"24"[39m
                [33mstroke[39m=[32m"currentColor"[39m
                [33mstrok...
 ❯ waitForWrapper ../../node_modules/@testing-library/dom/dist/wait-for.js:163:27
 ❯ ../../node_modules/@testing-library/dom/dist/query-helpers.js:86:33
 ❯ src/renderer/domains/workflows/tests/settings-leave-protection.test.tsx:60:41
     58|   try {
     59|     fireEvent.click(screen.getByRole('button', { name: '完成保存' }))
     60|     fireEvent.click(within(await screen.findByRole('dialog', { name: '…
       |                                         ^
     61|     await screen.findByText('保存失败：不可写')
     62|     expect(close).not.toHaveBeenCalled()

⎯⎯⎯⎯⎯⎯⎯⎯⎯⎯⎯⎯⎯⎯⎯⎯⎯⎯⎯⎯⎯⎯[10/10]⎯


 Test Files  1 failed (1)
      Tests  10 failed | 1 passed (11)
   Start at  14:06:53
   Duration  10.10s (transform 477ms, setup 131ms, import 713ms, tests 8.57s, environment 579ms)

npm error Lifecycle script `test` failed with error:
npm error code 1
npm error path /Users/zhangtiancheng/Documents/projects/autoflow/apps/desktop
npm error workspace @autoflow/desktop@0.1.0
npm error location /Users/zhangtiancheng/Documents/projects/autoflow/apps/desktop
npm error command failed
npm error command sh -c vitest run --maxWorkers=1 src/renderer/domains/workflows/tests/settings-leave-protection.test.tsx
